folder_name,image_count,first_image,cam_id,event_datetime,contexto,pessoas,comportamentos,label,avaliacao,scenario_type,real,predict
event_20250402_133726_41ca0095,8,motion_detected_with_yolo/event_20250402_133726_41ca0095/0001_6890_20250219_153816_frame_20250402_133726_000010.jpg,6890,2025-02-19 15:38:16,"Ambiente interno durante o dia, com iluminação natural adequada. A área externa visualizada é uma garagem ou estacionamento coberto.",Uma pessoa detectada nas proximidades de um carro. Dois veículos visíveis na garagem.,A pessoa é vista caminhando e passando perto de um carro. Não há indicação de tentativa de entrada ou comportamento claramente suspeito.,"""person 0.78"" e ""train 0.49"" em alguns frames.","**Não**, a presença na garagem pode ser legítima, sem comportamentos de risco evidentes.",camera_analyzer_prompt_external_street,False,False
event_20250402_142333_c72d52a0,9,motion_detected_with_yolo/event_20250402_142333_c72d52a0/0001_6890_20250219_153905_frame_20250402_142332_000010.jpg,6890,2025-02-19 15:39:05,"Estacionamento, dia, área coberta.",Duas pessoas próximas a veículos.,"Movimentação normal, sem sinais de tentativa de acesso não autorizado ou comportamento suspeito.","""Camera 03""","**Não**, comportamento sem risco aparente.",camera_analyzer_prompt_external_street,False,False
event_20250408_154828_92f9ba46,3,motion_detected_with_yolo/event_20250408_154828_92f9ba46/0000_stand_20250408_154828_frame.jpg,stand,2025-04-08 15:48:28,"Ambiente interno, bem iluminado, parece uma loja com exibição de produtos na parede.","Uma pessoa visível, andando pela área, olhando para os itens expostos.","A pessoa está se movendo lentamente pelo corredor, observando produtos. Não há ações de risco visíveis.","CAM 1, data e hora no canto superior.","**Não**, apenas comportamento padrão de cliente observando produtos.",camera_analyzer_prompt_external_street,False,False
event_20250403_113340_c77d7f02,6,motion_detected_with_yolo/event_20250403_113340_c77d7f02/0001_7647_20250307_134155_frame_20250403_113340_000088.jpg,7647,2025-03-07 13:41:55,"Ambiente externo, cena diurna com boa iluminação, localizada em uma rua residencial.","Três carros visíveis, um em movimento na direção da câmera e dois estacionados na via. Não há pessoas visíveis na cena.",Nenhum comportamento suspeito ou de risco observável. Carros estão se movendo e estacionados de maneira comum.,intelbras,"**Não**, não há ações que indiquem risco de segurança.",camera_analyzer_prompt_external_street,False,False
event_20250410_145304_58dfd8c0,15,motion_detected_with_yolo/event_20250410_145304_58dfd8c0/0000_climbing-wall_20250410_145304_frame.jpg,climbing-wall,2025-04-10 14:53:04,Ambiente interno com vista para área externa privada. É noite e a iluminação é boa. A área visualizada parece ser um corredor lateral ou frente de imóvel com grama e calçada.,Uma pessoa detectada. A pessoa aparece pulando o portão e adentrando a propriedade.,Ação de pular o portão à noite indica tentativa de invasão ou acesso indevido à propriedade.,Intelbras,"**Sim**, a ação de pular o portão classifica o risco como alto, sugerindo uma tentativa de invasão ou comportamento suspeito.",camera_analyzer_prompt_external_street,True,True
event_20250408_154827_75a2a6c1,5,motion_detected_with_yolo/event_20250408_154827_75a2a6c1/0000_walk_20250408_154827_frame.jpg,walk,2025-04-08 15:48:27,"Ambiente interno com boa iluminação, provavelmente uma loja ou área de vendas com exposição de produtos na parede.",Aproximadamente duas pessoas. Uma pessoa está vestindo um colete refletivo e parece estar caminhando ao longo de uma parede com produtos.,A pessoa observada não demonstra comportamentos suspeitos claros nas imagens fornecidas. Está apenas caminhando e olhando os produtos.,CAM 1,"**Não**, não há sinais de risco aparente nas imagens analisadas.",camera_analyzer_prompt_external_street,True,False
event_20250402_142629_1e214b45,16,motion_detected_with_yolo/event_20250402_142629_1e214b45/0001_6888_20250219_153904_frame_20250402_142629_000001.jpg,6888,2025-02-19 15:39:04,"Elevador interno, iluminação clara, provavelmente em um prédio residencial ou comercial.","Duas pessoas são visíveis. A primeira manipula objetos no chão, aparentemente não estava forçando nada nem mostrando ações suspeitas. A segunda pessoa entra e também interage com um dos objetos.","Nenhum comportamento agressivo ou suspeito foi observado. As pessoas não tentaram cobrir o rosto ou desviar da câmera. Aparentemente, apenas moveram objetos (parecem itens pessoais).","""Camera 96"" visível em várias imagens.","**Não**, pois não há ações que indiquem risco à segurança ou ao patrimônio.",camera_analyzer_prompt_external_street,False,False
event_20250408_154827_fbf1558e,3,motion_detected_with_yolo/event_20250408_154827_fbf1558e/0000_lying_down_20250408_154827_frame.jpg,lying,,"Ambiente interno, bem iluminado, parece ser uma loja.",Aproximadamente três pessoas visíveis; duas no fundo parecem estar próximas ao caixa ou balcão.,Nenhum comportamento suspeito aparente; as pessoas parecem estar em atividades normais de compra ou atendimento.,"Presença de marca d'água com data e canal ""CH8"".","**Não**, não há indicadores de comportamento de risco.",camera_analyzer_prompt_external_street,True,False
event_20250403_102654_82623f65,6,motion_detected_with_yolo/event_20250403_102654_82623f65/0001_17204_20250307_002852_frame_20250403_102654_000004.jpg,17204,2025-03-07 00:28:52,"Ambiente externo, à noite, com iluminação artificial. Local é uma calçada/estacionamento frontal próximo a uma rua.",Não há pessoas visíveis. Um veículo em movimento com faróis acesos aparece brevemente e se afasta.,Nenhuma atividade suspeita aparente.,"Intelbras, FRENTE L.D.","**Não**, nenhuma atividade suspeita identificada.",camera_analyzer_prompt_external_street,False,False
event_20250403_112220_0f05ffe1,6,motion_detected_with_yolo/event_20250403_112220_0f05ffe1/0001_6993_20250307_101724_frame_20250403_112220_000094.jpg,6993,2025-03-07 10:17:24,"Ambiente semiaberto, dia, iluminação clara. Visão de jardim ou área lateral com vegetação.",Nenhuma pessoa ou veículo visível.,"Nenhum comportamento de risco observado, apenas plantas visíveis.","""Camera: 10""","**Não**, sem atividade suspeita visível.",camera_analyzer_prompt_external_street,False,False
event_20250403_110345_d4895a53,40,motion_detected_with_yolo/event_20250403_110345_d4895a53/0001_6984_20250307_101724_frame_20250403_110345_000092.jpg,6984,2025-03-07 10:17:24,"Ambiente externo durante o dia, com boa iluminação. Localização em frente a um estacionamento com vista para a rua.","Vários carros passam pela rua. Um ônibus aparece em alguns frames, e eventualmente uma pessoa é vista andando.",Não há comportamentos suspeitos evidentes. Os veículos estão apenas circulando pela rua. A pessoa vista não apresenta ações suspeitas.,"""Camera 01"", ""03-07-2023"", com caixa de identificação de objetos como ""car"" e ""person"".","**Não**, devido à falta de sinais objetivos de comportamento de risco.",camera_analyzer_prompt_external_street,False,False
event_20250402_140834_8e7ff747,6,motion_detected_with_yolo/event_20250402_140834_8e7ff747/0001_6883_20250219_153816_frame_20250402_140834_000092.jpg,6883,2025-02-19 15:38:16,"Ambiente externo, dia, iluminação clara. Local parece ser uma rua residencial com calçada e árvores.",Presença de um veículo passando na rua. Não há pessoas visíveis nas proximidades.,Nenhum comportamento suspeito observado. O veículo apenas passa pela rua sem parar ou reduzir velocidade de forma incomum.,"""Camera 01"", marca d'água visível.","**Não**, não há sinais de risco observáveis nesta sequência de imagens.",camera_analyzer_prompt_external_street,False,False
event_20250403_110902_b869b941,44,motion_detected_with_yolo/event_20250403_110902_b869b941/0001_6994_20250307_101724_frame_20250403_110902_000092.jpg,6994,2025-03-07 10:17:24,"Ambiente externo durante o dia, com boa iluminação. A cena ocorre em uma área de estacionamento frontal próximo a uma rua.","- Inicialmente, há duas pessoas passando pela calçada sem comportamento suspeito.
  - Em seguida, aparecem diversos carros transitando pela rua.
  - Algumas motocicletas passam rapidamente.
  - Veículos, incluindo um ônibus, passam pela área sem reduzir a velocidade ou parar de forma suspeita.","- Não há evidências de tentativas de manipulação de entradas, permanência prolongada na área, ou qualquer comportamento que sugira ameaça à segurança no local.","""Camera 11"", data e hora visíveis.","**Não**, não há comportamentos suspeitos observáveis nas imagens analisadas.",camera_analyzer_prompt_external_street,False,False
event_20250403_110529_22a621b0,11,motion_detected_with_yolo/event_20250403_110529_22a621b0/0001_6985_20250307_101724_frame_20250403_110529_000039.jpg,6985,2025-03-07 10:17:24,"Ambiente externo durante o dia, com boa iluminação. Localizado em uma rua residencial próxima a um estacionamento frontal.",Aproximadamente um carro visível na maioria dos frames e uma pessoa identificada em um dos frames.,Nenhum comportamento de risco evidente. O carro está se movendo pela rua e a pessoa apenas passa por um dos frames sem mostrar comportamento suspeito.,"""car"" e ""person"" visíveis nas imagens.","**Não**, não há sinais objetivos de comportamento suspeito ou de risco na sequência de imagens.",camera_analyzer_prompt_external_street,False,False
event_20250410_145302_70a01170,11,motion_detected_with_yolo/event_20250410_145302_70a01170/0000_altercation_20250410_145302_frame.jpg,altercation,2025-04-10 14:53:02,"Ambiente externo durante a noite, no pátio de um posto de gasolina. A iluminação parece suficiente para visibilidade.","Observam-se cerca de cinco pessoas próximas a um veículo branco parado no local. Dois indivíduos estão nas proximidades de algumas mesas, e um dos indivíduos parece estar apontando algo. Há também duas motocicletas e pelo menos um carro adicional interagindo na cena.","- Um indivíduo está apontando na direção dos outros, o que pode sugerir uma ameaça.
  - A presença de motocicletas paradas e a interação próxima aos veículos podem indicar um comportamento suspeito, principalmente durante a noite.","""27/07/2018 21:34"" visível nas imagens.","**Sim**, devido à postura possivelmente ameaçadora e ao contexto noturno em um posto de gasolina, associado a movimentação e proximidade de motocicletas, que podem indicar risco de segurança.",camera_analyzer_prompt_external_street,True,True
event_20250408_154826_a42130eb,3,motion_detected_with_yolo/event_20250408_154826_a42130eb/0000_lying_down_20250408_154826_frame.jpg,lying,,"Ambiente externo durante o dia, com boa iluminação. A cena ocorre em uma rua residencial ou estacionamento frontal.",Dois indivíduos envolvidos em queda de motocicleta. Há vários carros estacionados.,A queda pode indicar um acidente ou tentativa de manobra em velocidade inadequada. Não há sinais claros de intenção criminosa imediata.,"@1stMrC, detecções de veículos e pessoas.","**Não**, parece ser um acidente sem indícios de ação criminosa.",camera_analyzer_prompt_external_street,True,False
event_20250410_145302_1de172a2,9,motion_detected_with_yolo/event_20250410_145302_1de172a2/0000_robbery_20250410_145302_frame.jpg,robbery,2025-04-10 14:53:02,"Ambiente interno com vista para área de entrada/salida, provavelmente um portão de garagem. Dia, com boa iluminação natural.","Duas pessoas inicialmente sobre motocicletas, que parecem ter sofrido uma queda próxima ao portão. Posteriormente, uma terceira pessoa aparece na cena.",As duas pessoas caindo das motocicletas em frente ao portão pode indicar tentativa de acesso indevido ou acidente. A aproximação e interação com o portão em um contexto que aparenta ser de movimentação rápida e inusual é um indicativo de risco.,"""Datenaoficial""","**Sim**, a queda das motocicletas e a interação das pessoas próximas ao portão em circunstâncias incomuns pode indicar um risco potencial.",camera_analyzer_prompt_external_street,True,True
event_20250403_092022_f63db61a,34,motion_detected_with_yolo/event_20250403_092022_f63db61a/0001_55406_20250302_230353_frame_20250403_092017_000043.jpg,55406,2025-03-02 23:03:53,"Ambiente externo, noite, com iluminação de postes de rua. A cena se passa em uma rua residencial com calçada e portão de entrada.",Diversas pessoas caminhando na calçada. Dois carros estacionados e outros veículos passando pela rua ocasionalmente. Uma motocicleta passa em frente à propriedade.,"- Não há pessoas manipulando entradas ou portões.
  - Não há permanência prolongada ou repetição suspeita de veículos em frente ao imóvel.
  - Não foram observadas motocicletas paradas com ocupantes observando o imóvel.
  - Nenhuma ação coordenada ou uso de vestimentas suspeitas foi identificada.","Tempo e data no canto superior esquerdo, ""Câmera 01"" no canto inferior direito.","**Não**, não há comportamentos objetivamente suspeitos observados que sugerem risco de segurança na sequência de imagens analisada.",camera_analyzer_prompt_external_street,False,False
event_20250408_154826_7490d4e4,2,motion_detected_with_yolo/event_20250408_154826_7490d4e4/0000_lying_down_20250408_154826_frame.jpg,lying,,"Área externa durante o dia, com boa iluminação, localizado em frente a uma casa com jardim e calçada.",Um indivíduo está brincando em uma pequena piscina montável no jardim. Três carros estacionados ou transitando na rua.,"Nenhum comportamento de risco aparente, apenas atividades recreativas.","""FAILARMY ULTIMATE SECURITY CAMERA FAILS""","**Não**, atividade lúdica sem sinais de comportamento suspeito.",camera_analyzer_prompt_external_street,True,False
event_20250403_110825_c72ce50a,21,motion_detected_with_yolo/event_20250403_110825_c72ce50a/0001_6994_20250307_101724_frame_20250403_110825_000056.jpg,6994,2025-03-07 10:17:24,Área externa privada durante o dia com boa iluminação. O ambiente parece ser um estacionamento ou pátio ao lado de um prédio.,"Inicialmente, vários veículos são vistos transitando pela rua. Depois, uma pessoa aparece na calçada ao lado da área externa.","A pessoa na calçada pode ser observada, mas não está em uma posição aparentemente suspeita. Não há interação direta com a propriedade.","Car, Truck, Person","**Não**, pois não há ações suspeitas ou tentativas de acesso à área privada observadas.",camera_analyzer_prompt_external_street,False,False
event_20250403_115614_921a5ad2,8,motion_detected_with_yolo/event_20250403_115614_921a5ad2/0001_7639_20250307_134155_frame_20250403_115614_000028.jpg,7639,2025-03-07 13:41:55,"- Ambiente externo.
  - Dia, com boa iluminação.
  - Rua residencial em frente a um imóvel.","- Vários veículos estacionados e em movimento na rua.
  - Carro branco estacionado ao lado do imóvel.
  - Outro carro movendo-se pela rua.","- Veículo branco permanecendo parado próximo ao imóvel, mas sem ação suspeita visível.
  - Sem evidência de comportamentos arriscados ou pessoas fora do comum.","- ""frente direita""
  - ""intelbras""","- **Não**, não há comportamento suspeito aparente.",camera_analyzer_prompt_external_street,False,False
event_20250408_154827_a5c783c9,3,motion_detected_with_yolo/event_20250408_154827_a5c783c9/0000_sit_20250408_154827_frame.jpg,sit,2025-04-08 15:48:27,"Ambiente interno, bem iluminado, possivelmente uma sala de tribunal.",Cinco pessoas sentadas em uma mesa ou próximas; as ações incluem discussão ou conversa.,"Nenhuma ação de risco aparente observada, como agressão ou roubo.",Nenhum.,"**Não**, nenhuma atividade suspeita ou risco aparente observado.",camera_analyzer_prompt_external_street,True,False
event_20250408_154827_20d6eb21,5,motion_detected_with_yolo/event_20250408_154827_20d6eb21/0000_hit_20250408_154827_frame.jpg,hit,2025-04-08 15:48:27,"Ambiente externo, durante a noite, iluminado por luzes artificiais. Cena em uma rua com calçada e entrada de imóvel.","Aproximadamente cinco pessoas e um carro visível. Motocicletas paradas, pessoas próximas a elas, carro com porta aberta.","Alta concentração de pessoas ao redor de motocicletas e veículo parado com portas abertas. Possível sinal de atividade suspeita ou abordagem de segurança, dado o ambiente noturno e a atividade incomum.","Data e hora visível: ""2013-03-23 00:02:13"" até ""00:02:16"".","**Sim**, comportamento suspeito envolvendo pessoas e veículos estáticos à noite em frente a imóvel, sugerindo possível risco de segurança.",camera_analyzer_prompt_external_street,True,True
event_20250403_110951_999c970a,21,motion_detected_with_yolo/event_20250403_110951_999c970a/0001_6994_20250307_101724_frame_20250403_110947_000137.jpg,6994,2025-03-07 10:17:24,"Ambiente externo, durante o dia, com boa iluminação. A cena ocorre em frente a um portão em uma calçada de rua residencial.","- Uma pessoa inicialmente andando na calçada e depois saindo de cena.
  - Vários carros passam na rua, sem reduzir a velocidade ou parar.","- Nenhum comportamento suspeito detectado na sequência: a pessoa apenas passa pela calçada, não há tentativa de manipular o portão ou observar a propriedade. Os veículos mantêm movimento normal na rua.","Data e hora visíveis nas imagens das câmeras, ""Camera 11""","**Não**, não há sinais de risco, pois a pessoa na calçada não demonstrou interesse no imóvel e os veículos não exibiram comportamento suspeito.",camera_analyzer_prompt_external_street,False,False
event_20250410_145303_c8185c7c,8,motion_detected_with_yolo/event_20250410_145303_c8185c7c/0000_robbery_20250410_145303_frame.jpg,robbery,2025-04-10 14:53:03,"Ambiente externo durante o dia com iluminação natural. O local aparenta ser a entrada de uma propriedade, com fachada e acesso por um caminho de terra.","Há duas pessoas próximas à entrada do imóvel e um carro estacionado. Uma terceira pessoa chega ao local e interage com um dos indivíduos. A terceira pessoa parece se equipar ou ajustar algum objeto próximo à entrada, possivelmente uma moto (apenas o carro está visível).","Um dos indivíduos está usando um capacete, o que é comum ao utilizar motocicletas. O comportamento parece ser de interação normal, sem sinais visíveis de tentar forçar entrada ou agir de forma suspeita.",Carros e pessoas estão rotulados nas imagens.,"**Não**, com base no comportamento observado, não há sinais evidentes de risco. As ações parecem normais e não demonstram intenção negativa.",camera_analyzer_prompt_external_street,True,False
event_20250410_145304_a69efbc6,5,motion_detected_with_yolo/event_20250410_145304_a69efbc6/0000_break-in_20250410_145304_frame.jpg,break-in,2025-04-10 14:53:04,"Área externa durante a noite, iluminação moderada. Cena em frente a um portão de entrada.",Aproximadamente cinco pessoas próximas ao portão e um veículo estacionado ao fundo.,"Nenhum comportamento visível de risco, pessoas parecem interagir normalmente próximas ao portão.","Presença de rótulos indicando ""car"" e ""truck"".","**Não**, não há sinais imediatos de risco na cena observada.",camera_analyzer_prompt_external_street,True,False
event_20250408_154827_5dbc25b2,5,motion_detected_with_yolo/event_20250408_154827_5dbc25b2/0000_hit_20250408_154827_frame.jpg,hit,2025-04-08 15:48:27,"Ambiente externo durante o dia, visibilidade clara com boa iluminação. Cena se passa em uma rua residencial com calçada.","Aproximadamente seis pessoas estão visíveis, com uma motocicleta presente. Algumas pessoas estão próximas à motocicleta, enquanto outras parecem observar ao redor.","Uma pessoa em pé ao lado de uma motocicleta. As outras pessoas estão paradas próximas, uma delas observa o entorno. Essa situação pode indicar comportamento suspeito, especialmente envolvendo a motocicleta. Não há tentativa de manipular entradas visível.","""Shared by HOI GÀ MY MIỀN NAM""","**Sim**, o grupo próximo à motocicleta e observando o entorno pode indicar um risco potencial, embora não sejam observadas ações agressivas ou invasivas.",camera_analyzer_prompt_external_street,True,True
event_20250408_154828_05caaa12,2,motion_detected_with_yolo/event_20250408_154828_05caaa12/0000_throw_20250408_154828_frame.jpg,throw,2025-04-08 15:48:28,Ambiente externo durante o dia com boa iluminação. Cena captada em uma rua residencial.,Aproximadamente quatro carros visíveis. Uma pessoa está próxima a um carro característico de polícia.,"A pessoa está próxima ao carro de polícia, pode estar tentando abrir ou interagir de forma não usual com o veículo.","""ERIN LESLIE"", texto explicativo na parte inferior da segunda imagem.","**Sim**, dado o comportamento suspeito próximo ao carro de polícia.",camera_analyzer_prompt_external_street,True,True
event_20250403_111752_4930dd6b,10,motion_detected_with_yolo/event_20250403_111752_4930dd6b/0001_6990_20250307_101724_frame_20250403_111751_000141.jpg,6990,2025-03-07 10:17:24,"Ambiente interno, bem iluminado, provavelmente uma recepção ou sala de espera.","Uma pessoa visível, parece estar manipulando itens em um balcão.",Não há ações visivelmente suspeitas ou agressivas nas imagens. A pessoa permanece no local sem sinais de comportamento de risco.,"Data e hora visíveis na tela (03-07-2023, Sex 07).","**Não**, a pessoa está apenas manipulando objetos sem sinais de intenções hostis ou suspeitas.",camera_analyzer_prompt_external_street,False,False
event_20250402_140721_e4453231,12,motion_detected_with_yolo/event_20250402_140721_e4453231/0001_6883_20250219_153816_frame_20250402_140721_000021.jpg,6883,2025-02-19 15:38:16,"- Ambiente externo
  - Dia, boa iluminação
  - Rua residencial, calçada, próximo a uma árvore","- Aproximadamente duas pessoas visíveis ao longo da sequência
  - Um carro estacionado visível na calçada","- Um indivíduo caminha pela calçada, não há qualquer tentativa de interferência no veículo ou no imóvel
  - Nenhuma ação suspeita visível, como manipulação de entradas ou comportamento hesitante",Nenhum,"**Não**, não há comportamentos ou sinais de risco observáveis.",camera_analyzer_prompt_external_street,False,False
event_20250410_145302_a6bcedf2,24,motion_detected_with_yolo/event_20250410_145302_a6bcedf2/0000_robbery_20250410_145302_frame.jpg,robbery,2025-04-10 14:53:02,Ambiente externo durante o dia com iluminação clara. Cena em uma calçada com um muro laranja ao lado.,Aproximadamente duas pessoas próximas a uma motocicleta na calçada. Ambas usam capacete. Uma terceira pessoa está ao lado e parece estar manipulando outra motocicleta.,"A proximidade e manipulação da motocicleta em uma posição constante na calçada pode ser vista como suspeita. A presença de duas ou mais pessoas junto a motocicletas, com capacetes, pode indicar uma possível tentativa de furto ou ação coordenada.","""Intelbras"" está visível no canto da imagem.","**Sim**, devido à presença e comportamento suspeito de múltiplas pessoas manipulando motocicletas, especialmente em um contexto de segurança urbana no Brasil.",camera_analyzer_prompt_external_street,True,True
event_20250410_145303_28abe440,5,motion_detected_with_yolo/event_20250410_145303_28abe440/0000_robbery_20250410_145303_frame.jpg,robbery,2025-04-10 14:53:03,"O ambiente é um corredor lateral externo, possivelmente de acesso a veículos, com muros cobertos por vegetação. A cena ocorre durante o dia, com iluminação adequada.","Quatro motocicletas estão entrando pelo portão, cada uma com um piloto. Uma pessoa adicional é vista correndo, aparentando movimentação anormal ou de emergência.","A presença múltipla de motocicletas entrando rapidamente e a pessoa correndo pode indicar uma situação de risco, possivelmente uma tentativa de invasão ou fuga.","Texto ""BRASÍLIA 22°C"" visível.","**Sim**, a situação sugere risco elevado devido ao comportamento coordenado dos veículos, associado à movimentação rápida da pessoa.",camera_analyzer_prompt_external_street,True,True
event_20250408_154830_a2a34495,5,motion_detected_with_yolo/event_20250408_154830_a2a34495/0000_sneak_20250408_154830_frame.jpg,sneak,2025-04-08 15:48:30,"Ambiente externo à noite, com iluminação baixa. A cena parece ser em frente a um portão ou entrada, possivelmente residencial.",Há uma pessoa e uma motocicleta visíveis na cena.,"A pessoa parece estar manipulando algo próximo ao portão. A presença de uma motocicleta posicionada, possivelmente para uma rápida saída, pode indicar comportamento suspeito.",Nenhum,"**Sim**, a presença e ações da pessoa junto à motocicleta, especialmente à noite, sugerem um risco potencial.",camera_analyzer_prompt_external_street,True,True
event_20250408_154830_d10056f5,5,motion_detected_with_yolo/event_20250408_154830_d10056f5/0000_sneak_20250408_154830_frame.jpg,sneak,2025-04-08 15:48:30,"Ambiente externo à noite, com iluminação artificial mínima. Local parece ser um estacionamento frontal ou área de entrada com veículos presentes.","Três pessoas visíveis, todas usando vestimentas escuras com capuz. Dois veículos estão próximos; um deles parece ser um grande caminhão utilitário.",As pessoas estão agachadas e manipulando algo próximo aos veículos. A presença de capuzes à noite e a posição agachada sugere comportamento suspeito.,"Texto visível na parte superior esquerda: ""1. CAM1"", e data/tempo na parte inferior.","**Sim**, comportamentos indicam risco por estarem manipulando veículos ou instalações em situação suspeita, possivelmente tentando algo ilícito.",camera_analyzer_prompt_external_street,True,True
event_20250403_113729_6e0a44fe,6,motion_detected_with_yolo/event_20250403_113729_6e0a44fe/0001_7645_20250307_134155_frame_20250403_113729_000004.jpg,7645,2025-03-07 13:41:55,"Ambiente externo durante o dia, com boa iluminação. A área parece ser um quintal ou entrada, visível através de uma câmera apontando para um portão de entrada.",Nenhuma pessoa ou veículo observados nas imagens.,Nenhum comportamento suspeito ou sinal de risco visível.,"""Intelbras"" e ""Portao entrada"".","**Não**, nenhuma atividade suspeita observada.",camera_analyzer_prompt_external_street,False,False
event_20250408_154827_550cbaa0,2,motion_detected_with_yolo/event_20250408_154827_550cbaa0/0000_walk_20250408_154827_frame.jpg,walk,2025-04-08 15:48:27,"Ambiente interno, dia, loja ou escritório com balcão de atendimento.",Duas pessoas próximas ao balcão de atendimento.,"Uma pessoa atrás do balcão, outra na frente interagindo. Possível tentativa de roubo ou comportamento suspeito devido à posição atrás do balcão.","""LiveLeak"", marcações de detecção de pessoa e probabilidade.","**Sim**, a posição das pessoas pode indicar um risco de segurança se não forem funcionários ou clientes autorizados.",camera_analyzer_prompt_external_street,True,True
event_20250408_154828_2b362832,3,motion_detected_with_yolo/event_20250408_154828_2b362832/0000_fall_20250408_154828_frame.jpg,fall,2025-04-08 15:48:28,"Ambiente interno com iluminação artificial, possivelmente noturna. Entrada de um prédio visível através de portas de vidro.",Três pessoas presentes. Uma delas está correndo em direção à saída enquanto as outras duas parecem estar interagindo próximo à entrada.,"Uma pessoa está correndo de forma agitada em direção à saída, o que pode indicar uma situação de alarme ou pânico. As outras duas pessoas estão próximas à entrada, não exibindo sinais imediatos de risco.",Nenhum,"**Sim**, devido à ação de uma pessoa correndo rapidamente em um local de entrada/saída, o que pode indicar uma situação urgente.",camera_analyzer_prompt_external_street,True,True
event_20250403_101251_f265bb7e,16,motion_detected_with_yolo/event_20250403_101251_f265bb7e/0001_17201_20250307_002851_frame_20250403_101250_000102.jpg,17201,2025-03-07 00:28:51,"O ambiente é externo, durante a noite, com iluminação artificial presente. A cena ocorre em uma calçada ao lado de uma rua.","Aproximadamente um veículo (possivelmente uma motocicleta) que se aproxima e em seguida se afasta, conforme o brilho das luzes aumenta e diminui.","Não há sinais visíveis de pessoas, apenas o brilho de luzes que poderia sugerir um veículo transitando. Não há comportamentos de risco claros nas imagens analisadas.","""Frente,L,E"" e uma marca d'água da data e hora são visíveis.","**Não**, pois não há comportamentos suspeitos ou de risco identificados nas imagens. Apenas o passagem de um veículo é observada.",camera_analyzer_prompt_external_street,False,False
event_20250403_110712_5aa7d505,21,motion_detected_with_yolo/event_20250403_110712_5aa7d505/0001_6985_20250307_101724_frame_20250403_110706_000134.jpg,6985,2025-03-07 10:17:24,"Ambiente externo, durante o dia, com boa iluminação. Cena em rua residencial em frente a um imóvel, com calçada e portão visíveis.","Aproximadamente uma pessoa e múltiplos veículos. A pessoa se move na calçada, enquanto vários carros passam pela rua.","Nenhum comportamento de risco aparente. A pessoa está apenas caminhando, e os veículos seguem pela rua sem indicar comportamento suspeito.","""Camera 02"" e ""Camera 11"" visíveis.","**Não**, não há sinais de comportamento suspeito ou de risco observados.",camera_analyzer_prompt_external_street,False,False
event_20250410_145303_7f97b2f6,25,motion_detected_with_yolo/event_20250410_145303_7f97b2f6/0000_robbery_20250410_145303_frame.jpg,robbery,2025-04-10 14:53:03,"Ambiente externo em um posto de gasolina durante o dia, com boa iluminação.","- Um carro cinza estacionado próximo a uma bomba de gasolina.
  - Três pessoas próximas ao veículo, duas delas com comportamento aparentemente agressivo.","- As duas pessoas próximas ao carro estão usando capuzes e parecem estar em um possível assalto, uma delas apontando o que parece ser uma arma.
  - A terceira pessoa parece estar reagindo ou sendo intimidada, com as mãos levantadas.","""canal uol""","**Sim**, comportamento agressivo e intimidador que indica uma situação de alto risco.",camera_analyzer_prompt_external_street,True,True
event_20250408_154828_7e69c268,3,motion_detected_with_yolo/event_20250408_154828_7e69c268/0000_throw_20250408_154828_frame.jpg,throw,2025-04-08 15:48:28,"Ambiente interno, bem iluminado, provavelmente uma loja ou recepção.",Três pessoas visíveis. Dois parecem estar em uma situação de atendimento e uma provavelmente é atendente. Não há sinais claros de atividade suspeita.,Nenhuma ação de risco aparente é observada. As pessoas parecem envolvidas em interações normais de loja ou recepção.,"""Problem Solving""","**Não**, as pessoas estão em interações regulares sem sinais de comportamento suspeito.",camera_analyzer_prompt_external_street,True,False
event_20250408_154829_ae55aced,5,motion_detected_with_yolo/event_20250408_154829_ae55aced/0000_struggle_20250408_154829_frame.jpg,struggle,2025-04-08 15:48:29,"Ambiente interno, iluminação diurna, parece ser uma sala com uma cama.","Duas pessoas no local. Uma parece estar atacando a outra, com ações físicas agressivas visíveis.","Contato físico agressivo entre as duas pessoas, situação de potencial violência.","""WE WANT MORE FACTS"" visível.","**Sim**, devido à presença de ações agressivas que indicam risco físico.",camera_analyzer_prompt_external_street,True,True
event_20250408_154826_22dc91e2,3,motion_detected_with_yolo/event_20250408_154826_22dc91e2/0000_kick_20250408_154826_frame.jpg,kick,2025-04-08 15:48:26,"Ambiente interno, academia, iluminação adequada para exercício físico.","Duas pessoas. Uma pessoa está carregando outra em uma posição incomum, movendo-se rapidamente.","Ação aparentemente descontrolada de carregar uma pessoa e cair, potencial risco de lesão.",@BAHIJKADDOURA,"**Sim**, comportamento pode levar a lesões e indicações de falta de controle/supervisão no ambiente.",camera_analyzer_prompt_external_street,True,True
event_20250403_110809_e9b8e587,11,motion_detected_with_yolo/event_20250403_110809_e9b8e587/0001_6994_20250307_101724_frame_20250403_110809_000040.jpg,6994,2025-03-07 10:17:24,"Dia, iluminação natural clara, cena em frente a um estacionamento lateral à rua.","Um carro visível passando pela rua, sem pessoas claramente discerníveis na cena.","Nenhum comportamento suspeito observado. O carro apenas passa, sem reduzir a velocidade de forma suspeita ou parar.",Carro com detecção na imagem.,"**Não**, nenhum comportamento de risco observado.",camera_analyzer_prompt_external_street,False,False
event_20250408_154826_0a85b8b5,4,motion_detected_with_yolo/event_20250408_154826_0a85b8b5/0000_grab_20250408_154826_frame.jpg,grab,2025-04-08 15:48:26,"Ambiente interno, boa iluminação, possivelmente uma sala de armazenamento ou oficina.","Duas pessoas presentes. Uma próxima a uma porta e outra mais afastada, conversando.",Nenhum comportamento de risco visível. As pessoas parecem estar conversando ou passando tempo no local.,"""person"" com valores de confiança visíveis nas imagens.","**Não**, sem sinais de comportamento suspeito ou de risco.",camera_analyzer_prompt_external_street,True,False
event_20250403_091404_c34755c2,22,motion_detected_with_yolo/event_20250403_091404_c34755c2/0001_55410_20250302_230353_frame_20250403_091404_000146.jpg,55410,2025-03-02 23:03:53,"Ambiente externo durante a noite com iluminação de rua. A cena ocorre em frente a um portão de entrada de uma propriedade, localizado na calçada de uma rua movimentada.","Não há pessoas visíveis nas imagens. Veículos, incluindo motocicletas, passam pela rua, mas sem parar ou demonstrar comportamento suspeito próximo à propriedade.","Não foram observados comportamentos de risco, como tentativa de manipular as entradas, permanência prolongada, ou circulação lenta e repetida. Os veículos, incluindo motocicletas, apenas passaram pela rua sem diminuir a velocidade ou parar.","Câmera 06 e Câmera 03 são visíveis nas imagens, juntamente com a data e a hora.","**Não**, não há sinais de risco aparente nas imagens. Os veículos passam regularmente e não demonstram comportamento suspeito relativo à segurança da propriedade.",camera_analyzer_prompt_external_street,False,False
event_20250403_110744_338b958b,15,motion_detected_with_yolo/event_20250403_110744_338b958b/0001_6994_20250307_101724_frame_20250403_110744_000016.jpg,6994,2025-03-07 10:17:24,"Ambiente semiaberto com visão para uma área externa privada, possivelmente um estacionamento ou pátio lateral. Dia, com boa iluminação natural.","Vários veículos, incluindo carros e uma motocicleta, são vistos passando à frente da câmera, na rua adjacente ao local.","Nenhum comportamento suspeito visível. Apenas tráfego de veículos na rua, sem interação ou movimentação para dentro da área privada.","Camera 11, data e hora visíveis.","**Não**, apenas tráfego normal de veículos em uma rua adjacente.",camera_analyzer_prompt_external_street,False,False
event_20250403_103057_3dd4eced,7,motion_detected_with_yolo/event_20250403_103057_3dd4eced/0001_17205_20250307_002852_frame_20250403_103057_000088.jpg,17205,2025-03-07 00:28:52,"- Ambiente externo à noite.
  - Iluminação artificial presente.
  - Local da cena: área aberta sem muitas características distintas, possivelmente um pátio ou estacionamento.","- Uma pessoa estava presente ao longo da sequência.
  - Não há veículos visíveis próximos à pessoa.","- A pessoa parece estar caminhando, mas não há sinais claros de comportamento suspeito ou associado a risco, como tentativa de entrada forçada ou permanência prolongada.","- L.D. Fundos, Intelbras (visível nas imagens).","- **Não**, não há comportamentos de risco claros observáveis na sequência apresentada.",camera_analyzer_prompt_external_street,False,False
event_20250408_154829_43c0b5c1,2,motion_detected_with_yolo/event_20250408_154829_43c0b5c1/0000_struggle_20250408_154829_frame.jpg,struggle,2025-04-08 15:48:29,"Ambiente externo durante o dia, boa iluminação, em frente a um portão de entrada próximo à rua.","Três pessoas presentes, uma delas agachada próxima ao portão.","Uma pessoa está agachada perto do portão, sugerindo possível manipulação. As outras duas estão caminhando nas proximidades.","""Camera 1""","**Sim**, a ação de uma pessoa agachada junto ao portão pode indicar tentativa de invasão ou manipulação não autorizada.",camera_analyzer_prompt_external_street,True,True
event_20250410_145304_211eddc9,11,motion_detected_with_yolo/event_20250410_145304_211eddc9/0000_climbing-wall_20250410_145304_frame.jpg,climbing-wall,2025-04-10 14:53:04,"Ambiente externo durante o dia, com iluminação suficiente. Cena capturada em uma rua residencial com calçada e portões de entrada visíveis.","- Um indivíduo é visto escalando e pulando o portão de uma residência.
  - Uma motocicleta está estacionada do outro lado da rua, há um ocupante visível.","- A ação de pular o portão indica uma possível tentativa de invasão.
  - A motocicleta estacionada com ocupante pode estar prestando suporte ou atuando como vigia.","Marca d'água ""infoclo"" no canto superior esquerdo e marcação de ""motorcycle"" com a confiança exibida.","**Sim**, o comportamento do indivíduo escalando o portão é um forte indicativo de tentativa de invasão, associado à presença da motocicleta.",camera_analyzer_prompt_external_street,True,True
event_20250408_154829_68936014,4,motion_detected_with_yolo/event_20250408_154829_68936014/0000_sneak_20250408_154829_frame.jpg,sneak,2025-04-08 15:48:29,"Ambiente interno, provavelmente uma sala de estar. Iluminação noturna por infravermelho.",Aproximadamente duas pessoas se movendo agachadas.,"Pessoas em movimento agachadas, o que indica tentativa de furtividade. Potencial comportamento de risco.",Nenhum,"**Sim**, pessoas se movendo de forma furtiva podem indicar tentativa de furto.",camera_analyzer_prompt_external_street,True,True
event_20250402_140812_81b82a7a,7,motion_detected_with_yolo/event_20250402_140812_81b82a7a/0001_6883_20250219_153816_frame_20250402_140808_000066.jpg,6883,2025-02-19 15:38:16,"Ambiente externo durante o dia, com boa iluminação. Localização parece ser uma rua residencial com calçada e árvores.",Um carro passando e uma pessoa caminhando na calçada.,Não há comportamentos visuais associados a risco. O carro está em movimento normal e a pessoa caminha pela calçada.,"""car"" na primeira imagem e ""person"" na sexta imagem.","**Não**, não há comportamentos suspeitos ou arriscados observados.",camera_analyzer_prompt_external_street,False,False
event_20250403_115819_956b2299,14,motion_detected_with_yolo/event_20250403_115819_956b2299/0001_7639_20250307_134155_frame_20250403_115805_000137.jpg,7639,2025-03-07 13:41:55,"Ambiente externo durante o dia, iluminação clara. A cena ocorre em uma rua residencial, com calçada e estacionamento frontal visíveis.","Há vários carros passando na rua, um está consistentemente estacionado na lateral. Observa-se também, em alguns frames, uma pessoa caminhando na calçada.",Não há sinais objetivos de comportamento de risco. Os veículos estão em movimento constante e uma pessoa caminha pela calçada. Nenhuma circulação incomum ou comportamento suspeito é evidente.,"""intelbras"", horário e data visível.","**Não**, não há comportamentos suspeitos ou que representem risco potencial à segurança observados na sequência de imagens.",camera_analyzer_prompt_external_street,False,False
event_20250410_145304_b48dca52,10,motion_detected_with_yolo/event_20250410_145304_b48dca52/0000_break-in_20250410_145304_frame.jpg,break-in,2025-04-10 14:53:04,"Ambiente interno de loja com vista para área externa privada. Condição noturna, com iluminação artificial. Área visualizada parece ser uma entrada ou vitrine de loja.",Uma pessoa vista se movendo rapidamente ao redor da entrada.,"A pessoa parece estar tentando quebrar ou forçar a entrada da loja, o que indica uma tentativa de invasão ou furto.","#BalancoGeralSE, horário e data visíveis.","**Sim**, ações indicam tentativa clara de invasão, representando alto risco de segurança.",camera_analyzer_prompt_external_street,True,True
event_20250402_142524_574db192,16,motion_detected_with_yolo/event_20250402_142524_574db192/0001_6884_20250219_153816_frame_20250402_142514_000083.jpg,6884,2025-02-19 15:38:16,Rua residencial durante o dia com boa iluminação.,Um carro circulando na rua. Não há pessoas visíveis.,"O carro está se movendo ao longo da rua, sem sinais claros de comportamento suspeito.","Detecção de ""car"" com valores de confiança variáveis.","**Não**, não há comportamentos de risco observáveis.",camera_analyzer_prompt_external_street,False,False
event_20250403_113354_c8cf51c7,14,motion_detected_with_yolo/event_20250403_113354_c8cf51c7/0001_7647_20250307_134155_frame_20250403_113347_000095.jpg,7647,2025-03-07 13:41:55,"Ambiente externo durante o dia, com boa iluminação. A cena ocorre em uma rua residencial, com calçadas e veículos estacionados.",Há um carro em movimento na rua e outro veículo estacionado ao fundo. Não há pessoas visivelmente presentes nas imagens.,Não há sinais claros de risco. O veículo em movimento parece estar apenas passando pela rua sem ações suspeitas.,"Intelbras, data e hora (marcas d'água visíveis).","**Não**, não há comportamentos suspeitos ou anômalos observáveis na sequência de imagens.",camera_analyzer_prompt_external_street,False,False
event_20250402_164111_69dfa316,7,motion_detected_with_yolo/event_20250402_164111_69dfa316/0001_18250_20250228_124222_frame_20250402_164111_000068.jpg,18250,2025-02-28 12:42:22,Ambiente externo durante o dia com boa iluminação. A cena ocorre em um estacionamento frontal.,"Aproximadamente dois veículos estacionados. O primeiro veículo identificado como carro, e o segundo inicialmente como caminhonete e depois também como carro. Não há pessoas visíveis nas imagens.",Não há sinais objetivos de comportamento de risco. Os veículos permanecem estacionados e não há movimento suspeito.,RACK-P2 ZONA:01,"**Não**, não há comportamentos observáveis que sugiram risco nesta sequência de imagens.",camera_analyzer_prompt_external_street,False,False
event_20250403_091224_4da7849c,71,motion_detected_with_yolo/event_20250403_091224_4da7849c/0001_55410_20250302_230353_frame_20250403_091221_000046.jpg,55410,2025-03-02 23:03:53,"Ambiente externo noturno com boa iluminação de rua. Localização em frente a um portão de entrada, em uma rua residencial ou comercial.",Aproximadamente uma pessoa vista entrando no portão e um carro branco repetidamente passando e parando próximo ao portão.,"O carro branco circula e para diversas vezes próximo ao portão, comportamento que poderia indicar vigilância ou monitoramento do local.","""Camera 05"" visível no canto inferior direito.","**Sim**, devido ao comportamento do veículo que parece monitorar ou observar o local repetidamente, o que pode representar um risco potencial à segurança.",camera_analyzer_prompt_external_street,False,True
event_20250402_150700_3c793a13,24,motion_detected_with_yolo/event_20250402_150700_3c793a13/0001_40427_20250221_185342_frame_20250402_150655_000004.jpg,40427,2025-02-21 18:53:42,"Ambiente externo durante o dia, com boa iluminação. A cena está localizada em uma rua residencial com calçada visível.",Há pelo menos três pessoas e várias motos. Um carro estacionado está sendo observado e uma moto com dois ocupantes está circulando perto do veículo estacionado. Uma pessoa passa caminhando pela calçada.,"- A presença de uma moto com dois ocupantes circulando repetidamente.
  - A moto está próxima do carro estacionado, o que pode indicar observação do imóvel ou do veículo.","""car"" e ""person"" visíveis nas imagens.","**Sim**, devido ao comportamento potencialmente suspeito da motocicleta com dois ocupantes próximos ao veículo estacionado, o que pode representar risco à segurança.",camera_analyzer_prompt_external_street,False,True
event_20250402_171319_5435f854,7,motion_detected_with_yolo/event_20250402_171319_5435f854/0001_4990_20250228_161321_frame_20250402_171318_000023.jpg,4990,2025-02-28 16:13:21,"Ambiente externo durante o dia, com boa iluminação. A cena é uma calçada em frente a um portão de entrada residencial.","Uma pessoa em frente ao imóvel, próxima a um carro identificado na imagem.","- Não há sinais claros de comportamento suspeito. A pessoa está parada próxima ao carro, mas não há indicações de manuseio de portão ou outro comportamento de risco.","""Camera 04"", ""car 0.58""","**Não**, não há comportamentos observáveis indicando risco na sequência apresentada.",camera_analyzer_prompt_external_street,False,False
event_20250408_154826_76dbc5b4,5,motion_detected_with_yolo/event_20250408_154826_76dbc5b4/0000_grab_20250408_154826_frame.jpg,grab,2025-04-08 15:48:26,"Ambiente interno, bem iluminado, tipo loja.","Aproximadamente três pessoas visíveis. Duas interagindo no balcão, uma em segundo plano se aproximando.","Nenhum comportamento de risco aparente, já que as ações parecem ser uma interação normal no balcão.","""clock 0.44"", ""clock 0.58"", ""person 0.56"", ""person 0.50""","**Não**, sem sinais visuais de comportamento suspeito ou ações de risco.",camera_analyzer_prompt_external_street,True,False
event_20250402_140451_25399fec,9,motion_detected_with_yolo/event_20250402_140451_25399fec/0001_6896_20250219_153816_frame_20250402_140451_000082.jpg,6896,2025-02-19 15:38:16,"Área interna com vista para saída de garagem. Iluminação diurna, boa visibilidade. Tipo da área: garagem com acesso à rua.",Um veículo é observado saindo da garagem e se afastando.,Nenhum comportamento suspeito. O veículo sai da garagem de maneira normal.,"""Camera 14""","**Não**, saída de veículo padrão sem indícios de risco.",camera_analyzer_prompt_external_street,False,False
event_20250408_154828_fe8760c3,4,motion_detected_with_yolo/event_20250408_154828_fe8760c3/0000_gun_20250408_154828_frame.jpg,gun,2025-04-08 15:48:28,"Ambiente externo à noite, em frente a uma loja iluminada. A cena ocorre na calçada ao lado de um carro estacionado.",Duas pessoas visíveis próximas à entrada da loja. Um carro está estacionado bem próximo à entrada.,"Uma das pessoas parece estar entrando ou saindo da loja. Nenhum comportamento de risco evidente, como tentativa de forçar entrada ou comportamento suspeito do veículo.","""Camera8""","**Não**, sem sinais objetivos de comportamento suspeito ou de risco.",camera_analyzer_prompt_external_street,True,False
event_20250402_150632_eb875975,6,motion_detected_with_yolo/event_20250402_150632_eb875975/0001_40426_20250221_185342_frame_20250402_150632_000001.jpg,40426,2025-02-21 18:53:42,"Ambiente externo ou semiaberto durante o dia, com boa iluminação. A área parece ser um corredor lateral com acesso restrito, protegido por um portão.",Não há pessoas visíveis nas imagens.,Portão permanece fechado durante toda a sequência; não há sinais de tentativa de entrada.,"""Channel 05"" e texto no canto superior esquerdo com data/hora.","**Não**, nenhuma atividade suspeita ou presença não autorizada aparente.",camera_analyzer_prompt_external_street,False,False
event_20250408_154828_6ca93aa5,3,motion_detected_with_yolo/event_20250408_154828_6ca93aa5/0000_gun_20250408_154828_frame.jpg,gun,2025-04-08 15:48:28,"Ambiente externo, provavelmente durante o dia, com boa iluminação. Local parece ser uma área aberta com vegetação ao fundo, possivelmente um estacionamento ou rua lateral.","Cerca de três veículos visíveis (dois carros e uma caminhonete). Um indivíduo está fora de um dos veículos, possivelmente realizando gestos.","A pessoa fora do veículo parece estar em posição de atenção ou direção (talvez apontando, mas não é claro o suficiente).",MAINE AG'S OFFICE,"**Sim**, devido à presença de um indivíduo fora do veículo aparentando gesticular, o que pode indicar uma interação ou abordagem, mas o contexto não é totalmente claro.",camera_analyzer_prompt_external_street,True,True
event_20250403_102825_0ffbeda4,6,motion_detected_with_yolo/event_20250403_102825_0ffbeda4/0001_17204_20250307_002852_frame_20250403_102824_000093.jpg,17204,2025-03-07 00:28:52,Ambiente externo à noite com iluminação limitada. A cena se passa em uma calçada ao lado de uma rua.,Não há pessoas nem veículos visíveis nas imagens.,"Não há comportamentos ou sinais de risco observáveis. O objeto ""fire hydrant"" parece ser uma identificação incorreta de um saco ou cobertura inerte.","Intelbras, data e hora, FRENTE L.D.","**Não**, não há indícios de risco ou atividade suspeita nas imagens.",camera_analyzer_prompt_external_street,False,False
event_20250410_145303_26161e43,33,motion_detected_with_yolo/event_20250410_145303_26161e43/0000_robbery_20250410_145303_frame.jpg,robbery,2025-04-10 14:53:03,"Ambiente externo; dia, com iluminação natural; rua residencial com calçada e estacionamento frontal.",Aproximadamente três veículos identificados (dois carros e uma caminhonete) e duas pessoas visíveis.,Uma pessoa passa ao lado dos veículos estacionados e parece estar observando o imóvel por um curto período de tempo antes de seguir em frente.,2019-05-16_08:09:26,"**Não**, embora a pessoa pareça olhar para o imóvel, não há comportamento prolongado ou suspeito suficiente para sugerir risco.",camera_analyzer_prompt_external_street,True,False
event_20250410_145303_22890143,7,motion_detected_with_yolo/event_20250410_145303_22890143/0000_robbery_20250410_145303_frame.jpg,robbery,2025-04-10 14:53:03,"Ambiente interno de uma farmácia ou loja de conveniência, iluminação artificial, horário noturno.",Aproximadamente duas pessoas visíveis em algumas imagens. Uma delas encapuzada e parece estar ajustando o capuz de um moletom.,"Uma pessoa está cobrindo parcialmente o rosto ao notar a presença da câmera. Movimentação potencialmente suspeita, associada a tentativas de mascarar a identidade.",PRIMEROJORNAL,"**Sim**, devido ao comportamento de cobrir o rosto, que pode indicar intenção de esconder a identidade, aliado ao horário e natureza do ambiente.",camera_analyzer_prompt_external_street,True,True
event_20250403_110435_2ec98035,18,motion_detected_with_yolo/event_20250403_110435_2ec98035/0001_6984_20250307_101724_frame_20250403_110430_000136.jpg,6984,2025-03-07 10:17:24,"Ambiente externo durante o dia, com boa iluminação natural. A cena ocorre em uma rua residencial, próxima a um estacionamento frontal.","Vários veículos, incluindo carros e uma motocicleta, se movimentam pela rua. Uma pessoa é vista passando pela calçada perto do estacionamento.",Não há comportamentos diretamente associados a risco visível. A motocicleta passa rapidamente e não apresenta sinais como redução de velocidade ou parada prolongada.,"""Camera: 01"", ""Camera: 02""","**Não**, a cena mostra atividades normais de trânsito e pedestres sem comportamentos suspeitos associados a risco.",camera_analyzer_prompt_external_street,False,False
event_20250410_145304_84c6a861,9,motion_detected_with_yolo/event_20250410_145304_84c6a861/0000_break-in_20250410_145304_frame.jpg,break-in,2025-04-10 14:53:04,Ambiente interno com iluminação noturna (câmera com visão noturna); porta ou área de saída para possível pátio externo.,Duas pessoas próximas à porta de saída.,Presença de pessoas em horário incomum (04:42 da manhã) junto a uma saída; possível tentativa de entrada.,Data e hora visíveis no canto superior esquerdo.,"**Sim**, devido ao horário e localização das pessoas próximo à saída.",camera_analyzer_prompt_external_street,True,True
event_20250408_154827_bcf6e29e,3,motion_detected_with_yolo/event_20250408_154827_bcf6e29e/0000_hit_20250408_154827_frame.jpg,hit,2025-04-08 15:48:27,"Ambiente interno, aparentemente bem iluminado, possivelmente uma loja ou mercado.","Aproximadamente três pessoas visíveis, envolvidas em uma ação que parece ser física ou agressiva.","Pessoas se engajando em um confronto físico. Barris ou cestos de loja estão caídos, indicando desordem ou movimento brusco.","Car 0.47, Car 0.54, Person 0.70, Suitcase 0.48.","**Sim**, devido ao confronto físico entre pessoas e desordem no ambiente.",camera_analyzer_prompt_external_street,True,True
event_20250403_110546_a69dc7b4,20,motion_detected_with_yolo/event_20250403_110546_a69dc7b4/0001_6985_20250307_101724_frame_20250403_110546_000055.jpg,6985,2025-03-07 10:17:24,"Ambiente externo durante o dia, com boa iluminação. A cena ocorre em uma rua residencial com uma fachada e calçada visíveis.",Há vários carros passando na rua e uma motocicleta aparece rapidamente na cena. Uma pessoa é vista caminhando na calçada em direção oposta aos veículos.,"Não há sinais claros de riscos de segurança. Os veículos estão em movimento contínuo, sem paradas suspeitas. A pessoa observada caminha normalmente.","Presença de textos indicando ""car"" e ""motorcycle"" com probabilidades associadas.","**Não**, a cena não apresenta comportamentos de risco evidentes.",camera_analyzer_prompt_external_street,False,False
event_20250410_145301_4de8a0e3,23,motion_detected_with_yolo/event_20250410_145301_4de8a0e3/0000_burglary_20250410_145301_frame.jpg,burglary,2025-04-10 14:53:01,"Ambiente interno, iluminação noturna com câmera de visão noturna, possível escritório ou sala de reunião.",Aproximadamente duas pessoas. Elas estão carregando objetos e mexendo em um armário ou mesa.,"Pessoas carregando objetos grandes, movimentando-os rapidamente de um lado para outro. Uma delas utilizando lanterna, possivelmente para evitar a iluminação principal.","Timestamp visível (""13/01/2018 01:05:48"") e identificação de objetos como ""chair"" e ""laptop"".","**Sim**, há sinais de comportamento suspeito, como movimentação de objetos e ações aparentes relacionadas a invasão ou furto.",camera_analyzer_prompt_external_street,True,True
event_20250402_152207_a112c0ac,9,motion_detected_with_yolo/event_20250402_152207_a112c0ac/0001_10774_20250228_101013_frame_20250402_152207_000018.jpg,10774,2025-02-28 10:10:13,"Estacionamento coberto em ambiente interno, com iluminação diurna adequada. Área de estacionamento para veículos.",Uma pessoa entrando por uma porta. Dois veículos estacionados visíveis.,"Um indivíduo entra por uma porta do estacionamento. Isto não aparenta um comportamento de risco, já que não há tentativa de forçar entrada ou ações suspeitas.",Camera: 05,"**Não**, o comportamento observado não indica risco. A pessoa está apenas entrando no prédio.",camera_analyzer_prompt_external_street,False,False
event_20250408_154828_98b432bf,1,motion_detected_with_yolo/event_20250408_154828_98b432bf/0000_gun_20250408_154828_frame.jpg,gun,2025-04-08 15:48:28,"Rua externa, à noite, iluminação parece fraca.","Uma pessoa visível, vestida de branco.",A pessoa está usando um capuz. A imagem sugere que pode estar tentando manipular algo.,Nenhum,"**Sim**, a presença de capuz e possível manipulação sugerem risco.",camera_analyzer_prompt_external_street,True,True
event_20250410_145304_31ef96d4,8,motion_detected_with_yolo/event_20250410_145304_31ef96d4/0000_break-in_20250410_145304_frame.jpg,break-in,2025-04-10 14:53:04,"Ambiente interno, iluminação noturna (provável uso de visão noturna), tipo do local parece ser uma sala de convivência ou área de alimentação.","Duas pessoas presentes, ambas usando boné e mochila.","As duas pessoas estão movendo-se cautelosamente pelo ambiente. A presença noturna e discreta das pessoas, além das mochilas grandes, sugere movimentação não autorizada.","""#DomingoEspetacular"", data e hora visíveis.","**Sim**, presença de duas pessoas em comportamento suspeito, aparentemente em horário e situação não usuais.",camera_analyzer_prompt_external_street,True,True
event_20250408_154826_d9cb453c,5,motion_detected_with_yolo/event_20250408_154826_d9cb453c/0000_grab_20250408_154826_frame.jpg,grab,2025-04-08 15:48:26,"Ambiente externo, durante a noite; local parece ser uma rua residencial.",Aproximadamente duas pessoas visíveis perto de um veículo parado.,Pessoas interagindo com o porta-malas do veículo. O uso de capuz à noite pode ser considerado suspeito.,"""motorcycle 0.47"" e ""person"" aparecem nas imagens.","**Sim**, pessoas mexendo no veículo podem indicar atividade suspeita, especialmente à noite.",camera_analyzer_prompt_external_street,True,True
event_20250403_113241_df74149a,10,motion_detected_with_yolo/event_20250403_113241_df74149a/0001_7647_20250307_134155_frame_20250403_113241_000030.jpg,7647,2025-03-07 13:41:55,"Ambiente externo durante o dia, com boa iluminação. A cena ocorre em uma rua residencial com calçada visível.",Dois carros são visíveis nas imagens. Um carro está estacionado à frente e outro parece estar se movendo lentamente na rua.,"Não há comportamentos suspeitos evidentes, como tentativas de forçar entradas ou permanência prolongada em frente ao imóvel. Carros não mostram sinais de redução suspeita de velocidade ou estacionamento incomum.","""intelbras"" e ""frente esquerda""","**Não**, não há sinais aparentes de comportamento que indiquem risco.",camera_analyzer_prompt_external_street,False,False
event_20250402_153119_5e731392,9,motion_detected_with_yolo/event_20250402_153119_5e731392/0001_10785_20250228_101013_frame_20250402_153119_000089.jpg,10785,2025-02-28 10:10:13,"Ambiente externo durante o dia, mas as imagens estão distorcidas com má qualidade. Presença de árvores e cerca visível, possivelmente em uma rua ou calçada.","Uma possível pessoa andando ao fundo, mas a imagem não é clara.",A qualidade da imagem não permite identificar comportamentos precisos.,"""Camera 16"" e ""NO VIDEO"".","**Não**, devido à falta de clareza e evidências visíveis na imagem.",camera_analyzer_prompt_external_street,False,False
event_20250410_145302_abaccd09,24,motion_detected_with_yolo/event_20250410_145302_abaccd09/0000_robbery_20250410_145302_frame.jpg,robbery,2025-04-10 14:53:02,"Ambiente externo à noite, com iluminação suficiente para visibilidade. A cena ocorre em uma rua residencial.","Um carro está parado próximo ao meio-fio. Pelo menos uma pessoa é visível, cruzando a rua e se aproximando do veículo.","Um veículo está parado próximo a um imóvel, com as luzes acesas. Uma pessoa aproxima-se do carro, o que pode ser considerado suspeito dependendo do contexto (possível tentativa de entrar no veículo, mas não fica claro se é uma situação consensual ou forçada).",Nenhum,"**Sim**, o comportamento do veículo parado e a movimentação da pessoa ao redor do carro sugere uma situação que requer atenção, especialmente se for uma área onde esses comportamentos não são comuns.",camera_analyzer_prompt_external_street,True,True
event_20250402_153028_6d75d183,7,motion_detected_with_yolo/event_20250402_153028_6d75d183/0001_10785_20250228_101013_frame_20250402_153028_000040.jpg,10785,2025-02-28 10:10:13,"Ambiente externo, provavelmente de manhã, com iluminação suficiente. Local da cena aparenta ser um corredor externo ao lado de um prédio, com vista para o fundo de uma praia ou parque com árvores.",Nenhuma pessoa ou veículo visível nas imagens.,Não há comportamentos de risco observáveis nas imagens apresentadas.,"""NO VIDEO"" visível no último frame.","**Não**, nenhuma atividade suspeita foi identificada nas imagens disponíveis.",camera_analyzer_prompt_external_street,False,False
event_20250403_091207_eb29739f,9,motion_detected_with_yolo/event_20250403_091207_eb29739f/0001_55410_20250302_230353_frame_20250403_091207_000032.jpg,55410,2025-03-02 23:03:53,"Ambiente externo à noite, com boa iluminação. A cena mostra um portão de entrada de uma residência ou estabelecimento, localizado próximo à calçada e rua.","Há dois veículos visíveis na rua, um deles em movimento. Não há pessoas visíveis próximas ao portão ou exibindo comportamentos suspeitos aparentes.","Nenhum comportamento de risco identificado, como tentativas de manipulação de fechaduras, presença prolongada, ou movimentos suspeitos. Os veículos parecem estar em trajetória normal.","Data e hora visíveis (03-02-2025, 20:03:18/20:03:34), ""Camera 06"".","**Não**, não há sinais objetivos de risco nas imagens observadas.",camera_analyzer_prompt_external_street,False,False
event_20250403_091347_31d8b0de,9,motion_detected_with_yolo/event_20250403_091347_31d8b0de/0001_55410_20250302_230353_frame_20250403_091347_000129.jpg,55410,2025-03-02 23:03:53,Ambiente interno com vista para área externa privada. A iluminação indica que é noite. Tipo da área visualizada: entrada com portão voltado para a rua.,Há um veículo estacionado ou parado próximo ao portão.,"O veículo está próximo ao portão, mas não há interação visível com a área externa.","""Camera 05"" e marcação de tempo no canto superior esquerdo.","**Não**, não há comportamentos suspeitos além da presença do veículo próximo ao portão, o que pode ser normal dependendo do contexto.",camera_analyzer_prompt_external_street,False,False
event_20250408_154828_00fee1e5,2,motion_detected_with_yolo/event_20250408_154828_00fee1e5/0000_fall_20250408_154828_frame.jpg,fall,2025-04-08 15:48:28,Ambiente interno com vista para uma área externa frontal (possivelmente varanda). Cenário de dia com boa iluminação. Área visualizada é um jardim/entrada de casa.,Duas pessoas na área da varanda em movimento de entrada ou saída.,Presença normal de pessoas em área de entrada; sem sinais de comportamento suspeito.,"""FAILARMY ULTIMATE SECURITY CAMERA FAILS""","**Não**, sem comportamento suspeito aparente.",camera_analyzer_prompt_external_street,True,False
event_20250408_154829_617a7b45,4,motion_detected_with_yolo/event_20250408_154829_617a7b45/0000_struggle_20250408_154829_frame.jpg,struggle,2025-04-08 15:48:29,Área externa em uma rua residencial durante o dia com boa iluminação.,"Seis carros estacionados e um em movimento. Três pessoas próximas aos veículos à esquerda, duas delas próximas a uma motocicleta.","Um indivíduo parece abordar o outro de maneira agressiva perto dos carros, e há uma interação física. A presença da motocicleta com dois ocupantes próximos ao imóvel e a interação física sugerem uma situação potencialmente agressiva.",News Dog Media,"**Sim**, devido ao comportamento agressivo e interação física envolvendo os indivíduos perto da motocicleta, o que pode indicar um confronto ou tentativa de assalto.",camera_analyzer_prompt_external_street,True,True
event_20250402_171342_cc7e5892,6,motion_detected_with_yolo/event_20250402_171342_cc7e5892/0001_4990_20250228_161321_frame_20250402_171342_000046.jpg,4990,2025-02-28 16:13:21,Ambiente externo. Dia com boa iluminação. Local parece ser uma rua residencial com calçada e vegetação.,Um veículo estacionado visível. Não há pessoas perceptíveis próximas à entrada ou portão.,Nenhum comportamento suspeito ou sinais de risco detectados nas imagens.,"Data e hora na parte superior e ""Camera 04"" no canto inferior direito.","**Não**, nenhuma atividade suspeita ou risco aparente identificado nas imagens mostradas.",camera_analyzer_prompt_external_street,False,False
event_20250403_091742_afe052f2,35,motion_detected_with_yolo/event_20250403_091742_afe052f2/0001_55407_20250302_230353_frame_20250403_091735_000041.jpg,55407,2025-03-02 23:03:53,Área interna com vista para uma área externa privada. O ambiente parece ser um quintal com cadeiras. A iluminação indica que é noite.,Aproximadamente quatro pessoas são vistas caminhando na calçada do lado de fora do portão. Não há interação direta com a área interna. Veículos também estão circulando na rua em frente.,As pessoas estão apenas caminhando na calçada sem mostrar interesse ou tentar acessar a propriedade. Não há sinais de comportamento suspeito em relação ao imóvel monitorado.,"Algumas imagens têm texto indicando ""camera"" e ""person"".","**Não**, as ações observadas não indicam risco à segurança da propriedade.",camera_analyzer_prompt_external_street,False,False
event_20250402_154309_d17a8c21,6,motion_detected_with_yolo/event_20250402_154309_d17a8c21/0001_10771_20250228_101013_frame_20250402_154309_000007.jpg,10771,2025-02-28 10:10:13,"A imagem mostra um corredor lateral externo de uma residência, com iluminação diurna.",Nenhuma pessoa ou veículo visível.,"Nenhum comportamento de risco aparente, já que não há movimento ou presença de indivíduos.","""Câmera 02"", data e hora visíveis.","**Não**, nenhum risco aparente observado.",camera_analyzer_prompt_external_street,False,False
event_20250402_170432_a89dcd4a,6,motion_detected_with_yolo/event_20250402_170432_a89dcd4a/0001_4992_20250228_161321_frame_20250402_170432_000006.jpg,4992,2025-02-28 16:13:21,"Ambiente interno com vista para uma área externa privada, possivelmente um jardim ou corredor lateral. A iluminação indica que é dia.",Nenhuma pessoa ou veículo visível nas imagens.,Nenhum comportamento de risco observado.,Presença de data/hora na imagem.,"**Não**, não há evidências de comportamentos suspeitos ou riscos aparentes.",camera_analyzer_prompt_external_street,False,False
event_20250408_154828_d3eda1a7,2,motion_detected_with_yolo/event_20250408_154828_d3eda1a7/0000_fall_20250408_154828_frame.jpg,fall,2025-04-08 15:48:28,"Ambiente interno, bem iluminado, tipo sala de trabalho ou escritório.",Três pessoas ao todo. Duas delas parecem estar segurando ou contatando fisicamente a terceira de forma direta.,"Uma pessoa está contida ou segurada por duas outras, o que indica um possível conflito ou situação de tensão.","""person 0.69"", ""cPerson 0.57"", ""person 3.85""","**Sim**, a contenção sugere um conflito físico ou uma situação de segurança potencialmente agressiva.",camera_analyzer_prompt_external_street,True,True
event_20250408_154829_ed9143f6,3,motion_detected_with_yolo/event_20250408_154829_ed9143f6/0000_run_20250408_154829_frame.jpg,run,2025-04-08 15:48:29,"Ambiente externo, dia, iluminação natural, localização em rua residencial com calçada e cercas.","Uma pessoa correndo na rua, um veículo estacionado ao fundo, animais presentes no gramado.","Nenhum comportamento de risco observado (a pessoa apenas corre pela rua, nenhum sinal de hesitação ou comportamento suspeito).","""FAILARMY"" visível.","**Não**, não há sinais de risco na cena apresentada.",camera_analyzer_prompt_external_street,True,False
event_20250403_110501_6729df14,21,motion_detected_with_yolo/event_20250403_110501_6729df14/0001_6985_20250307_101724_frame_20250403_110453_000004.jpg,6985,2025-03-07 10:17:24,Ambiente externo durante o dia com boa iluminação. A cena ocorre em uma rua residencial próxima a um estacionamento frontal.,"A presença de diversos carros que transitam regularmente. Inicialmente, uma pessoa é vista próxima a um veículo, mas depois há o trânsito normal de veículos pela rua. Uma motocicleta aparece brevemente.",Não há sinais evidentes de comportamentos associados a risco. A motocicleta é vista apenas passageira sem redução ou presença prolongada.,"""car"" está presente em cada imagem, marcando os veículos.","**Não**, não há comportamentos ou sinais observáveis que indicassem risco potencial na sequência apresentada.",camera_analyzer_prompt_external_street,False,False
event_20250408_154826_2c1ec565,5,motion_detected_with_yolo/event_20250408_154826_2c1ec565/0000_grab_20250408_154826_frame.jpg,grab,2025-04-08 15:48:26,"O ambiente é externo à noite, com iluminação suficiente para visibilidade. A cena parece estar em uma rua residencial ou estacionamento frontal.","Há dois carros visíveis. Um carro está mais próximo da câmera, com uma porta aberta, e parece haver movimento dentro do veículo, indicando a presença de pessoas.","Uma porta do carro próximo está aberta durante toda a sequência, mas não há sinais claros de comportamento suspeito ou risco, como tentativas de entrada forçada ou vigilância ativa.","""car 0.63"", ""car 0.66"", ""car 0.64"", ""car 0.65"", ""bottle 0.46""","**Não**, pois não há indícios claros de comportamento suspeito ou de risco imediato.",camera_analyzer_prompt_external_street,True,False
event_20250402_173754_467058ed,6,motion_detected_with_yolo/event_20250402_173754_467058ed/0001_53862_20250301_082830_frame_20250402_173754_000126.jpg,53862,2025-03-01 08:28:30,"A cena mostra um corredor interno com vista para uma área externa. É de manhã cedo, ainda escuro, mas a iluminação parece adequada para a visibilidade. O local parece ser uma passagem lateral.",Não há pessoas ou veículos visíveis nas imagens.,Nenhum movimento ou ação suspeita detectada. O local está vazio e não há indicações de tentativa de acesso ou intrusão.,"""Camera 04""","**Não**, nenhuma atividade suspeita ou anormal observada.",camera_analyzer_prompt_external_street,False,False
event_20250408_154828_79d7aceb,2,motion_detected_with_yolo/event_20250408_154828_79d7aceb/0000_throw_20250408_154828_frame.jpg,throw,2025-04-08 15:48:28,Cenas externas durante a noite com iluminação suficiente para visualizar a cena. Localiza-se em um viaduto grafitado acima de trilhos de trem.,Duas pessoas visíveis no viaduto.,"As pessoas parecem estar jogando objetos (possivelmente pedras) do viaduto, o que representa um risco significativo para veículos ou pedestres abaixo.","Crime Beat, Rocks Thrown From Overpass, WTHR.","**Sim**, o comportamento de jogar objetos de um viaduto é extremamente perigoso e pode causar acidentes graves.",camera_analyzer_prompt_external_street,True,True
event_20250408_154827_6620de67,4,motion_detected_with_yolo/event_20250408_154827_6620de67/0000_sit_20250408_154827_frame.jpg,sit,2025-04-08 15:48:27,"Interior de um táxi ou carro de passeio, bem iluminado durante o dia.","Uma pessoa no banco de trás do veículo, aparentemente calma, mexendo em seu rosto.",Nenhum comportamento de risco aparente. A pessoa parece estar apenas tocando o próprio rosto.,"Números e texto visíveis sobrepostos (ex.: ""speed"").","**Não**, não há sinais de comportamento de risco visíveis.",camera_analyzer_prompt_external_street,True,False
event_20250402_150531_3b752641,9,motion_detected_with_yolo/event_20250402_150531_3b752641/0001_40424_20250221_185342_frame_20250402_150531_000008.jpg,40424,2025-02-21 18:53:42,"Ambiente interno com vista para uma área externa privada. Aparentemente durante o dia, com boa iluminação natural. Área parece ser um corredor lateral com plantas ao lado de um portão e escada.","Um indivíduo visível no primeiro e segundo frames, aparentemente saindo da área através de um portão.","A pessoa está se movendo rapidamente para fora do portão, mas não há indicação de tentativa de acesso não autorizado.",Data e hora visíveis nas imagens.,"**Não**, pois não há ações suspeitas ou indicação de risco já que a pessoa está saindo e não tentando acessar o local.",camera_analyzer_prompt_external_street,False,False
event_20250408_154828_3dd50747,3,motion_detected_with_yolo/event_20250408_154828_3dd50747/0000_stand_20250408_154828_frame.jpg,stand,2025-04-08 15:48:28,"Ambiente externo durante o dia, com iluminação natural. Localização em uma rua residencial com veículos estacionados.","Aproximadamente três carros estacionados. Uma pessoa próxima a um dos carros, possivelmente interagindo com o veículo.","Uma pessoa está próxima a um carro branco, mas não parece haver comportamento visivelmente suspeito, como manipulação das fechaduras ou postura duvidosa.","Detecções de ""car"", ""person"", ""bicycle"", ""chair"" com valores de confiança ao lado.","**Não**, sem sinais claros de comportamento suspeito ou atividade ilegal. A situação parece ser de uma interação comum com o veículo.",camera_analyzer_prompt_external_street,False,False
event_20250410_145303_1cfc3a0f,16,motion_detected_with_yolo/event_20250410_145303_1cfc3a0f/0000_robbery_20250410_145303_frame.jpg,robbery,2025-04-10 14:53:03,"Ambiente externo, condição diurna com boa iluminação, rua residencial com calçada e veículos estacionados.",Aproximadamente dois indivíduos visíveis e vários carros estacionados e em movimento; um carro parou e os ocupantes parecem se movimentar ao redor do veículo estacionado.,"Uma pessoa desce de um carro e atravessa a rua rapidamente, o que pode sugerir pressa ou intenção de interação não usual, mas sem detalhes claros de comportamento suspeito.","""Câmera Record.""","**Não**, os comportamentos não fornecem indicação clara de risco imediato observável apenas nas imagens.",camera_analyzer_prompt_external_street,True,False
event_20250403_115120_668de0a1,17,motion_detected_with_yolo/event_20250403_115120_668de0a1/0001_16312_20250307_134155_frame_20250403_115120_000048.jpg,16312,2025-03-07 13:41:55,"Ambiente interno iluminado durante o dia, tipo escritório.",Uma pessoa visível interagindo com objetos na mesa de trabalho.,A pessoa parece manusear objetos na mesa sem comportamento suspeito aparente.,"""Intelbras"", ""Escritorio""","**Não**, não há ações indicativas de risco à segurança ou patrimônio.",camera_analyzer_prompt_external_street,False,False
event_20250408_154829_826e1905,4,motion_detected_with_yolo/event_20250408_154829_826e1905/0000_struggle_20250408_154829_frame.jpg,struggle,2025-04-08 15:48:29,"Ambiente externo, à noite, iluminação moderada; rua em frente a um local de entretenimento.","Aproximadamente oito pessoas, incluindo seguranças. Nenhum veículo aparente.","Presença de seguranças interagindo de forma possivelmente restritiva com outras pessoas, indicando uma situação tensa ou desentendimento.","""14/06/2009 1:45:07"" e ""Hardcore/Punk/Rockabilly"" visíveis.","**Sim**, interação física entre seguranças e indivíduos, indicando potencial confusão ou conflito.",camera_analyzer_prompt_external_street,True,True
event_20250408_154828_138fb57f,3,motion_detected_with_yolo/event_20250408_154828_138fb57f/0000_fall_20250408_154828_frame.jpg,fall,2025-04-08 15:48:28,"Ambiente externo em um dia nublado, visibilidade diurna. Entrada de uma residência.",Uma pessoa carregando pacotes parece estar entregando em uma casa; dois veículos estão presentes: um carro estacionado e um caminhão de entrega.,Nenhum comportamento de risco aparente. A ação parece ser uma entrega normal de encomendas.,rina.com,"**Não**, trata-se de uma entrega convencional de encomendas.",camera_analyzer_prompt_external_street,True,False
event_20250402_134640_5c3ec297,11,motion_detected_with_yolo/event_20250402_134640_5c3ec297/0001_6888_20250219_153816_frame_20250402_134640_000031.jpg,6888,2025-02-19 15:38:16,"Ambiente interno, iluminação artificial. Tipo do local: elevador.","Uma pessoa, observando algo (possivelmente um celular ou pequeno objeto) nas mãos.","A pessoa está apenas olhando um objeto, sem sinais de comportamento suspeito.",Camera 96,"**Não**, a ação observada é comum e não há sinais de risco.",camera_analyzer_prompt_external_street,False,False
event_20250402_141414_61adc9a9,6,motion_detected_with_yolo/event_20250402_141414_61adc9a9/0001_6887_20250219_153816_frame_20250402_141414_000009.jpg,6887,2025-02-19 15:38:16,"Ambiente interno, bem iluminado, provavelmente um corredor ou área de recepção pequena.","Presença de uma pessoa próxima a uma porta, não aparenta haver movimentos suspeitos visíveis.","Não há sinais evidentes de comportamentos de risco. A pessoa está parada próxima à porta, sem ações agressivas ou suspeitas notáveis.","""02-19-2025 Qua 12:39:22 Camera 05""","**Não**, não há comportamentos suspeitos ou riscos evidentes nas ações observadas.",camera_analyzer_prompt_external_street,False,False
event_20250403_110227_40dfdb1b,13,motion_detected_with_yolo/event_20250403_110227_40dfdb1b/0001_6984_20250307_101724_frame_20250403_110227_000016.jpg,6984,2025-03-07 10:17:24,"Ambiente externo durante o dia, com boa iluminação. Localização em uma rua residencial ou comercial, com uma calçada e estacionamento frontal.","Há uma pessoa sentada sob um guarda-sol próximo à calçada. Vários carros passam pela rua, mas nenhum está parado ou circulando repetidamente.","Os veículos passam ocasionalmente e não demonstram comportamento suspeito, como parar ou reduzir a velocidade de maneira incomum. A pessoa está apenas sentada e não parece estar vigiando ou observando o imóvel de maneira suspeita.","Presença de objetos identificados, como ""car"" e ""vase"", mas sem sinais de risco associados.","**Não**, não há comportamentos suspeitos ou sinais de risco observáveis nas imagens.",camera_analyzer_prompt_external_street,False,False
event_20250408_154828_a4352938,2,motion_detected_with_yolo/event_20250408_154828_a4352938/0000_stand_20250408_154828_frame.jpg,stand,2025-04-08 15:48:28,"Ambiente externo urbano à noite, com iluminação artificial.","Uma pessoa em pé próxima a uma motocicleta parada, com outra pessoa na motocicleta.","Presença de uma motocicleta parada com duas pessoas, uma parece observar ao redor enquanto a outra está na motocicleta.",TITANVORTEX,"**Sim**, possível risco devido à motocicleta parada com ocupantes observando, comportamento que pode indicar intenção suspeita.",camera_analyzer_prompt_external_street,False,True
event_20250408_154828_fabdce01,3,motion_detected_with_yolo/event_20250408_154828_fabdce01/0000_stand_20250408_154828_frame.jpg,stand,2025-04-08 15:48:28,"Ambiente interno, bem iluminado, provavelmente um quarto ou enfermaria de hospital.","Aproximadamente duas pessoas visíveis, uma em pé perto da cama e outra ao lado. Nenhuma movimentação rápida ou suspeita evidente.","Não há sinais visíveis de comportamento de risco, como tentativa de abrir gavetas ou retirar objetos de forma disfarçada.","""cup"", ""dog"", ""person"".","**Não**, não há justificativa visual para classificar como risco; as pessoas parecem estar em interação normal no quarto.",camera_analyzer_prompt_external_street,False,False
event_20250403_110306_2a4c2741,12,motion_detected_with_yolo/event_20250403_110306_2a4c2741/0001_6984_20250307_101724_frame_20250403_110306_000054.jpg,6984,2025-03-07 10:17:24,Ambiente externo durante o dia com iluminação natural. A cena ocorre em uma rua residencial com calçada e pequeno estacionamento frontal.,"Aproximadamente um veículo por vez nas imagens, incluindo carros e uma van passando pela rua.","Veículos aparecem se movimentando ao longo da rua, mas não há sinais de comportamento suspeito como permanência prolongada, circulação lenta, ou observação da propriedade.","Os labels ""car"", ""truck"", e ""sports ball"" são visíveis nas imagens.","**Não**, não há comportamentos observáveis que indiquem risco potencial à segurança. Os veículos estão apenas transitando pela rua e não apresentam ações suspeitas.",camera_analyzer_prompt_external_street,False,False
event_20250410_145302_fd512be8,11,motion_detected_with_yolo/event_20250410_145302_fd512be8/0000_robbery_20250410_145302_frame.jpg,robbery,2025-04-10 14:53:02,"Área externa durante o dia com boa iluminação. Localizado em uma rua residencial, próximo a uma entrada/portão.","- Três pessoas próximas a duas motocicletas.
  - Um carro estacionado mais à frente na rua.","- Interação próxima e agitada entre as pessoas sobre as motocicletas.
  - Pessoas com capacetes, possivelmente dificultando a identificação facial.
  - Uma das motos se move rapidamente.
  - No final da sequência, uma pessoa parece no chão, sugerindo um possível incidente ou acidente.",Hora e data visíveis no canto superior esquerdo.,"**Sim**, devido ao comportamento agitado e a queda observada ao final, que pode representar um risco de segurança ou acidente.",camera_analyzer_prompt_external_street,True,True
event_20250410_145304_8ec3e678,25,motion_detected_with_yolo/event_20250410_145304_8ec3e678/0000_break-in_20250410_145304_frame.jpg,break-in,2025-04-10 14:53:04,"Ambiente interno, aparentemente mal iluminado, sugerindo condição noturna. Parece ser uma sala ou corredor com prateleira visível.",Aproximadamente duas pessoas presentes.,"- Indivíduos aparecem encapuzados.
  - Um deles parece estar segurando um objeto que pode ser um instrumento ou ferramenta.
  - Movimentação rápida e constante entre as áreas.","""person 0.56"", ""person 0.77"", etc.","**Sim**, devido à presença de indivíduos encapuzados e possível uso de ferramenta/instrumento, indicando comportamento suspeito.",camera_analyzer_prompt_external_street,True,True
event_20250402_150847_2875d9f1,6,motion_detected_with_yolo/event_20250402_150847_2875d9f1/0001_40428_20250221_185342_frame_20250402_150847_000004.jpg,40428,2025-02-21 18:53:42,Ambiente externo durante o dia; a iluminação parece adequada. Cena em uma rua residencial com calçada e entrada visível.,"Aproximadamente, um carro em cena; não é possível identificar pessoas específicas.","O carro permanece parado na rua, mas isso pode ser uma atividade normal de estacionamento. Não há sinais visíveis de pessoas realizando ações suspeitas ou incomuns.","""car 0.55"", ""car 0.71"", ""car 0.77"", ""car 0.67"", ""car 0.43""","**Não**, não há comportamentos suspeitos ou riscos visíveis associados ao carro parado neste contexto.",camera_analyzer_prompt_external_street,False,False
event_20250402_150644_65cf02b1,9,motion_detected_with_yolo/event_20250402_150644_65cf02b1/0001_40426_20250221_185342_frame_20250402_150640_000009.jpg,40426,2025-02-21 18:53:42,"Ambiente externo privado (como uma passagem lateral), durante o dia com boa iluminação.","Uma pessoa está presente inicialmente, interagindo com o portão, e depois se afasta, deixando o local. Um carro e uma motocicleta aparecem nas imagens finais.","A pessoa aparenta estar abrindo o portão, podendo indicar uma tentativa de acesso autorizada ou não autorizada.","Person 0.74, Car 0.80, Car 0.90, Motorcycle 0.51","**Sim**, a interação da pessoa com o portão pode indicar possível risco de acesso não autorizado.",camera_analyzer_prompt_external_street,False,True
event_20250402_153052_8400b28d,11,motion_detected_with_yolo/event_20250402_153052_8400b28d/0001_10785_20250228_101013_frame_20250402_153052_000063.jpg,10785,2025-02-28 10:10:13,"Ambiente externo durante o dia, com iluminação clara. A cena parece ser em frente a um portão, possivelmente de entrada de um imóvel ou estacionamento.",Não há pessoas ou veículos visíveis nas imagens devido à baixa qualidade e cortes frequentes de vídeo.,Nenhum comportamento de risco pode ser observado devido à interrupção constante do vídeo.,"""NO VIDEO"" aparece em várias das imagens da sequência.","**Não**, não há evidências visuais suficientes para identificar qualquer risco devido à falta de vídeo contínuo.",camera_analyzer_prompt_external_street,False,False
event_20250402_154239_6901bc0d,7,motion_detected_with_yolo/event_20250402_154239_6901bc0d/0001_10782_20250228_101013_frame_20250402_154239_000133.jpg,10782,2025-02-28 10:10:13,"Ambiente externo, durante o dia, rua residencial com calçada e entrada de prédio.","Uma moto com duas pessoas passa rapidamente pela cena. O restante do tempo, a área está deserta.","A moto com dois ocupantes passa rapidamente, o que é comum, mas deve ser monitorado devido ao risco associado a motocicletas. Não há permanência ou comportamento suspeito evidente.",Camera 13,"**Não**, a moto apenas passou rapidamente, sem indicar comportamento suspeito.",camera_analyzer_prompt_external_street,False,False
event_20250408_154827_489da73b,3,motion_detected_with_yolo/event_20250408_154827_489da73b/0000_sit_20250408_154827_frame.jpg,sit,2025-04-08 15:48:27,"Ambiente interno, bem iluminado, possivelmente uma recepção ou escritório.","Duas pessoas presentes, uma delas aparentemente manuseando objetos na mesa.","A pessoa parece manusear objetos na mesa, mas não há indicação clara de comportamento agressivo ou furtivo.","""BROWARD SHERIFF'S OFFICE""","**Não**, não há sinais claros de comportamento arriscado ou ilegal.",camera_analyzer_prompt_external_street,True,False
event_20250408_154827_df4d752d,5,motion_detected_with_yolo/event_20250408_154827_df4d752d/0000_walk_20250408_154827_frame.jpg,walk,2025-04-08 15:48:27,"Área externa coberta, possivelmente um quintal. A cena ocorre durante o dia ou com boa iluminação artificial.","Uma pessoa está presente, movendo-se pela área e interagindo com objetos.","A pessoa está em área externa privada, aparentemente reorganizando ou mexendo em objetos. Não há sinais claros de tentativa de invasão ou comportamento suspeito em relação a portas ou janelas.","""camera2"", ""chair 0.9"", ""person 0.53""","**Não**, a situação parece ser uma interação comum na área, sem sinais de risco aparente.",camera_analyzer_prompt_external_street,True,False
event_20250403_110122_9008d0c2,6,motion_detected_with_yolo/event_20250403_110122_9008d0c2/0001_6987_20250307_101724_frame_20250403_110122_000108.jpg,6987,2025-03-07 10:17:24,"Ambiente interno, bem iluminado, aparentemente de dia. Tipo de local: escritório.","Duas pessoas visíveis, sentadas em frente a um computador.",Nenhum comportamento de risco aparente. As pessoas estão sentadas e parecem estar focadas em uma atividade no computador.,"Data e hora visíveis, ""Camera: 04"".","**Não**, sem sinais de comportamento suspeito ou risco.",camera_analyzer_prompt_external_street,False,False
event_20250403_101317_ac64b50b,14,motion_detected_with_yolo/event_20250403_101317_ac64b50b/0001_17201_20250307_002851_frame_20250403_101317_000129.jpg,17201,2025-03-07 00:28:51,Ambiente externo durante a noite. A iluminação parece suficiente para visualizar a área. A cena ocorre em uma rua residencial com calçada e portão de entrada visíveis.,Observa-se um carro passando pela rua em velocidade moderada. Não há pessoas visíveis na calçada ou ao redor do imóvel.,"Nenhum comportamento suspeito observado. O carro passa de forma contínua, sem indicar interesse no imóvel.","Texto ""Frente,L,E"" visível na imagem, sem relevância para segurança.","**Não**, o comportamento dos veículos observados não apresenta risco aparente.",camera_analyzer_prompt_external_street,False,False
event_20250403_111720_8438ede2,13,motion_detected_with_yolo/event_20250403_111720_8438ede2/0001_6990_20250307_101724_frame_20250403_111720_000111.jpg,6990,2025-03-07 10:17:24,"Ambiente interno, bem iluminado à noite, parecido com uma recepção ou escritório.",Aproximadamente uma pessoa visível.,A pessoa está mexendo em objetos sobre o balcão de maneira contínua. Não é claro se há qualquer intenção suspeita ou ilícita.,"""potted plant"", ""sink"", ""chair"", ""person"", ""Camera 07""","**Não**, não há sinais claros de atividade suspeita ou risco iminente.",camera_analyzer_prompt_external_street,False,False
event_20250408_154828_0ef99938,9,motion_detected_with_yolo/event_20250408_154828_0ef99938/0000_stand_20250408_154828_frame.jpg,stand,2025-04-08 15:48:28,"Ambiente interno de loja, iluminação clara, provavelmente à noite.","Uma pessoa presente, se aproximando da área próxima à porta.","A pessoa está em pé próxima à porta, mas não há indicação de comportamento suspeito visível, como tentativa de abertura forçada ou roubo.","""CAM 3"", ""person"", ""chair"", ""oven""","**Não**, não há sinais claros de comportamento de risco nas imagens.",camera_analyzer_prompt_external_street,False,False
event_20250402_135631_93a32206,11,motion_detected_with_yolo/event_20250402_135631_93a32206/0001_6895_20250219_153816_frame_20250402_135623_000080.jpg,6895,2025-02-19 15:38:16,"Estacionamento interno, dia com iluminação natural entrando pela entrada.","Presença de um veículo identificado nas primeiras imagens, saindo do local.",Nenhum comportamento de risco observado. O veículo está apenas saindo do estacionamento.,"""Camera 13"" e datas/horas no canto superior esquerdo.","**Não**, o movimento do carro é normal para um estacionamento.",camera_analyzer_prompt_external_street,False,False
event_20250403_115050_7683df45,19,motion_detected_with_yolo/event_20250403_115050_7683df45/0001_16312_20250307_134155_frame_20250403_115049_000017.jpg,16312,2025-03-07 13:41:55,"Escritório interno durante o dia, iluminação normal.",Aproximadamente três ou mais pessoas; movimentação normal sem comportamentos suspeitos.,Nenhum comportamento de risco observado; pessoas parecem estar realizando atividades normais de escritório.,"Intelbras, Escritório.","**Não**, não há evidências de comportamentos que indiquem risco à segurança.",camera_analyzer_prompt_external_street,False,False
event_20250403_092133_a41a7e4e,15,motion_detected_with_yolo/event_20250403_092133_a41a7e4e/0001_55406_20250302_230353_frame_20250403_092127_000111.jpg,55406,2025-03-02 23:03:53,"Ambiente externo ao ar livre, de noite com iluminação artificial. Cena acontece em uma rua residencial com calçada e portão de entrada visíveis.",Três carros visíveis se movendo pela rua. Várias pessoas caminhando na calçada. Não há motos visíveis.,Não há comportamentos suspeitos evidentes. Os veículos estão em movimento normal e as pessoas caminham na calçada sem atitudes suspeitas.,Camera 01,"**Não**, não há sinais de risco observáveis. As atividades observadas são típicas para o contexto noturno em uma área residencial.",camera_analyzer_prompt_external_street,False,False
event_20250403_092148_f7aec939,20,motion_detected_with_yolo/event_20250403_092148_f7aec939/0001_55406_20250302_230353_frame_20250403_092148_000132.jpg,55406,2025-03-02 23:03:53,"Ambiente externo, à noite, com iluminação significativa. A cena ocorre em uma rua em frente a um portão de entrada de um edifício residencial.","Há duas pessoas inicialmente, uma com uma bicicleta perto do portão. Vários carros estão passando pela rua. As pessoas parecem se dispersar ao longo da sequência.","- Duas pessoas, uma com uma bicicleta, estão próximas ao portão inicialmente. Não há indicação de comportamento suspeito, como tentativa de forçar o portão.
  - Não foi observado nenhum comportamento persistente ou hesitante de vigilância ou risco por parte dos pedestres ou ciclistas.
  - Os veículos vistos estão em movimento normal pela rua, sem paradas suspeitas ou circulações repetitivas em frente ao imóvel.","Marcas d'água de ""Camera 01"" visíveis nas imagens.","**Não**, não foi identificado nenhum comportamento de risco significativo nas imagens observadas.",camera_analyzer_prompt_external_street,False,False
event_20250410_145303_bf28867c,25,motion_detected_with_yolo/event_20250410_145303_bf28867c/0000_robbery_20250410_145303_frame.jpg,robbery,2025-04-10 14:53:03,"Ambiente externo durante o dia com boa iluminação. A cena ocorre em um local que parece ser um estacionamento frontal ou área de entrada para veículos, cercado por muros.","Aproximadamente quatro pessoas nas proximidades de um caminhão ou veículo grande identificado como ""PRESERVE"". Há várias motocicletas estacionadas e, em alguns momentos, um carro é visível ao fundo.","Uma pessoa aparece interagindo com o veículo ""PRESERVE"", entrando ou saindo dele. Não há comportamentos evidentes de risco, como tentativas de forçar a entrada ou movimentação suspeita de veículos ou pessoas. As pessoas estão realizando atividades normais de movimento ao redor do veículo.","Presente visível com texto ""PRESERVE"" no veículo e marca d'água do vídeo no canto superior direito.","**Não**, as atividades observadas parecem normais para um ambiente de estacionamento ou área de serviço, sem sinais claros de comportamento suspeito.",camera_analyzer_prompt_external_street,True,False
event_20250408_154826_f4c9cc24,3,motion_detected_with_yolo/event_20250408_154826_f4c9cc24/0000_kick_20250408_154826_frame.jpg,kick,2025-04-08 15:48:26,"Ambiente externo, à noite, com iluminação artificial. Local: calçada em rua residencial ou comercial.","Aproximadamente cinco pessoas no local. Há uma pessoa no chão, possivelmente ferida ou sob ataque, enquanto outras duas pessoas estão próximas, com uma aparentando envolvimento direto com a pessoa no chão. Dois indivíduos observam de perto.",A presença de uma pessoa no chão em potencial situação de conflito ou ataque e outras pessoas próximas sugerem uma possível briga ou agressão. A situação em grupo pode indicar risco de violência.,CCTVX,"**Sim**, a situação sugere um potencial de agressão ou violência com risco à segurança pessoal.",camera_analyzer_prompt_external_street,True,True
event_20250403_091558_f5332a23,14,motion_detected_with_yolo/event_20250403_091558_f5332a23/0001_55408_20250302_230353_frame_20250403_091558_000102.jpg,55408,2025-03-02 23:03:53,"Ambiente externo, à noite, com iluminação pública adequada. A cena é na frente de um portão de entrada de uma propriedade.","Um veículo passa pela rua nos primeiros segundos, seguido por uma motocicleta.",Nenhum comportamento suspeito ou associado a risco é observado. O veículo e a motocicleta apenas passam pelo local sem reduzir a velocidade ou parar.,"""Camera 03"", ""29:06:38"", e data no canto superior das imagens.","**Não**, não há justificativa para considerar risco com base nos comportamentos observados.",camera_analyzer_prompt_external_street,False,False
event_20250408_154828_da5febad,4,motion_detected_with_yolo/event_20250408_154828_da5febad/0000_run_20250408_154828_frame.jpg,run,2025-04-08 15:48:28,"Ambiente interno com vista para área externa privada, iluminação noturna. Tipo da área visualizada: entrada ou quintal.",Presença de um carro estacionado e pelo menos uma pessoa perto do veículo caminhando.,"Uma pessoa está perto do veículo estacionado, aparentemente não realizando ações suspeitas de imediato, mas observando a área.","CAM 2, VIKATAN TV","**Não**, a presença das pessoas perto do veículo não demonstra ações diretamente suspeitas neste momento.",camera_analyzer_prompt_external_street,True,False
event_20250410_145303_c7079205,9,motion_detected_with_yolo/event_20250410_145303_c7079205/0000_robbery_20250410_145303_frame.jpg,robbery,2025-04-10 14:53:03,"Ambiente interno de uma sala, iluminação noturna por câmeras infravermelhas.",Aproximadamente três pessoas. Duas delas com movimentos rápidos e uma possivelmente coagida.,"Presença de pessoas realizando movimentos coerentes com um assalto ou invasão, com um dos indivíduos aparentemente empurrando ou ameaçando outro.",#JornalDaRecord,"**Sim**, há sinais claros de risco devido à aparente coerção ou agressão entre as pessoas no local.",camera_analyzer_prompt_external_street,True,True
event_20250403_113741_80c81944,146,motion_detected_with_yolo/event_20250403_113741_80c81944/0001_7645_20250307_134155_frame_20250403_113736_000011.jpg,7645,2025-03-07 13:41:55,"Ambiente externo visto de uma área interna, durante o dia com boa iluminação. A área visualizada parece ser um quintal ou entrada de garagem.",Nenhuma pessoa ou veículo visível nas imagens.,Não foram observados sinais ou comportamentos de risco nas imagens fornecidas.,"""Portao entrada"" e ""Intelbras"".","**Não**, não foram identificados comportamentos suspeitos ou riscos à segurança na sequência de imagens.",camera_analyzer_prompt_external_street,False,False
event_20250410_145302_1206a091,22,motion_detected_with_yolo/event_20250410_145302_1206a091/0000_robbery_20250410_145302_frame.jpg,robbery,2025-04-10 14:53:02,"Ambiente interno, bem iluminado, consultório odontológico.","Aproximadamente três pessoas. Uma pessoa deitada na cadeira odontológica, enquanto outras duas se movimentam ao redor.",Não há sinais claros de comportamento arriscado. As pessoas estão interagindo em um ambiente que aparenta ser uma consulta odontológica.,"#sbtnews, Ceilândia, DF.","**Não**, cenário típico de consulta odontológica, sem comportamentos de risco observados.",camera_analyzer_prompt_external_street,True,False
event_20250408_154826_2c927806,4,motion_detected_with_yolo/event_20250408_154826_2c927806/0000_kick_20250408_154826_frame.jpg,kick,2025-04-08 15:48:26,"Ambiente externo à noite, com iluminação de fachada e luzes de néon. A cena ocorre em frente a um estabelecimento, possivelmente um bar ou loja.",Aproximadamente 4 pessoas visíveis ao longo dos quadros. Não há veículos em destaque.,As pessoas parecem estar conversando e estão em pé sem demonstrar comportamento suspeito ou ações que indiquem risco imediato.,CCTV,"**Não**, os indivíduos parecem estar apenas conversando em frente ao local sem sinais de comportamento suspeito.",camera_analyzer_prompt_external_street,True,False
event_20250410_145304_6ba77bed,1,motion_detected_with_yolo/event_20250410_145304_6ba77bed/0000_break-in_20250410_145304_frame.jpg,break-in,2025-04-10 14:53:04,Ambiente interno bem iluminado; parece ser uma recepção ou escritório.,N/A,"Não há comportamentos de risco óbvios, as pessoas parecem estar simplesmente saindo do local.",#PRIMEIROJORNAL,"**Não**, não há sinais visíveis de comportamento de risco.",camera_analyzer_prompt_external_street,True,False
event_20250402_134602_e110db14,16,motion_detected_with_yolo/event_20250402_134602_e110db14/0001_6884_20250219_153904_frame_20250402_134602_000020.jpg,6884,2025-02-19 15:39:04,"Cena externa e interna. Inicialmente na rua, depois dentro de um elevador. É dia, com iluminação natural clara. Local parece ser uma rua residencial e, posteriormente, o interior de um edifício.","- Aproximadamente duas pessoas visíveis, transitando da rua para dentro de um elevador.
  - Não há veículos próximos na foto focada na parte interna.","- Nenhum comportamento suspeito observável nas imagens da rua ou dentro do elevador.
  - As pessoas parecem entrar e usar o elevador normalmente.","Câmara 96, visível em algumas imagens.","**Não**, não há comportamentos suspeitos observáveis.",camera_analyzer_prompt_external_street,False,False
event_20250408_154829_f8cfe6ef,4,motion_detected_with_yolo/event_20250408_154829_f8cfe6ef/0000_struggle_20250408_154829_frame.jpg,struggle,2025-04-08 15:48:29,"Ambiente interno, bem iluminado, sala de reuniões.","Aproximadamente sete pessoas, envolvidas em uma interação típica de reunião.",Não há comportamentos que indiquem risco. As pessoas parecem estar em uma reunião e interagindo de forma normal.,Nenhum.,"**Não**, comportamento típico de reunião, sem sinais de risco.",camera_analyzer_prompt_external_street,True,False
event_20250403_103119_7b8360f5,6,motion_detected_with_yolo/event_20250403_103119_7b8360f5/0001_17205_20250307_002852_frame_20250403_103119_000110.jpg,17205,2025-03-07 00:28:52,"Área externa à noite, iluminação baixa. Local parece ser um pátio ou fundo de um terreno, possivelmente um depósito ou similar.","Há uma pessoa visível, com movimentação identificada nos frames.","Uma pessoa está presente e se move levemente, mas não há sinais claros de comportamento suspeito ou ameaçador.","""Intelbras"", ""L.D. Fundos"" nas imagens.","**Não**, não foram observados comportamentos de risco evidentes.",camera_analyzer_prompt_external_street,False,False
event_20250408_154828_26a4cad8,7,motion_detected_with_yolo/event_20250408_154828_26a4cad8/0000_throw_20250408_154828_frame.jpg,throw,2025-04-08 15:48:28,"Ambiente interno, aparentemente à noite, com iluminação artificial. Possivelmente uma área de convivência, dada a presença de cadeiras e equipamentos.","Cerca de 8 pessoas visíveis. Algumas estão sentadas ou em pé, outras transitam pelo ambiente.","Presença de pessoas em movimento, mas nenhum comportamento de risco específico detectado como tentativa de abrir gavetas, retirada de objetos, ou ações destrutivas.","""Camera: 03"" visível em algumas imagens.","**Não**, não há comportamentos claramente suspeitos ou de risco iminente observados.",camera_analyzer_prompt_external_street,True,False
event_20250410_145303_b6a2f2cd,9,motion_detected_with_yolo/event_20250410_145303_b6a2f2cd/0000_robbery_20250410_145303_frame.jpg,robbery,2025-04-10 14:53:03,"Ambiente interno, escuro (visão noturna), possivelmente um corredor ou espaço de armazenamento.","Aproximadamente duas pessoas presentes, usando capuzes.","Pessoas agachadas e mexendo em objetos, manipulando ou tentando acessar o interior dos armários ou gavetas.",#JornalDaRecord,"**Sim**, pessoas agindo de forma suspeita em um ambiente escuro, aparentando tentar acessar ou mexer em equipamentos ou armários sem contexto claro.",camera_analyzer_prompt_external_street,True,True
event_20250403_101212_7acf6727,11,motion_detected_with_yolo/event_20250403_101212_7acf6727/0001_17201_20250307_002851_frame_20250403_101212_000064.jpg,17201,2025-03-07 00:28:51,"Ambiente externo à noite, com iluminação artificial. A cena ocorre em uma rua residencial, próxima a um portão de entrada.","Aproximadamente um veículo passa pela rua (possivelmente um carro, conforme identificado pelos faróis nos frames).","Não há sinais de comportamentos suspeitos. O veículo parece apenas estar transitando pela rua, sem reduzir velocidade em frente ao imóvel ou parar.","""Frente,L,E"" é visível nas imagens.","**Não**, não há justificativa para classificar a situação como de risco com base nas informações disponíveis.",camera_analyzer_prompt_external_street,False,False
event_20250410_145301_0031b418,31,motion_detected_with_yolo/event_20250410_145301_0031b418/0000_burglary_20250410_145301_frame.jpg,burglary,2025-04-10 14:53:01,"Área externa privada (varanda), à noite, com iluminação de segurança.","Uma pessoa visível, movimentando-se na varanda.","A pessoa parece estar manipulando um objeto e tentando verificar algo na parede ou janela, o que pode indicar tentativa de entrada não autorizada ou manipulação de dispositivos.","""intelbras"", ""GAZ""","**Sim**, a presença e ações da pessoa indicam possível tentativa de intrusão ou comportamento suspeito.",camera_analyzer_prompt_external_street,True,True
event_20250402_152957_dcbadaac,6,motion_detected_with_yolo/event_20250402_152957_dcbadaac/0001_10785_20250228_101013_frame_20250402_152957_000010.jpg,10785,2025-02-28 10:10:13,"Sem visão do ambiente externo. Imagens indicam ""NO VIDEO"".",Não há visibilidade de pessoas ou veículos.,Imagens indisponíveis.,"""NO VIDEO""","**Sim**, devido à ausência total de visibilidade, que impede qualquer avaliação de segurança, assume-se risco por precaução.",camera_analyzer_prompt_external_street,False,True
event_20250402_152728_27cf3018,7,motion_detected_with_yolo/event_20250402_152728_27cf3018/0001_10784_20250228_101013_frame_20250402_152728_000022.jpg,10784,2025-02-28 10:10:13,"Corredor interno com vista para a área externa durante o dia, iluminação adequada.",Uma pessoa observada entrando em um elevador.,Nenhum comportamento suspeito observado; a pessoa apenas utilizou o elevador.,"""Camera 15"" e data/hora visíveis.","**Não**, apenas atividade normal de uma pessoa usando o elevador.",camera_analyzer_prompt_external_street,False,False
event_20250408_154827_b5baa4eb,3,motion_detected_with_yolo/event_20250408_154827_b5baa4eb/0000_sit_20250408_154827_frame.jpg,sit,2025-04-08 15:48:27,"Ambiente interno, provavelmente uma sala de espera ou recepção. Iluminação artificial, aparentemente bem iluminada.",Cerca de 15 pessoas visíveis. Um grupo de três pessoas está em pé interagindo de forma próxima ao restante que está sentado.,"Dois indivíduos em pé interagindo com as pessoas sentadas, possivelmente pegando algo das mãos de uma das pessoas sentadas. Outro indivíduo no grupo parece vigiar o ambiente. Não há movimentos violentos claros.",Nenhum.,"**Sim**, devido à interação próxima e possivelmente agressiva dos indivíduos em pé com os demais, sugerindo potencial risco de coação ou roubo.",camera_analyzer_prompt_external_street,True,True
event_20250403_091718_718f1e23,16,motion_detected_with_yolo/event_20250403_091718_718f1e23/0001_55407_20250302_230353_frame_20250403_091718_000024.jpg,55407,2025-03-02 23:03:53,"Ambiente semiaberto com vista para uma área externa privada, provavelmente uma varanda ou quintal, à noite, com iluminação presente. A área visualizada está próxima a uma rua movimentada.","Cerca de uma pessoa visível, andando do lado de fora, próximo ao portão. Várias pessoas passam pela calçada ao fundo, e veículos transitam pela rua.",A pessoa parece caminhar paralelamente ao portão sem indícios de tentativa de entrada ou comportamento suspeito.,"""Camera 02"", e detecções de ""person"" e ""car"" em algumas imagens.","**Não**, pois não há comportamentos suspeitos indicando risco à segurança na área monitorada.",camera_analyzer_prompt_external_street,False,False
event_20250402_135601_2503371e,12,motion_detected_with_yolo/event_20250402_135601_2503371e/0001_6895_20250219_153816_frame_20250402_135601_000059.jpg,6895,2025-02-19 15:38:16,"Ambiente interno com iluminação moderada, possivelmente durante o dia, em um corredor ou área de passagem.","Uma pessoa foi detectada, movendo-se ao longo do corredor.","A pessoa foi vista próxima a uma porta ou portão, mas não há sinais claros de comportamento de risco, como tentativa de forçar o acesso ou furtividade.","""Camera 13"" e data/hora visíveis.","**Não**, a pessoa estava simplesmente se movendo pelo corredor sem ações suspeitas ou agressivas.",camera_analyzer_prompt_external_street,False,False
event_20250410_145301_bd360024,26,motion_detected_with_yolo/event_20250410_145301_bd360024/0000_car-break-in_20250410_145301_frame.jpg,car-break-in,2025-04-10 14:53:01,Estacionamento interno com iluminação suficiente. Imagens capturadas à noite (03:18:04).,Aproximadamente um indivíduo interagindo com carros. Há pelo menos três veículos no local.,"A pessoa é vista mexendo nos veículos de uma forma que sugere tentativa de abrir ou manipular o interior dos carros. Em algumas imagens, o indivíduo está com um objeto vermelho na mão, possivelmente removendo algo do carro.",Car (com várias probabilidades) e Person.,"**Sim**, o comportamento é suspeito e indica possível tentativa de roubo ou vandalismo devido à manipulação dos veículos à noite em um estacionamento.",camera_analyzer_prompt_external_street,True,True
event_20250402_142408_54015820,11,motion_detected_with_yolo/event_20250402_142408_54015820/0001_6884_20250219_153816_frame_20250402_142408_000019.jpg,6884,2025-02-19 15:38:16,"Ambiente externo durante o dia, com boa iluminação. A cena ocorre em uma rua residencial, próxima a calçadas e um portão de entrada.",Há duas pessoas caminhando pela calçada. Uma delas está próxima a um carro branco estacionado. Não há muitos veículos adicionais visíveis.,"As pessoas não apresentam sinais de comportamento que indiquem risco, como tentar manipular entradas ou permanecer de forma suspeita. Apenas caminham pela calçada.","""person 0.76"", ""person 0.53"", ""vase 0.52"", ""car 0.41"".","**Não**, não há comportamentos observáveis que indiquem risco de segurança.",camera_analyzer_prompt_external_street,False,False
event_20250408_154826_3040ec46,7,motion_detected_with_yolo/event_20250408_154826_3040ec46/0000_kick_20250408_154826_frame.jpg,kick,2025-04-08 15:48:26,"Área externa privada durante o dia, com boa iluminação. Área tipo quintal ou corredor lateral.",Duas pessoas visíveis. Uma pessoa próxima à parede parece interagir com a porta ou observar o local. Outra pessoa está um pouco distante.,"A primeira pessoa está próximo à porta em várias imagens, o que pode indicar tentativa de verificação de acesso ou observação não usual.","Detecção de ""person"" nas imagens.","**Sim**, devido à proximidade de uma pessoa à porta, que pode indicar tentativa de acesso ou comportamento suspeito.",camera_analyzer_prompt_external_street,True,True
event_20250408_154829_ce92d2ad,4,motion_detected_with_yolo/event_20250408_154829_ce92d2ad/0000_sneak_20250408_154829_frame.jpg,sneak,2025-04-08 15:48:29,"Estacionamento de posto de gasolina à noite, bem iluminado.",Aproximadamente cinco carros visíveis. Uma pessoa próxima à fachada de uma loja.,- Nenhum comportamento suspeito diretamente observado. As pessoas estão próximas aos veículos ou indo em direção à loja.,"""CAM 11"" no canto da imagem.","**Não**, não há comportamentos claros de risco identificáveis.",camera_analyzer_prompt_external_street,True,False
event_20250410_145303_905c170e,10,motion_detected_with_yolo/event_20250410_145303_905c170e/0000_robbery_20250410_145303_frame.jpg,robbery,2025-04-10 14:53:03,"Loja interna, bem iluminada, possivelmente à noite pelo horário indicado, área de conveniência ou mercearia.","Aproximadamente quatro pessoas visíveis, algumas com capuz. Uma pessoa no balcão e outra atrás do balcão parecem ter uma interação tensa.","Presença de uma pessoa com capuz e comportamento agressivo ou suspeito, indicando possível tentativa de roubo ou ameaça. Funcionário(a) parece sob pressão.","Marcação de ""tv"" e ""sink"", sem texto adicional relevante.","**Sim**, a presença de capuzes e interação tensa sugere risco potencial elevado de segurança.",camera_analyzer_prompt_external_street,True,True
event_20250403_115742_98c6dcb5,23,motion_detected_with_yolo/event_20250403_115742_98c6dcb5/0001_7639_20250307_134155_frame_20250403_115726_000099.jpg,7639,2025-03-07 13:41:55,"Dia, boa iluminação. Cena externa em uma rua residencial.","Aproximadamente dois carros em movimento, nenhum pedestre visível.",O carro branco permanece estacionado na rua durante toda a sequência. Não há sinais claros de comportamento de risco ou atividades suspeitas.,"""intelbras, frente direita"" e data/hora visíveis.","**Não**, não há indícios de comportamentos suspeitos ou risco na sequência observada.",camera_analyzer_prompt_external_street,False,False
event_20250403_111740_d2e012b2,7,motion_detected_with_yolo/event_20250403_111740_d2e012b2/0001_6990_20250307_101724_frame_20250403_111736_000127.jpg,6990,2025-03-07 10:17:24,"Ambiente interno, iluminação artificial, tipo do local: recepção ou sala de espera.",Uma pessoa visível usando um dispositivo eletrônico.,Nenhum comportamento de risco aparente observado; a pessoa está sentada e parece estar usando um dispositivo.,"""potted plant"", ""sink"", ""chair"", ""person"".","**Não**, comportamento tranquilo e sem sinais de risco.",camera_analyzer_prompt_external_street,False,False
event_20250408_154829_a5034a90,3,motion_detected_with_yolo/event_20250408_154829_a5034a90/0000_run_20250408_154829_frame.jpg,run,2025-04-08 15:48:29,"Dia, rua residencial com calçada e estacionamento frontal, boa iluminação.",Três pessoas visíveis nas imagens. Veículo branco parado ou em movimento lento.,Pessoas próximas a um veículo branco estacionado na rua. Não há sinais claros de comportamento suspeito ou de risco imediato.,"""news24 VIDEO"", ""NC"", ""SUBSCRIBED"", e URL do YouTube.","**Não**, não há comportamentos observáveis que indiquem risco imediato.",camera_analyzer_prompt_external_street,True,False
event_20250402_173700_99de4379,6,motion_detected_with_yolo/event_20250402_173700_99de4379/0001_53862_20250301_082830_frame_20250402_173659_000073.jpg,53862,2025-03-01 08:28:30,"Corredor interno com vista para uma área externa privada, provavelmente um acesso lateral. Imagens capturadas durante a noite com iluminação artificial.",Nenhuma pessoa ou movimento visível nas imagens.,Nenhum comportamento suspeito ou sinais de risco observados.,"Data e hora visíveis (03-01-2025 Sáb 05:31), ""Camera 04"".","**Não**, nenhuma atividade suspeita ou comportamento de risco aparente.",camera_analyzer_prompt_external_street,False,False
event_20250402_140508_b3297f10,7,motion_detected_with_yolo/event_20250402_140508_b3297f10/0001_6896_20250219_153816_frame_20250402_140502_000093.jpg,6896,2025-02-19 15:38:16,"Ambiente interno com vista para uma área externa privada, possivelmente um corredor ou garagem. A iluminação indica dia; o portão permite a entrada de luz.",Nenhuma pessoa visível nas imagens.,Não há sinais objetivos de comportamentos de risco; nenhum movimento ou atividade ao redor do portão.,"Data e hora visíveis, além de ""Camera 14"".","**Não**, sem atividade suspeita identificada.",camera_analyzer_prompt_external_street,False,False
event_20250403_102756_6e6690ad,6,motion_detected_with_yolo/event_20250403_102756_6e6690ad/0001_17204_20250307_002852_frame_20250403_102756_000065.jpg,17204,2025-03-07 00:28:52,Ambiente externo durante a noite; iluminação moderada; localização parece ser uma calçada próxima a uma rua residencial.,Não há presença aparente de pessoas ou veículos nos frames observados.,"Não há comportamentos suspeitos ou sinais de risco visíveis. Um objeto foi identificado como hidrante, mas não há interação observada.","""Frente L.D."" e marca d'água ""Intelbras"" aparecem nas imagens, junto com a data e hora.","**Não**, não há sinais de atividades suspeitas ou de risco com base nas imagens fornecidas.",camera_analyzer_prompt_external_street,False,False
event_20250408_154827_5840dcfb,4,motion_detected_with_yolo/event_20250408_154827_5840dcfb/0000_sit_20250408_154827_frame.jpg,sit,2025-04-08 15:48:27,"Ambiente interno, sala de espera ou escritório. Iluminação artificial clara.",N/A,"Uma pessoa está no chão em posição de proteção, indicando possível intimidação ou conflito.","""person"", ""bottle""","**Sim**, a pessoa no chão pode estar em situação de risco devido à postura protetora e ao comportamento dos outros que estão em pé.",camera_analyzer_prompt_external_street,True,True
event_20250410_145302_bc2a40d7,10,motion_detected_with_yolo/event_20250410_145302_bc2a40d7/0000_robbery_20250410_145302_frame.jpg,robbery,2025-04-10 14:53:02,"Área externa durante o dia, com boa iluminação. A cena se passa em frente a uma entrada cercada por grades, possivelmente a entrada de uma casa ou propriedade. Há um carro estacionado próximo ao portão.",Há pelo menos duas pessoas visíveis. Uma delas está próxima ao portão e parece tentar interagir com ele. O outro indivíduo aparece brevemente correndo ou saindo de cena. O carro está estacionado com uma pessoa próxima a ele.,"- Uma pessoa está interagindo ou manipulando o portão.
  - Outra pessoa passa rapidamente em frente ao portão, o que pode sugerir uma tentativa de ação coordenada.
  - Não há comportamento visível relacionado a motocicletas.","Marcas d'água visíveis ""SPAGöra.""","**Sim**, a presença de uma pessoa manipulando o portão e a aparição súbita de outra pessoa correndo sugere uma situação que pode representar risco de segurança, justificando precauções adicionais.",camera_analyzer_prompt_external_street,True,True
event_20250410_145304_5df71c7c,11,motion_detected_with_yolo/event_20250410_145304_5df71c7c/0000_break-in_20250410_145304_frame.jpg,break-in,2025-04-10 14:53:04,"Ambiente externo noturno, com iluminação moderada. Cena ocorre em uma calçada ao lado de um estabelecimento com portão fechado.",Duas pessoas visíveis próximas ao portão do imóvel.,"As duas pessoas estão paradas próximas ao portão por um período prolongado, o que pode sugerir tentativa de manipulação ou observação do local.",Nenhum,"**Sim**, devido à permanência prolongada junto ao portão, indicando potencial tentativa de acesso ou observação detalhada do local.",camera_analyzer_prompt_external_street,True,True
event_20250410_145302_ce327081,10,motion_detected_with_yolo/event_20250410_145302_ce327081/0000_robbery_20250410_145302_frame.jpg,robbery,2025-04-10 14:53:02,Ambiente interno de um estabelecimento com vista para a área de estacionamento. É noite e a iluminação é adequada.,"Aproximadamente oito pessoas presentes, algumas sentadas e outras em movimento rápido, aparentemente fugindo ou se afastando de algo. Um carro estacionado permanece em cena.","Pessoas parecem estar correndo para dentro, indicando fuga ou reação a um potencial perigo do lado de fora, apesar de não haver interação direta com elementos de risco visíveis na imagem.",Datas e horários visíveis nas imagens.,"**Sim**, a movimentação rápida das pessoas indica uma possível situação de pânico ou risco que requer atenção.",camera_analyzer_prompt_external_street,True,True
event_20250403_091449_291c9e77,10,motion_detected_with_yolo/event_20250403_091449_291c9e77/0001_55408_20250302_230353_frame_20250403_091449_000034.jpg,55408,2025-03-02 23:03:53,"Ambiente externo à noite, com iluminação de rua visível. Área visualizada parece ser uma garagem ou entrada com cobertura, com vista para um portão e a rua ao fundo.",Nenhuma pessoa visível. Um carro é visto passando pela rua no plano de fundo.,Não há comportamento suspeito ou ações que indiquem risco.,"Marca d'água ""Camera 03"" visível.","**Não**, não há indicativos de risco nas imagens observadas.",camera_analyzer_prompt_external_street,False,False
event_20250402_150013_48010d5c,11,motion_detected_with_yolo/event_20250402_150013_48010d5c/0001_8986_20250221_093219_frame_20250402_150013_000010.jpg,8986,2025-02-21 09:32:19,"Ambiente interno e externo observados. O interno parece ser um depósito com pouca iluminação; a parte externa é uma área aberta com um portão azul. As imagens internas estão em condição noturna, enquanto as externas mostram dias claros.",Nenhuma pessoa ou veículo visível nas cenas.,"Sem movimentação aparente de pessoas ou veículos. Há uma tela preta e o logotipo ""Hikvision"" indicando potencial reinício de câmera ou perda de sinal temporária.","HW VERSION V1.0, SW VERSION V1.04.54, ISP VERSION V1.02.54, OUTPUT TV, Hikvision, Camera 01, Camera 06.","**Não**, as imagens mostram áreas vazias e estáticas sem atividades suspeitas ou comportamentos de risco detectáveis.",camera_analyzer_prompt_external_street,False,False
event_20250402_140749_066ae6aa,17,motion_detected_with_yolo/event_20250402_140749_066ae6aa/0001_6883_20250219_153816_frame_20250402_140749_000048.jpg,6883,2025-02-19 15:38:16,"Cena externa durante o dia, com boa iluminação. A câmera está voltada para uma rua residencial com calçada e árvores.","Uma pessoa foi vista entrando num carro branco estacionado na rua. Após entrar, o veículo deixou o local sem sinais suspeitos.",Não foram observados comportamentos de risco visíveis. A pessoa entra no veículo de forma normal e sai do local.,"Detecção do objeto ""carro"" e ""bicicleta"" em algumas imagens.","**Não**, não foram identificados comportamentos ou sinais de risco na sequência de imagens.",camera_analyzer_prompt_external_street,False,False
event_20250402_173805_511a00be,6,motion_detected_with_yolo/event_20250402_173805_511a00be/0001_53862_20250301_082830_frame_20250402_173801_000133.jpg,53862,2025-03-01 08:28:30,"Área interna com vista para um corredor que leva a uma porta externa. A cena parece ser capturada de manhã cedo, com iluminação artificial.",Nenhuma pessoa ou veículo visível nas imagens.,Nenhuma atividade suspeita ou comportamento de risco observado.,"""Camera 04"" e data/hora visíveis.","**Não**, nenhuma ação suspeita ou presença incomum registrada.",camera_analyzer_prompt_external_street,False,False
event_20250402_150548_d33720ea,9,motion_detected_with_yolo/event_20250402_150548_d33720ea/0001_40425_20250221_185342_frame_20250402_150548_000004.jpg,40425,2025-02-21 18:53:42,"Área externa, semelhante a um quintal ou jardim, com escadas e plantações ao lado. A iluminação sugere que é durante o dia.","Uma pessoa é vista inicialmente, parece estar se movimentando rapidamente pela área.","A presença de uma pessoa na área, que parece mover-se rapidamente e estar parcialmente oculta.","""person"", ""potted plant""","**Sim**, a pessoa está em uma área onde normalmente não há circulação, movendo-se rapidamente e fora do campo de visão nas imagens seguintes. Isso justifica um nível de risco a ser investigado.",camera_analyzer_prompt_external_street,False,True
event_20250410_145304_ec9c81a1,11,motion_detected_with_yolo/event_20250410_145304_ec9c81a1/0000_climbing-wall_20250410_145304_frame.jpg,climbing-wall,2025-04-10 14:53:04,"Ambiente externo à noite, bem iluminado; área de entrada de condomínio ou prédio residencial.","Poucas pessoas passando na calçada, um veículo estacionado próximo ao portão do condomínio.",Nenhum comportamento suspeito observável como tentativas de forçar entrada ou presença prolongada de veículos/motos em posições suspeitas. As pessoas estão apenas passando e não demonstram interesse pelo imóvel.,Intelbras.,"**Não**, não há sinais evidentes de comportamento de risco na sequência de imagens.",camera_analyzer_prompt_external_street,True,False
event_20250408_154828_93f6f29a,2,motion_detected_with_yolo/event_20250408_154828_93f6f29a/0000_gun_20250408_154828_frame.jpg,gun,2025-04-08 15:48:28,"Ambiente interno, possivelmente uma recepção ou lobby, à noite com iluminação artificial.","Três pessoas presentes. Uma está em pé atrás de um balcão, enquanto a outra está na frente do balcão fazendo gestos. A terceira pessoa está sentada ao fundo.","Uma pessoa de pé parece estar interagindo de maneira potencialmente agressiva com a pessoa sentada no balcão, o que pode indicar uma situação de risco.",Nenhum,"**Sim**, a interação gestual e a postura das pessoas podem indicar uma situação de conflito ou risco potencial.",camera_analyzer_prompt_external_street,True,True
event_20250403_091655_aab5dcac,13,motion_detected_with_yolo/event_20250403_091655_aab5dcac/0001_55407_20250302_230353_frame_20250403_091655_000002.jpg,55407,2025-03-02 23:03:53,"Imagem externa noturna, com boa iluminação artificial. A área parece ser um acesso frontal com portões e uma pequena área aberta com mesas e cadeiras.",Aproximadamente duas pessoas estão paradas próximas ao portão olhando para a entrada. Um carro azul está estacionado próximo.,"As duas pessoas permanecem próximas ao portão, mas não há indicações de tentativa de entrada.","Marca d'água visível ""Camera 02"".","**Não**, não há ações suspeitas diretamente observadas nas imagens.",camera_analyzer_prompt_external_street,False,False
event_20250410_145303_53f4d622,5,motion_detected_with_yolo/event_20250410_145303_53f4d622/0000_robbery_20250410_145303_frame.jpg,robbery,2025-04-10 14:53:03,"Ambiente interno, iluminação artificial, parece ser uma recepção.","Aproximadamente duas pessoas, uma delas com trajes volumosos cobrindo o rosto.","Uma pessoa tenta acessar ou esconder algo próximo ao balcão de recepção de forma disfarçada, enquanto outra parece estar ajudando.","""toilet 0.51"" e ""BRASÍLIA 21°C"" visíveis.","**Sim**, comportamento suspeito de ocultação e movimentação sem contexto claro.",camera_analyzer_prompt_external_street,True,True
event_20250402_170453_c09018c0,12,motion_detected_with_yolo/event_20250402_170453_c09018c0/0001_4992_20250228_161321_frame_20250402_170453_000026.jpg,4992,2025-02-28 16:13:21,"Ambiente interno com vista para um jardim. Dia, boa iluminação natural.",Nenhuma pessoa ou veículo visível.,Nenhum comportamento suspeito observado.,Câmera 06,"**Não**, nenhuma atividade suspeita detectada.",camera_analyzer_prompt_external_street,False,False
event_20250405_210823_c277677b,28,motion_detected_with_yolo/event_20250405_210823_c277677b/0001_videoplayback_frame_20250405_210822_000002.jpg,videoplayback,,"Ambiente externo, durante o dia, com boa iluminação. A cena ocorre em uma rua residencial com veículos estacionados ao longo da calçada.","- Vários carros estacionados na rua.
  - Um carro em particular (um veículo de cor escura) para na rua e um passageiro desce do veículo.","- O veículo para na rua e uma pessoa desce, mas sem sinais de comportamento suspeito como manipulação de entrada ou permanência observável em frente ao imóvel.",Carros identificados com caixas delimitadoras e pontuações de confiança.,"**Não**, não há comportamentos suspeitos observados, apenas um desembarque de passageiro sem sinais de risco associado.",camera_analyzer_prompt_external_street,True,False
event_20250408_154827_fa7d2be8,2,motion_detected_with_yolo/event_20250408_154827_fa7d2be8/0000_throw_20250408_154827_frame.jpg,throw,2025-04-08 15:48:27,"Jardim residencial durante o dia, com boa iluminação.","Uma pessoa visível na cerca à direita da imagem, parecendo observar ou tentar acessar o jardim.","A pessoa está em uma posição elevada na cerca, o que pode indicar tentativa de entrada.","""car 0"" em destaque no canto superior direito da primeira imagem.","**Sim**, a posição da pessoa na cerca sugere um risco potencial de invasão.",camera_analyzer_prompt_external_street,True,True
event_20250408_154826_2a63d2a6,3,motion_detected_with_yolo/event_20250408_154826_2a63d2a6/0000_lying_down_20250408_154826_frame.jpg,lying,,"Ambiente interno, parece ser dia, com iluminação adequada. Local tipo garagem ou oficina.","Uma pessoa presente, interagindo com um carro. Veículo estacionado com porta aberta.",A pessoa parece escorregando ou caindo. Não há sinais claros de comportamento de risco como tentativa de furto.,FailArmy,"**Não**, nenhuma atividade suspeita ou comportamento de risco aparente.",camera_analyzer_prompt_external_street,True,False
event_20250403_091957_b1140755,6,motion_detected_with_yolo/event_20250403_091957_b1140755/0001_55406_20250302_230353_frame_20250403_091957_000024.jpg,55406,2025-03-02 23:03:53,"Ambiente externo à noite, com iluminação artificial. Câmera voltada para uma rua residencial em frente a um portão.","- Duas pessoas se movendo perto do portão.
  - Dois carros na rua, inicialmente parados ou movendo lentamente.","- Não há sinais evidentes de comportamento suspeito ou de tentativa de acesso indevido ao imóvel.
  - As pessoas e veículos aparentam estar em trânsito normal.","Visível: ""car"", ""person"" com valores de confiança variáveis.","**Não**, não há atividade incomum ou comportamentos que indicam risco nesta sequência.",camera_analyzer_prompt_external_street,False,False
event_20250403_101142_7b6e80c2,8,motion_detected_with_yolo/event_20250403_101142_7b6e80c2/0001_17201_20250307_002851_frame_20250403_101142_000035.jpg,17201,2025-03-07 00:28:51,"Ambiente externo à noite, iluminação artificial. Cena ocorre em uma rua residencial com portão de entrada visível.","Um carro passa rapidamente em frente ao imóvel, sem indícios de desaceleração ou parada.",Nenhum comportamento suspeito observado; o veículo passou diretamente sem parar ou hesitar.,"Frente,L,E","**Não**, o carro não apresenta comportamentos de risco, como desaceleração ou observação da propriedade.",camera_analyzer_prompt_external_street,False,False
event_20250403_091629_66f321a3,8,motion_detected_with_yolo/event_20250403_091629_66f321a3/0001_55408_20250302_230353_frame_20250403_091629_000132.jpg,55408,2025-03-02 23:03:53,"Ambiente externo, à noite, com iluminação suficiente para observar a rua e a calçada. A cena se passa em frente a um portão de entrada residencial.","Um veículo é visível nas primeiras imagens, se deslocando rapidamente pela rua. Nenhuma pessoa visível na calçada ou próximo ao portão.",Não há comportamentos suspeitos ou sinais de risco associados ao veículo observado. O carro está apenas transitando pela rua sem qualquer anomalia aparente.,"Existe uma marcação de data e hora na imagem: ""03-02-2025 Mon 29:06:38"", ""Camera 03"".","**Não**, não há comportamentos suspeitos observáveis na sequência de imagens apresentada.",camera_analyzer_prompt_external_street,False,False
event_20250403_091507_668f82d1,30,motion_detected_with_yolo/event_20250403_091507_668f82d1/0001_55408_20250302_230353_frame_20250403_091505_000050.jpg,55408,2025-03-02 23:03:53,Ambiente interno com vista para área externa privada. Condição noturna com iluminação por luzes externas. Área visualizada é provável quintal com portão visível.,Um veículo foi avistado passando pela rua; algumas pessoas também passaram pela calçada.,Nenhum comportamento incomum aparente. As pessoas e o veículo mantiveram-se na via pública.,Presença de câmera 03 e data/hora no canto superior da imagem.,"**Não**, a movimentação parece ser normal sem sinais de comportamentos suspeitos.",camera_analyzer_prompt_external_street,False,False
event_20250403_101234_154d0025,12,motion_detected_with_yolo/event_20250403_101234_154d0025/0001_17201_20250307_002851_frame_20250403_101234_000086.jpg,17201,2025-03-07 00:28:51,"Ambiente externo à noite, iluminação limitada. A cena ocorre em uma rua com calçada e cerca.",Um veículo passa pela rua.,"O veículo passa lentamente, mas não há indicações claras de comportamento arriscado, como permanência prolongada ou observação do imóvel.","""Frente,L,E"" e ""traffic light 0.48"" visíveis nas imagens.","**Não**, o veículo apenas transita pela rua sem comportamentos suspeitos evidentes.",camera_analyzer_prompt_external_street,False,False
event_20250408_154827_284d5dd6,6,motion_detected_with_yolo/event_20250408_154827_284d5dd6/0000_walk_20250408_154827_frame.jpg,walk,2025-04-08 15:48:27,"Ambiente externo, provavelmente durante o dia, com boa iluminação. A área visualizada é uma entrada ou frente de uma casa com jardim e calçada.","Uma pessoa foi detectada caminhando ao longe, do lado de fora do perímetro, em uma calçada pública.",A pessoa não está interagindo com o imóvel ou se aproximando da propriedade de forma suspeita.,"""person"" com diferentes valores de confiança nas imagens.","**Não**, pois a pessoa está apenas caminhando em uma área pública sem mostrar comportamento suspeito em relação ao imóvel.",camera_analyzer_prompt_external_street,True,False
event_20250403_110215_e1fda258,6,motion_detected_with_yolo/event_20250403_110215_e1fda258/0001_6984_20250307_101724_frame_20250403_110215_000004.jpg,6984,2025-03-07 10:17:24,"Área externa durante o dia, com boa iluminação. A cena acontece em uma calçada ou estacionamento em frente a um prédio.",Uma pessoa sentada sob um guarda-sol e um carro passando na rua.,"A pessoa está sentada, aparentemente usando um celular, sem movimentos suspeitos. O carro passa pela rua sem reduzir a velocidade ou parar.","""Camera: 01""","**Não**, não há comportamentos suspeitos ou indicativos de risco na cena apresentada.",camera_analyzer_prompt_external_street,False,False
event_20250410_145302_6b645c08,20,motion_detected_with_yolo/event_20250410_145302_6b645c08/0000_altercation_20250410_145302_frame.jpg,altercation,2025-04-10 14:53:02,"- Ambiente externo à noite.
  - Iluminação artificial nas proximidades.
  - Local da cena: rua residencial tranquila, com calçada e veículos estacionados.","- Várias pessoas visíveis, principalmente uma que carrega um objeto longo.
  - Presença de uma motocicleta parada e dois carros estacionados.
  - A motocicleta está próxima de um estabelecimento fechado.
  - O indivíduo carregando o objeto parece estar caminhando em direção a um local não visível nas imagens.","- A primeira pessoa observada carrega algo longo e pesado, possivelmente um objeto de construção, mas não demonstra intenção clara de acesso não autorizado.
  - A motocicleta está parada, mas não há comportamento suspeito perceptível em relação a ela.
  - Não há sinais de manipulação de entradas ou tentativas de forçar o acesso.","- Visível no canto superior esquerdo ""Intelbras"".","- **Não**, não há comportamentos suspeitos claros que indiquem risco de segurança. O cenário parece normal e não há indícios de atividades ilícitas.",camera_analyzer_prompt_external_street,True,False
event_20250403_114825_0411cb11,16,motion_detected_with_yolo/event_20250403_114825_0411cb11/0001_7640_20250307_134155_frame_20250403_114825_000030.jpg,7640,2025-03-07 13:41:55,"O ambiente é externo, durante o dia, com boa iluminação natural. A cena é em uma área externa com rampa, próximo a um prédio.",Não há pessoas ou veículos visíveis nas imagens.,"Nenhum comportamento suspeito ou sinal de risco identificável, pois não há presença de pessoas ou veículos.","Intelbras, Data e Hora (2025-08-07 10:42:06 a 10:42:36), RAMPA.","**Não**, nenhum risco aparente observável nas imagens, pois não há atividade humana ou veicular.",camera_analyzer_prompt_external_street,False,False
event_20250408_154828_a45f416a,4,motion_detected_with_yolo/event_20250408_154828_a45f416a/0000_run_20250408_154828_frame.jpg,run,2025-04-08 15:48:28,"Ambiente externo, aparentemente à noite. A iluminação é baixa com luzes artificiais. A cena parece ser em frente a uma entrada.",Uma pessoa próxima a um carro estacionado. O carro parece ser uma van.,"A pessoa está próxima à van, mas não há evidência clara de manipulação de fechaduras ou tentativas de entrar no veículo. A pessoa está parada ao lado do carro.","""Front Door"" visível nas imagens.","**Sim**, devido à presença de uma pessoa próxima a um carro estacionado à noite, no que parece ser uma situação sem atividade legítima aparente.",camera_analyzer_prompt_external_street,True,True
event_20250408_154830_8534a9f2,4,motion_detected_with_yolo/event_20250408_154830_8534a9f2/0000_sneak_20250408_154830_frame.jpg,sneak,2025-04-08 15:48:30,"Ambiente interno, iluminação noturna com câmera de visão noturna, parece ser uma sala de estar.",N/A,"As pessoas estão agachadas, aparentemente tentando se mover sem serem vistas ou detectadas pela câmera.",Nenhum,"**Sim**, a postura e o comportamento das pessoas, de tentar se esconder ou mover-se furtivamente, indicam potencial risco de invasão ou comportamento suspeito.",camera_analyzer_prompt_external_street,True,True
event_20250408_154828_714f6d56,2,motion_detected_with_yolo/event_20250408_154828_714f6d56/0000_gun_20250408_154828_frame.jpg,gun,2025-04-08 15:48:28,"Ambiente interno de loja, bem iluminado, possivelmente à noite.","Duas pessoas identificadas; uma parece estar de pé junto a uma prateleira, outra está próxima.","Nenhum comportamento de risco claro, como tentativa de forçar gavetas ou retirar objetos disfarçadamente, observado.","""person"", com valores de confiança.","**Não**, comportamentos normais para um ambiente de loja.",camera_analyzer_prompt_external_street,True,False
event_20250403_092010_6fe6424e,10,motion_detected_with_yolo/event_20250403_092010_6fe6424e/0001_55406_20250302_230353_frame_20250403_092005_000031.jpg,55406,2025-03-02 23:03:53,"Ambiente externo em uma rua à noite, com boa iluminação.",Aproximadamente duas pessoas e vários carros visíveis em diferentes frames.,"1. Um pedestre aparece caminhando, não indicando comportamento suspeito.
  2. Veículos estão em movimento constante, sem estarem parados por tempo prolongado ou em comportamentos suspeitos.","Marcas de detecção nas imagens (ex.: ""car"", ""person"").","**Não**, não há sinais evidentes de comportamento de risco nos frames apresentados.",camera_analyzer_prompt_external_street,False,False
event_20250402_134706_4376a9ef,8,motion_detected_with_yolo/event_20250402_134706_4376a9ef/0001_6888_20250219_153816_frame_20250402_134706_000056.jpg,6888,2025-02-19 15:38:16,"Ambiente interno, possivelmente um elevador. Boa iluminação artificial. Tipo do local: elevador.",Nenhuma pessoa visível nas imagens.,Sem atividade aparente de risco. O elevador parece vazio em todas as imagens.,"Data e hora visíveis, ""Camera 06"" assinado.","**Não**, sem sinais de comportamento suspeito ou de risco.",camera_analyzer_prompt_external_street,False,False
event_20250410_145302_e3f6e863,13,motion_detected_with_yolo/event_20250410_145302_e3f6e863/0000_robbery_20250410_145302_frame.jpg,robbery,2025-04-10 14:53:02,"Ambiente interno, bem iluminado. Local parece ser uma pequena recepção ou escritório.","Aproximadamente quatro pessoas visíveis, atuando em um espaço pequeno. Uma pessoa parece estar cobrindo o rosto enquanto outra está interagindo com alguém sentado.","- Um indivíduo cobriu o rosto ao entrar. 
  - Um dos indivíduos se dirige rapidamente em direção à porta, enquanto outro está próximo a uma janela.
  - A presença de movimentação rápida e de forma planejada sugere comportamento suspeito.","""sbtnews"", ""Ideal"", e detalhes de data e local.","**Sim**, devido ao comportamento dos indivíduos, como cobrir o rosto e movimentação rápida e planejada dentro do ambiente, indicando potencial ameaça ou risco.",camera_analyzer_prompt_external_street,True,True
event_20250410_145304_750feb15,21,motion_detected_with_yolo/event_20250410_145304_750feb15/0000_climbing-wall_20250410_145304_frame.jpg,climbing-wall,2025-04-10 14:53:04,"Ambiente externo durante a noite, com iluminação precária. A cena ocorre em uma rua pavimentada ao lado de uma calçada.","Duas pessoas são visíveis na sequência. Uma pessoa está carregando um grande saco/plástico, enquanto a outra parece observar.","Uma das pessoas parece tentar manipular ou mexer em algo na lateral da rua, talvez em uma parede ou portão. A permanência e ações dos indivíduos podem ser suspeitas dado o horário e o comportamento de mexer na estrutura.","""person 0.67"" é visível em um dos quadros.","**Sim**, devido à tentativa de manipulação de um possível portão ou muro durante a noite, o que pode indicar uma tentativa de invasão.",camera_analyzer_prompt_external_street,True,True
event_20250410_145303_9ad868ab,14,motion_detected_with_yolo/event_20250410_145303_9ad868ab/0000_robbery_20250410_145303_frame.jpg,robbery,2025-04-10 14:53:03,"Ambiente externo em uma rua residencial durante o dia, com iluminação natural.","- Um carro prata visível em várias imagens.
  - Uma pessoa sai do carro e movimenta-se ao redor dele.
  - Uma motocicleta com pelo menos duas pessoas se aproxima do carro.","- O carro está parado com as portas abertas, sugerindo possível exposição a roubo.
  - A aproximação de uma motocicleta com duas pessoas pode indicar risco, dada a possibilidade de roubo em andamento.","car, fire hydrant, person, motorcycle.","**Sim**, devido à aproximação da motocicleta com duas pessoas em um contexto de carro parado com portas abertas, o que pode indicar risco de roubo ou abordagem suspeita.",camera_analyzer_prompt_external_street,True,True
event_20250410_145304_2bed5305,12,motion_detected_with_yolo/event_20250410_145304_2bed5305/0000_climbing-wall_20250410_145304_frame.jpg,climbing-wall,2025-04-10 14:53:04,"Ambiente externo, dia com iluminação adequada. Cena localizada em frente a um portão com cerca de arame farpado.","Uma pessoa visível, aparentemente tentando escalar ou atravessar a cerca.","A pessoa está em contato direto com o portão e a cerca farpada, exibindo comportamento de invasão ao tentar superar a barreira de segurança.","""person"" com diferentes níveis de confiança.","**Sim**, tentativa de invasão aparente ao superar barreira de segurança.",camera_analyzer_prompt_external_street,True,True
event_20250403_091138_c85f8cb2,12,motion_detected_with_yolo/event_20250403_091138_c85f8cb2/0001_55410_20250302_230353_frame_20250403_091138_000004.jpg,55410,2025-03-02 23:03:53,Ambiente externo à noite com boa iluminação. A cena ocorre em uma área de portão de entrada com visão de uma rua movimentada.,"Vários veículos estão passando pela rua, mas não há presença de pessoas próximas ao portão ou na calçada próxima.","Não há nenhum comportamento suspeito aparente, como permanência prolongada ou tentativas de manipulação do portão.","""Camera 05"" e data/hora visíveis.","**Não**, sem sinais objetivos de comportamento de risco.",camera_analyzer_prompt_external_street,False,False
event_20250408_154826_0a86d63c,4,motion_detected_with_yolo/event_20250408_154826_0a86d63c/0000_grab_20250408_154826_frame.jpg,grab,2025-04-08 15:48:26,"Ambiente interno, bem iluminado, parece ser uma loja ou recepção.","Três pessoas visíveis. Duas estão no balcão de atendimento, uma parece ser cliente e outra atendente. Uma terceira pessoa está ao fundo.",Não há comportamentos de risco evidentes. As pessoas estão em interações normais de atendimento.,Nenhum,"**Não**, nenhuma ação suspeita ou de risco aparente foi observada.",camera_analyzer_prompt_external_street,True,False
event_20250403_113409_13e3515e,35,motion_detected_with_yolo/event_20250403_113409_13e3515e/0001_7647_20250307_134155_frame_20250403_113409_000117.jpg,7647,2025-03-07 13:41:55,"Ambiente externo, durante o dia, com boa iluminação. A cena ocorre em uma rua residencial com calçada e carros estacionados.","Há diversos veículos na cena, incluindo carros estacionados e em movimento. Um carro em particular é destacado em várias imagens.","Não há comportamentos suspeitos visíveis, como manipulação de entradas ou presença prolongada de motos.","""intelbras"", ""frente esquerda"", ""cozinha"".","**Não**, não há comportamentos de risco identificados nas imagens fornecidas.",camera_analyzer_prompt_external_street,False,False
event_20250403_091909_dcb3fc90,35,motion_detected_with_yolo/event_20250403_091909_dcb3fc90/0001_55407_20250302_230353_frame_20250403_091906_000129.jpg,55407,2025-03-02 23:03:53,"Ambiente externo, durante a noite com iluminação pública visível. A cena acontece em frente a uma calçada e portão de entrada de um imóvel, em uma área urbana.","- Há a presença de várias pessoas caminhando, alguns carros e uma bicicleta.
  - Nenhum comportamento visualmente associado a risco observado, como forçar entradas ou vigilância do imóvel.","- Pessoas caminhando nas calçadas sem indícios de hesitação ou observação do imóvel.
  - Bicicleta passando na frente, sem redução de velocidade suspeita ou parada.
  - Carros em movimento sem parar ou diminuir de forma suspeita em frente ao imóvel.","Presença de marcações como ""toilet"" e ""traffic light"" nas imagens.","**Não**, não há justificativa para classificação de risco com base nos comportamentos observados.",camera_analyzer_prompt_external_street,False,False
event_20250403_110621_6b0b2685,43,motion_detected_with_yolo/event_20250403_110621_6b0b2685/0001_6985_20250307_101724_frame_20250403_110621_000090.jpg,6985,2025-03-07 10:17:24,Ambiente externo durante o dia. Boa iluminação. Local é uma rua residencial com calçada e estacionamento frontal visíveis.,"Presença de várias pessoas no local, algumas andando pela calçada. Tráfego de veículos, incluindo carros e um ônibus. Nenhum comportamento suspeito relacionado a motos foi observado.","Não há sinais objetivos de risco, como tentativas de acesso, veículos circulando de forma suspeita ou pessoas agindo de maneira inusual.","A presença das caixas coloridas indicando objetos detectados (""car"", ""person"", ""bus"").","**Não**, não há comportamentos ou sinais de risco observáveis na sequência de imagens.",camera_analyzer_prompt_external_street,False,False
event_20250403_092056_211edf58,29,motion_detected_with_yolo/event_20250403_092056_211edf58/0001_55406_20250302_230353_frame_20250403_092056_000081.jpg,55406,2025-03-02 23:03:53,"Ambiente externo, à noite, bem iluminado. Localização parece ser uma rua residencial com vista para a entrada de um imóvel.",Várias pessoas e carros em movimento ao longo do vídeo. Não há motocicletas ou veículos parando por períodos prolongados.,"Não há sinais evidentes de comportamento de risco, como tentativa de forçar entradas ou movimentações suspeitas.","Datas e horários são visíveis na filmagem; marca d'água ""Camera 01"".","**Não**, não há comportamentos suspeitos ou indicativos de risco na análise das imagens.",camera_analyzer_prompt_external_street,False,False
event_20250408_154827_aa517d3e,3,motion_detected_with_yolo/event_20250408_154827_aa517d3e/0000_hit_20250408_154827_frame.jpg,hit,2025-04-08 15:48:27,"Ambiente interno com boa iluminação, provavelmente à noite, em uma área semelhante a uma sala de espera.","Três pessoas presentes. Dois indivíduos interagindo, parecem estar em um abraço. Outra pessoa sentada à esquerda, sem envolvimento direto.",Nenhum comportamento claramente agressivo ou destrutivo observado. As ações parecem relacionadas a uma interação pessoal.,Timestamp visível.,"**Não**, não há indicação de comportamento de risco na cena.",camera_analyzer_prompt_external_street,True,False
event_20250410_145304_dc57fbbf,13,motion_detected_with_yolo/event_20250410_145304_dc57fbbf/0000_robbery_20250410_145304_frame.jpg,robbery,2025-04-10 14:53:04,"Ambiente externo à noite, iluminação artificial evidente. Rua residencial com calçadas e portões visíveis.","Aproximadamente duas pessoas foram observadas, além de uma motocicleta. As pessoas estão andando pela rua. A motocicleta se aproxima e depois volta a passar.","- A motocicleta aparece reduzindo a velocidade em frente aos imóveis.
  - Movimentação de pessoas pela calçada.
  - A moto circula pela área mais de uma vez.","Car, Potted Plant, Person","**Sim**, devido à presença de uma motocicleta que reduz a velocidade e circula mais de uma vez, indicando potencial risco.",camera_analyzer_prompt_external_street,True,True
event_20250408_154828_d52e4f52,4,motion_detected_with_yolo/event_20250408_154828_d52e4f52/0000_fall_20250408_154828_frame.jpg,fall,2025-04-08 15:48:28,"Ambiente externo à noite, em uma calçada de rua com iluminação pública.","Presença de três pessoas visíveis, com um possível animal (em um dos frames identificado incorretamente como ""cavalo""). Não há veículos suspeitos próximos.","As pessoas estão interagindo de pé na calçada, sem sinais claros de risco como tentativa de invasão ou comportamento suspeito em relação ao imóvel.","""Person"", ""Dog"", ""Horse"", ""Car"".","**Não**, não há comportamentos de risco óbvios observados na sequência de imagens.",camera_analyzer_prompt_external_street,True,False
event_20250408_154827_126ad03b,8,motion_detected_with_yolo/event_20250408_154827_126ad03b/0000_hit_20250408_154827_frame.jpg,hit,2025-04-08 15:48:27,"Cena noturna em ambiente de rua urbana, com boa iluminação.",Aproximadamente 5 a 7 pessoas presentes; motos estacionadas na calçada.,"Confronto físico entre várias pessoas; agitação evidente; motocicleta presente, mas não diretamente envolvida na ação.",Texto não identificado na imagem.,"**Sim**, devido a atividade violenta e potencial insegurança associada.",camera_analyzer_prompt_external_street,True,True
event_20250408_154827_199ade09,3,motion_detected_with_yolo/event_20250408_154827_199ade09/0000_lying_down_20250408_154827_frame.jpg,lying,,"Ambiente interno, bem iluminado, provavelmente uma sala de tribunal.",Aproximadamente nove pessoas presentes. Duas pessoas no chão em uma possível contenção física. As outras estão paradas observando a situação.,"Acompanhantes calmos, mas a presença de contenção física no chão pode indicar uma situação de controle ou intervenção de segurança.",Nenhum,"**Sim**, ação de contenção física indica potencial risco ou necessidade de controle de segurança.",camera_analyzer_prompt_external_street,True,True
event_20250408_154827_d86737e3,6,motion_detected_with_yolo/event_20250408_154827_d86737e3/0000_walk_20250408_154827_frame.jpg,walk,2025-04-08 15:48:27,Rua externa durante o dia com boa iluminação. Ambiente parece ser residencial.,Dois pedestres caminham na rua. Um carro passa próximo aos pedestres.,Nenhum comportamento suspeito observado. As pessoas estão caminhando normalmente. O carro está apenas passando.,Nenhum,"**Não**, não há comportamentos que indiquem risco potencial na sequência de imagens.",camera_analyzer_prompt_external_street,True,False
event_20250410_145302_b885e6c1,15,motion_detected_with_yolo/event_20250410_145302_b885e6c1/0000_robbery_20250410_145302_frame.jpg,robbery,2025-04-10 14:53:02,"Ambiente interno durante a noite, com iluminação artificial. Parece ser uma área de refeições ou cozinha.","Quatro pessoas estão visíveis em várias imagens. Duas delas estão sentadas, enquanto as outras entram e saem do ambiente.","Nenhum comportamento agressivo ou destrutivo é identificado. Parece ser uma interação social normal, com pessoas se movimentando e conversando.","""JornalDaRecord"" aparece como uma marca d'água nas imagens.","**Não**, não há sinais de risco aparente. As pessoas parecem estar em um ambiente social comum, sem atividades suspeitas ou agressivas.",camera_analyzer_prompt_external_street,True,False
event_20250410_145304_dcaae9e4,8,motion_detected_with_yolo/event_20250410_145304_dcaae9e4/0000_climbing-wall_20250410_145304_frame.jpg,climbing-wall,2025-04-10 14:53:04,Ambiente interno com vista para área externa privada; parece ser noite com iluminação por câmeras de visão noturna; área visualizada inclui um quintal com piscina.,"Há duas pessoas visíveis; uma está no muro, e a outra próxima à piscina.",Uma pessoa no muro pode indicar tentativa de invasão; a presença de pessoas em áreas não comuns nesse horário é suspeita.,#JornaldaRecord,"**Sim**, presença de pessoas em áreas restritas e comportamento suspeito em um horário inadequado indicam risco alto.",camera_analyzer_prompt_external_street,True,True
event_20250408_154828_5a4b81bc,5,motion_detected_with_yolo/event_20250408_154828_5a4b81bc/0000_run_20250408_154828_frame.jpg,run,2025-04-08 15:48:28,"Cena externa, à noite, com boa iluminação na rua. Local é uma via urbana.",Vários pedestres se movendo na rua em direção a um carro preto. O carro está parado.,Grupo de pessoas está se aproximando do carro parado. Alguém parece interagir com o veículo. A movimentação pode indicar uma possível tentativa de abordagem ao veículo.,"""FRONT"", ""CAM 1"", data e hora visíveis.","**Sim**, comportamento suspeito de abordagem em grupo ao veículo parado.",camera_analyzer_prompt_external_street,True,True
event_20250410_145302_7293e8c6,10,motion_detected_with_yolo/event_20250410_145302_7293e8c6/0000_altercation_20250410_145302_frame.jpg,altercation,2025-04-10 14:53:02,Rua residencial durante o dia com boa iluminação.,"Duas pessoas inicialmente interagindo, uma delas aparentemente em posse de uma bicicleta ou motocicleta.","- A sequência sugere um aparente confronto ou assalto na via pública.
  - Uma pessoa parece reagir contra a outra, possivelmente em uma tentativa de roubo.
  - Presença de motocicleta na cena, comum em abordagens rápidas.",intelbras / geral.,"**Sim**, devido ao possível confronto ou tentativa de roubo, indicativo de alta atividade suspeita.",camera_analyzer_prompt_external_street,True,True
event_20250403_091821_49781bba,46,motion_detected_with_yolo/event_20250403_091821_49781bba/0001_55407_20250302_230353_frame_20250403_091814_000079.jpg,55407,2025-03-02 23:03:53,"Ambiente externo durante a noite. A iluminação é suficiente para visualização, com iluminação pública e luzes dos veículos. A cena se passa em uma rua urbana com calçada e portão de entrada visíveis.","Há várias pessoas caminhando ao longo da calçada. Diversos carros estão trafegando pela rua, mas nenhum veículo aparenta estar parado por um tempo prolongado, tampouco há motocicletas em atividade suspeita.","Não foram observados comportamentos indicativos de risco, como tentativas de manipular entradas ou movimentação hesitante. As pessoas parecem estar se deslocando normalmente sem demonstrar interesse específico pelo imóvel.","Diversos carros foram identificados nas imagens; há marcas identificando ""car"", mas nenhuma marca d'água adicional ou texto relevante foi detectado.","**Não**, não há sinais de atividades ou comportamentos suspeitos que indiquem um risco iminente à segurança no local observado.",camera_analyzer_prompt_external_street,False,False
event_20250402_142436_bcc6c37c,33,motion_detected_with_yolo/event_20250402_142436_bcc6c37c/0001_6884_20250219_153816_frame_20250402_142436_000046.jpg,6884,2025-02-19 15:38:16,Ambiente externo durante o dia com boa iluminação; cena localizada em uma rua residencial com calçada e árvores.,"Aproximadamente duas pessoas visíveis inicialmente, uma delas interagindo com um carro branco estacionado. Vários veículos passam, incluindo carro e bicicleta.","Duas pessoas estão próximas a um carro. Uma delas abre a porta do carro parado, mas como não há sinal de forçar entrada, e a seguir o carro sai, parece ser uma ação legítima.","Marca d'água visível indicando ""Camera 02"" e data.","**Não**, nenhuma atividade suspeita objetiva foi observada. A pessoa entrou no carro e partiu sem sinais de comportamento suspeito.",camera_analyzer_prompt_external_street,False,False
event_20250410_145303_53a482af,9,motion_detected_with_yolo/event_20250410_145303_53a482af/0000_robbery_20250410_145303_frame.jpg,robbery,2025-04-10 14:53:03,"Ambiente externo à noite, com iluminação suficiente para visualizar a rua residencial, uma calçada e um portão de entrada.",Um carro está estacionado na frente do imóvel. Uma pessoa aparece indo em direção ao carro e entra nele rapidamente.,"A ação da pessoa entrando apressadamente no carro pode ser interpretada como uma tentativa de se evadir de uma situação, mas carece de outros sinais objetivos de risco, como hesitação ou movimentos suspeitos adicionais.","""car 0.89"" e variações no tempo.","**Não**, pois, além da entrada rápida no carro, não há outras evidências claras que indiquem um comportamento de risco iminente.",camera_analyzer_prompt_external_street,True,False
event_20250402_134858_0c08b61e,6,motion_detected_with_yolo/event_20250402_134858_0c08b61e/0001_6887_20250219_153904_frame_20250402_134858_000010.jpg,6887,2025-02-19 15:39:04,"Ambiente interno iluminado durante o dia, com visão para uma garagem ou área de estacionamento.",Presença de um veículo na garagem; não há pessoas visíveis nas imagens.,Nenhum comportamento suspeito ou de risco foi observado.,"Data e hora visíveis, ""Cameras #5"".","**Não**, não há sinais de risco aparente nesta sequência de imagens.",camera_analyzer_prompt_external_street,False,False
event_20250410_145303_f653ab78,5,motion_detected_with_yolo/event_20250410_145303_f653ab78/0000_robbery_20250410_145303_frame.jpg,robbery,2025-04-10 14:53:03,"Ambiente externo durante o dia, boa iluminação. Localizado em uma rua residencial com calçada e estacionamento frontal.","Uma pessoa caminhando na calçada e um carro estacionado na entrada. A pessoa se move de forma contínua pela cena, sem comportamento hesitante ou observador.",Nenhum comportamento suspeito observável. A pessoa caminha de forma normal sem demonstrar interesse específico na propriedade.,"""Ring.com"" e ""FOX TV Stations"" visíveis nas imagens.","**Não**, a atividade capturada parece normal e não demonstra sinais imediatos de ameaça à segurança.",camera_analyzer_prompt_external_street,True,False
event_20250403_103142_fb391f55,9,motion_detected_with_yolo/event_20250403_103142_fb391f55/0001_17205_20250307_002852_frame_20250403_103142_000133.jpg,17205,2025-03-07 00:28:52,"Ambiente externo à noite, com iluminação artificial. Cena parece ser em um local com materiais armazenados, como um pátio ou terreno cercado.",Aproximadamente uma pessoa identificada nas proximidades dos objetos armazenados.,"A pessoa identificada está andando próximo aos objetos, mas não há sinais claros de atividade suspeita, como tentativa de manipulação de entradas ou comportamentos evasivos.","""L.D. Fundos"" e ""Intelbras"" visíveis.","**Não**, não foram observados comportamentos diretamente associados a risco na sequência de imagens.",camera_analyzer_prompt_external_street,False,False
event_20250408_154826_c294253d,2,motion_detected_with_yolo/event_20250408_154826_c294253d/0000_kick_20250408_154826_frame.jpg,kick,2025-04-08 15:48:26,"Ambiente externo durante o dia, com iluminação natural. A área é um quintal ou entrada da frente de uma casa.",Uma pessoa aparentemente encapuzada e em movimento rápido. Um carro está estacionado próximo.,A presença de uma pessoa encapuzada correndo em direção à propriedade pode indicar um comportamento suspeito.,"Marcas d'água visíveis: ""SWNS"" e ""West Midlands Police"".","**Sim**, a corrida e o comportamento da pessoa indicam um risco potencial, especialmente considerando a vestimenta e a aproximação rápida à propriedade.",camera_analyzer_prompt_external_street,True,True
event_20250403_101111_73ee91ec,6,motion_detected_with_yolo/event_20250403_101111_73ee91ec/0001_17201_20250307_002851_frame_20250403_101111_000004.jpg,17201,2025-03-07 00:28:51,"Cena externa, à noite. A iluminação parece ser fornecida por uma luz artificial próxima. Localizado em frente a uma área cercada ou murada.","Apenas uma pessoa visível, sentada ou agachada próximo à entrada.",A pessoa está parada próxima à entrada. Não há sinais claros de comportamento suspeito além da permanência.,"Frente,L,E","**Sim**, devido à presença de uma pessoa parada em frente à entrada à noite, o que pode representar algum nível de risco até que se entenda a intenção.",camera_analyzer_prompt_external_street,False,True
event_20250403_110251_48dc17db,10,motion_detected_with_yolo/event_20250403_110251_48dc17db/0001_6984_20250307_101724_frame_20250403_110250_000039.jpg,6984,2025-03-07 10:17:24,"Ambiente externo durante o dia, em frente a uma rua residencial com calçada visível.","- Veículos: Um carro aparece passando pela rua em algumas imagens.
  - Pessoas: Ciclistas passando pela rua.",Não há comportamentos suspeitos ou associados a risco observados nas imagens. Os veículos e ciclistas estão apenas transitando.,"""car"", ""sports ball""","**Não**, o fluxo de pessoas e veículos parece normal e não há sinais de comportamento suspeito.",camera_analyzer_prompt_external_street,False,False
event_20250403_114910_ef2d8eb6,7,motion_detected_with_yolo/event_20250403_114910_ef2d8eb6/0001_7640_20250307_134155_frame_20250403_114910_000075.jpg,7640,2025-03-07 13:41:55,"Ambiente externo em uma rampa de entrada, durante o dia com boa iluminação. A cena ocorre próximo a um prédio, com uma planta ao lado da rampa.",Nenhuma pessoa ou veículo visível nas imagens.,"Nenhum comportamento de risco observado, pois não há pessoas ou veículos.","""intelbras"", ""RAMPA"", data e hora visíveis.","**Não**, não há sinais de risco aparente, pois a cena está vazia.",camera_analyzer_prompt_external_street,False,False
event_20250403_103035_5012da09,9,motion_detected_with_yolo/event_20250403_103035_5012da09/0001_17205_20250307_002852_frame_20250403_103034_000066.jpg,17205,2025-03-07 00:28:52,"Ambiente externo à noite, com iluminação artificial. Local aparenta ser uma área com materiais empilhados, possivelmente um depósito ou local de armazenamento.",Duas pessoas são detectadas em diferentes momentos na sequência de imagens. Não há veículos visíveis.,Não há sinais claros de comportamento suspeito. As pessoas não parecem estar forçando entradas ou demonstrando permanecer por período prolongado em frente a um imóvel.,"""Intelbras"" e ""L.D. Fundos"" visíveis nas imagens.","**Não**, o comportamento das pessoas não indica risco imediato na sequência analisada.",camera_analyzer_prompt_external_street,False,False
event_20250403_115717_1c794723,8,motion_detected_with_yolo/event_20250403_115717_1c794723/0001_7639_20250307_134155_frame_20250403_115717_000090.jpg,7639,2025-03-07 13:41:55,"Ambiente externo, dia, boa iluminação. Local: rua residencial com calçada e estacionamento frontal.",Aproximadamente três carros presentes. Um veículo branco está estacionado na rua e um outro veículo passa lentamente ao lado.,"Não há sinais objetivos de risco. O veículo branco está parado, e não há indivíduos forçando entradas ou mostrando comportamento suspeito.","Intelbras, frente direita","**Não**, não há justificativa observável para classificar esta cena como risco.",camera_analyzer_prompt_external_street,False,False
event_20250403_111707_745eb95c,6,motion_detected_with_yolo/event_20250403_111707_745eb95c/0001_6990_20250307_101724_frame_20250403_111707_000098.jpg,6990,2025-03-07 10:17:24,"Ambiente interno de escritório ou recepção, iluminado artificialmente à noite.","Uma pessoa visível próxima ao balcão, aparentemente manuseando algo sobre ele.",Nenhum comportamento de risco observado. A pessoa parece estar engajada em atividade normal sobre o balcão.,"""potted plant"", ""chair""","**Não**, nenhuma atividade suspeita ou comportamento de risco observado.",camera_analyzer_prompt_external_street,False,False
event_20250403_115036_e936a192,10,motion_detected_with_yolo/event_20250403_115036_e936a192/0001_16312_20250307_134155_frame_20250403_115036_000004.jpg,16312,2025-03-07 13:41:55,Escritório interno durante o dia com boa iluminação.,"Uma pessoa visível, movendo-se pelo ambiente de trabalho de maneira tranquila.",Nenhum comportamento de risco visível; a pessoa parece estar organizando ou verificando objetos.,"""Escritório"", ""intelbras"", data e hora.","**Não**, a atividade observada é típica de um ambiente de escritório sem sinais de risco.",camera_analyzer_prompt_external_street,False,False
