folder_name,image_count,first_image,cam_id,event_datetime,contexto,pessoas,comportamentos,label,avaliacao,scenario_type,real,predict
event_20250402_133726_41ca0095,8,motion_detected/event_20250402_133726_41ca0095/0001_6890_20250219_153816_frame_20250402_133726_000010.jpg,6890,2025-02-19 15:38:16,"Estacionamento coberto, dia, iluminação natural.",Uma pessoa visível caminhando pelo estacionamento.,"A pessoa está apenas transitando, sem interação suspeita com veículos ou áreas restritas.",Data e hora visíveis.,"**Não**, a pessoa parece estar apenas passando pelo local sem comportamento suspeito.",camera_analyzer_prompt_internal_to_outside,False,False
event_20250402_142333_c72d52a0,9,motion_detected/event_20250402_142333_c72d52a0/0001_6890_20250219_153905_frame_20250402_142332_000010.jpg,6890,2025-02-19 15:39:05,"Ambiente interno com vista para uma área externa privada, possivelmente uma garagem. É dia, com boa iluminação natural.","Uma pessoa foi detectada na primeira imagem, caminhando na área da garagem.","A pessoa está transitando pela garagem, mas não há sinais de comportamento suspeito, como tentativa de abrir veículos ou acessar áreas restritas.","""Camera 08"" visível nas imagens.","**Não**, a presença da pessoa na garagem não indica comportamento de risco aparente.",camera_analyzer_prompt_internal_to_outside,False,False
event_20250408_154828_92f9ba46,3,motion_detected/event_20250408_154828_92f9ba46/0000_stand_20250408_154828_frame.jpg,stand,2025-04-08 15:48:28,"Ambiente interno, bem iluminado, parece ser uma loja.","Uma pessoa visível, caminhando e olhando para os produtos na parede.","A pessoa está apenas olhando os produtos, sem sinais de comportamento suspeito ou agressivo.",CAM 1,"**Não**, não há comportamentos de risco aparentes.",camera_analyzer_prompt_internal_closed,False,False
event_20250403_113340_c77d7f02,6,motion_detected/event_20250403_113340_c77d7f02/0001_7647_20250307_134155_frame_20250403_113340_000088.jpg,7647,2025-03-07 13:41:55,"Ambiente externo durante o dia, com boa iluminação. A cena ocorre em uma rua residencial com calçada visível.","Aproximadamente três carros visíveis em diferentes momentos. Um veículo identificado como ""boat"" parece ser um erro de detecção, provavelmente um carro.","Não há comportamentos suspeitos observáveis, como manipulação de entradas ou circulação lenta de motocicletas.","""intelbras"" e data/hora visíveis.","**Não**, não há sinais objetivos de risco na sequência de imagens.",camera_analyzer_prompt_external_street,False,False
event_20250410_145304_58dfd8c0,15,motion_detected/event_20250410_145304_58dfd8c0/0000_climbing-wall_20250410_145304_frame.jpg,climbing-wall,2025-04-10 14:53:04,"Ambiente externo à noite, com boa iluminação. Localização em frente a um portão de entrada de uma propriedade.",Aproximadamente uma pessoa detectada. A pessoa parece estar escalando o portão.,"A pessoa foi vista escalando o portão, o que é um comportamento associado a risco de invasão.",Intelbras,"**Sim**, devido ao comportamento de escalada do portão, indicando uma possível tentativa de invasão.",camera_analyzer_prompt_external_street,True,True
event_20250408_154827_75a2a6c1,5,motion_detected/event_20250408_154827_75a2a6c1/0000_walk_20250408_154827_frame.jpg,walk,2025-04-08 15:48:27,"Ambiente interno, bem iluminado, possivelmente uma loja ou recepção com exposição de produtos.",Aproximadamente duas pessoas visíveis. Uma pessoa está olhando para produtos em uma prateleira.,Nenhum comportamento de risco aparente. A pessoa está apenas observando os produtos.,CAM 1,"**Não**, não há sinais de comportamento suspeito ou de risco.",camera_analyzer_prompt_internal_closed,True,False
event_20250402_142629_1e214b45,16,motion_detected/event_20250402_142629_1e214b45/0001_6888_20250219_153904_frame_20250402_142629_000001.jpg,6888,2025-02-19 15:39:04,"Ambiente interno, iluminação artificial, elevador.",Duas pessoas. Uma pessoa está dentro do elevador com uma caixa e um objeto no chão. Outra pessoa entra e pega a caixa.,Nenhum comportamento de risco aparente. As ações parecem ser de mudança ou transporte de objetos.,Camera 06,"**Não**, as ações observadas são normais e não indicam risco.",camera_analyzer_prompt_internal_closed,False,False
event_20250408_154827_fbf1558e,3,motion_detected/event_20250408_154827_fbf1558e/0000_lying_down_20250408_154827_frame.jpg,lying,,"Ambiente interno, iluminação artificial, loja.","Duas pessoas visíveis. Uma pessoa está deitada no chão, enquanto outra está próxima ao balcão.","Uma pessoa está deitada no chão, o que pode indicar uma emergência médica ou situação de risco.","CH8, data e hora visíveis.","**Sim**, devido à presença de uma pessoa deitada no chão, o que pode indicar uma situação de emergência.",camera_analyzer_prompt_internal_closed,True,True
event_20250403_102654_82623f65,6,motion_detected/event_20250403_102654_82623f65/0001_17204_20250307_002852_frame_20250403_102654_000004.jpg,17204,2025-03-07 00:28:52,"Ambiente externo à noite, com iluminação artificial. Local parece ser uma calçada ou área de entrada de um imóvel.",Não há pessoas ou veículos visíveis nas imagens.,Nenhum comportamento suspeito ou sinal de risco observável.,"Intelbras, FRENTE L.D","**Não**, não há sinais de risco aparente nas imagens.",camera_analyzer_prompt_external_street,False,False
event_20250403_112220_0f05ffe1,6,motion_detected/event_20250403_112220_0f05ffe1/0001_6993_20250307_101724_frame_20250403_112220_000094.jpg,6993,2025-03-07 10:17:24,"Ambiente interno com vista para área externa privada. Dia, com boa iluminação. A área visualizada parece ser um jardim ou corredor lateral com plantas.",Nenhuma pessoa ou veículo visível nas imagens.,Nenhum comportamento de risco observado.,Camera: 10,"**Não**, nenhuma atividade suspeita ou presença de pessoas detectada.",camera_analyzer_prompt_internal_to_outside,False,False
event_20250403_110345_d4895a53,40,motion_detected/event_20250403_110345_d4895a53/0001_6984_20250307_101724_frame_20250403_110345_000092.jpg,6984,2025-03-07 10:17:24,"Ambiente externo durante o dia, com boa iluminação. A cena ocorre em uma rua movimentada, com calçada e estacionamento frontal visíveis.","Vários veículos, incluindo carros e ônibus, passam pela rua. Algumas pessoas são vistas caminhando na calçada.","Não há comportamentos suspeitos observáveis, como tentativas de forçar entradas ou permanência prolongada em frente ao imóvel.",Camera 01,"**Não**, não há sinais de risco aparente na sequência de imagens.",camera_analyzer_prompt_external_street,False,False
event_20250402_140834_8e7ff747,6,motion_detected/event_20250402_140834_8e7ff747/0001_6883_20250219_153816_frame_20250402_140834_000092.jpg,6883,2025-02-19 15:38:16,"Ambiente externo durante o dia, com boa iluminação. A cena ocorre em uma rua residencial com calçada e árvores.",Não há pessoas visíveis. Um veículo passa pela rua em um dos frames.,Nenhum comportamento suspeito ou de risco foi observado. O veículo apenas transita pela rua.,"Data e hora visíveis no canto superior esquerdo, ""Camera 01"" no canto inferior direito.","**Não**, não há sinais de risco aparente na sequência de imagens.",camera_analyzer_prompt_external_street,False,False
event_20250403_110902_b869b941,44,motion_detected/event_20250403_110902_b869b941/0001_6994_20250307_101724_frame_20250403_110902_000092.jpg,6994,2025-03-07 10:17:24,"Ambiente externo durante o dia, com boa iluminação. A cena se passa em uma rua residencial com calçada e estacionamento frontal.","- Inicialmente, duas pessoas caminhando pela calçada.
  - Vários carros passando pela rua.
  - Uma motocicleta com dois ocupantes passa pela cena.
  - Um ônibus também é visto na sequência.","- A motocicleta com dois ocupantes circulando pela área pode ser considerada um comportamento de risco em potencial, especialmente se estiver circulando lentamente ou observando o imóvel.","Data e hora visíveis no canto superior esquerdo, ""Camera 11"" no canto inferior direito.","**Sim**, devido à presença da motocicleta com dois ocupantes, que pode representar um risco potencial.",camera_analyzer_prompt_external_street,False,True
event_20250403_110529_22a621b0,11,motion_detected/event_20250403_110529_22a621b0/0001_6985_20250307_101724_frame_20250403_110529_000039.jpg,6985,2025-03-07 10:17:24,"Ambiente externo durante o dia, com boa iluminação. A cena ocorre em uma rua residencial com calçada e estacionamento frontal visíveis.","Aproximadamente dois carros e uma pessoa foram detectados. Os carros estão em movimento na rua, e uma pessoa aparece brevemente.","Não há comportamentos suspeitos ou associados a risco observados. Os veículos estão apenas transitando, e a pessoa não demonstra ações suspeitas.",Camera 02,"**Não**, não há sinais de risco observáveis na sequência de imagens.",camera_analyzer_prompt_external_street,False,False
event_20250410_145302_70a01170,11,motion_detected/event_20250410_145302_70a01170/0000_altercation_20250410_145302_frame.jpg,altercation,2025-04-10 14:53:02,"Estação de serviço à noite, com iluminação artificial.","Aproximadamente cinco pessoas, duas motocicletas, e dois carros visíveis.","Uma pessoa está apontando algo que parece ser uma arma em direção a outras pessoas, que levantam as mãos. Há motocicletas e um carro próximo, com uma possível tentativa de assalto ou confronto.",Marca d'água de uma emissora de TV.,"**Sim**, devido à presença de uma possível arma e comportamento agressivo, indicando uma situação de alto risco.",camera_analyzer_prompt_external_street,True,True
event_20250408_154826_a42130eb,3,motion_detected/event_20250408_154826_a42130eb/0000_lying_down_20250408_154826_frame.jpg,lying,,"Ambiente externo durante o dia, com boa iluminação. A cena ocorre em uma rua residencial ou estacionamento frontal.","Há vários carros estacionados e uma motocicleta que sofreu um acidente, com duas pessoas caídas no chão.","O acidente de motocicleta é o foco principal, mas não há sinais de comportamento suspeito ou intencionalmente perigoso. Parece ser um acidente.",@1stMrC,"**Não**, o evento parece ser um acidente sem sinais de comportamento criminoso ou de risco intencional.",camera_analyzer_prompt_external_street,True,False
event_20250410_145302_1de172a2,9,motion_detected/event_20250410_145302_1de172a2/0000_robbery_20250410_145302_frame.jpg,robbery,2025-04-10 14:53:02,"Ambiente externo durante o dia, com boa iluminação. A cena ocorre em uma entrada de garagem ou portão de entrada de um imóvel, em uma rua residencial.","Há duas motocicletas e pelo menos duas pessoas próximas a elas. Uma pessoa parece estar interagindo de forma agressiva com outra, que está em uma das motocicletas.","Uma pessoa está tentando retirar outra de uma motocicleta, o que pode indicar uma tentativa de roubo. A presença de duas motocicletas e a interação agressiva sugerem um risco elevado.","""datenaoficial""","**Sim**, devido à interação agressiva e potencial tentativa de roubo envolvendo motocicletas.",camera_analyzer_prompt_external_street,True,True
event_20250403_092022_f63db61a,34,motion_detected/event_20250403_092022_f63db61a/0001_55406_20250302_230353_frame_20250403_092017_000043.jpg,55406,2025-03-02 23:03:53,"Ambiente externo à noite, com iluminação pública. Localização em frente a um portão de entrada de um prédio residencial.","Aproximadamente duas pessoas visíveis em diferentes momentos, caminhando pela calçada. Vários carros estacionados e em movimento na rua. Uma motocicleta passa rapidamente.","- Pessoas caminhando normalmente pela calçada.
  - Veículos passando pela rua sem redução de velocidade significativa.
  - Nenhuma tentativa de manipulação de entradas ou comportamento suspeito observado.","""Camera 01"" visível nas imagens.","**Não**, não há comportamentos observáveis associados a risco nesta sequência.",camera_analyzer_prompt_external_street,False,False
event_20250408_154826_7490d4e4,2,motion_detected/event_20250408_154826_7490d4e4/0000_lying_down_20250408_154826_frame.jpg,lying,,"Ambiente externo durante o dia, com boa iluminação. A área visualizada é um jardim frontal.",Uma pessoa está deitada em uma pequena piscina de plástico no jardim. Três carros estão estacionados na rua.,A pessoa parece estar brincando ou relaxando na piscina. Não há sinais de comportamento suspeito ou de risco.,"""FAILARMY ULTIMATE SECURITY CAMERA FAILS""","**Não**, a situação parece ser uma atividade recreativa sem risco aparente.",camera_analyzer_prompt_internal_to_outside,True,False
event_20250403_110825_c72ce50a,21,motion_detected/event_20250403_110825_c72ce50a/0001_6994_20250307_101724_frame_20250403_110825_000056.jpg,6994,2025-03-07 10:17:24,"Ambiente externo durante o dia, com boa iluminação. A cena ocorre em uma rua residencial com calçada e estacionamento frontal.",Vários carros passando pela rua. Uma pessoa aparece caminhando na calçada.,Não há comportamentos suspeitos observados. Os veículos estão em movimento normal e a pessoa está apenas caminhando.,"""Camera 11"", data e hora visíveis.","**Não**, não há sinais de risco observáveis na sequência de imagens.",camera_analyzer_prompt_external_street,False,False
event_20250403_115614_921a5ad2,8,motion_detected/event_20250403_115614_921a5ad2/0001_7639_20250307_134155_frame_20250403_115614_000028.jpg,7639,2025-03-07 13:41:55,"Ambiente externo durante o dia, com boa iluminação. A cena ocorre em uma rua residencial, com calçada e um portão visível.",Aproximadamente dois carros visíveis. Um carro estacionado na calçada e outro passando pela rua.,Nenhum comportamento suspeito ou de risco observado. Os veículos estão em movimento normal.,"""intelbras"", ""frente direita"", data e hora visíveis.","**Não**, não há sinais de risco aparente.",camera_analyzer_prompt_external_street,False,False
event_20250408_154827_a5c783c9,3,motion_detected/event_20250408_154827_a5c783c9/0000_sit_20250408_154827_frame.jpg,sit,2025-04-08 15:48:27,"Ambiente interno, provavelmente uma sala de tribunal. A iluminação parece ser adequada para o ambiente.","Aproximadamente cinco pessoas visíveis. Elas estão sentadas, algumas parecem estar em uma mesa, possivelmente participando de uma audiência ou julgamento.",Nenhum comportamento de risco aparente. As pessoas estão sentadas e parecem estar participando de uma atividade formal.,Texto visível na parte inferior da imagem.,"**Não**, não há sinais de comportamento de risco.",camera_analyzer_prompt_internal_closed,True,False
event_20250408_154827_20d6eb21,5,motion_detected/event_20250408_154827_20d6eb21/0000_hit_20250408_154827_frame.jpg,hit,2025-04-08 15:48:27,"Ambiente externo à noite, com iluminação artificial. A cena ocorre em uma rua estreita, próxima a um portão de entrada.","Aproximadamente quatro pessoas e dois veículos (um carro e uma motocicleta). As pessoas estão próximas ao portão, e o carro está com os faróis acesos, parado na rua.","- Presença de pessoas próximas ao portão, possivelmente tentando manipulá-lo.
  - Carro parado com faróis acesos, indicando possível vigilância ou espera.
  - Motocicleta estacionada próxima ao portão, com pessoas ao redor.",Data e hora visíveis no canto superior da imagem.,"**Sim**, devido à presença de várias pessoas próximas ao portão em um horário noturno, com veículos parados em posições que podem indicar vigilância ou tentativa de acesso não autorizado.",camera_analyzer_prompt_external_street,True,True
event_20250403_110951_999c970a,21,motion_detected/event_20250403_110951_999c970a/0001_6994_20250307_101724_frame_20250403_110947_000137.jpg,6994,2025-03-07 10:17:24,"Ambiente externo, dia, iluminação clara. Localização em frente a um estacionamento frontal de um imóvel.",Uma pessoa caminhando pela calçada e vários carros passando pela rua.,"A pessoa caminha de forma contínua pela calçada, sem sinais de hesitação ou observação do imóvel. Os veículos passam normalmente pela rua.","""Camera 11"" visível nas imagens.","**Não**, não há comportamentos suspeitos ou sinais de risco observáveis.",camera_analyzer_prompt_external_street,False,False
event_20250410_145303_c8185c7c,8,motion_detected/event_20250410_145303_c8185c7c/0000_robbery_20250410_145303_frame.jpg,robbery,2025-04-10 14:53:03,"Ambiente externo durante o dia, com boa iluminação. A cena ocorre em uma área de entrada de um imóvel, com um carro estacionado próximo e vegetação ao redor.","Aproximadamente três pessoas e um carro. As pessoas estão próximas ao imóvel, com duas delas interagindo de forma suspeita com uma terceira pessoa.","- Duas pessoas parecem abordar uma terceira de forma agressiva.
  - Uso de capuz e máscara por parte dos indivíduos que abordam, o que pode indicar tentativa de ocultar identidade.
  - A interação parece não consensual, sugerindo possível assalto ou tentativa de intimidação.",Data e hora visíveis no canto superior esquerdo.,"**Sim**, devido à abordagem agressiva e ao uso de disfarces, indicando um risco potencial de assalto ou violência.",camera_analyzer_prompt_external_street,True,True
event_20250410_145304_a69efbc6,5,motion_detected/event_20250410_145304_a69efbc6/0000_break-in_20250410_145304_frame.jpg,break-in,2025-04-10 14:53:04,"Ambiente externo à noite, com iluminação artificial. A cena ocorre em um estacionamento frontal com portão de entrada.",Aproximadamente três pessoas visíveis e um carro. Um caminhão aparece em um dos frames.,"Não há sinais claros de comportamento de risco, como tentativa de forçar entrada ou permanência prolongada.",Nenhum,"**Não**, não há comportamentos suspeitos observáveis que indiquem risco.",camera_analyzer_prompt_external_street,True,False
event_20250408_154827_5dbc25b2,5,motion_detected/event_20250408_154827_5dbc25b2/0000_hit_20250408_154827_frame.jpg,hit,2025-04-08 15:48:27,"Ambiente externo durante o dia, com boa iluminação. A cena ocorre em uma rua residencial, próxima a calçadas e pequenos comércios.","Aproximadamente cinco pessoas e duas motocicletas. Uma pessoa está em uma motocicleta, enquanto outra parece estar tentando retirar algo ou agredir a pessoa na moto. Outras pessoas observam a cena.","A interação entre a pessoa na motocicleta e a que está de pé parece agressiva, com tentativa de retirada ou agressão. A presença de várias pessoas observando pode indicar uma situação de conflito ou tentativa de roubo.","""Shared by HOI GÀ MY MIEN NAM""","**Sim**, devido à interação agressiva envolvendo a motocicleta, que pode indicar uma tentativa de roubo ou conflito físico.",camera_analyzer_prompt_external_street,True,True
event_20250408_154828_05caaa12,2,motion_detected/event_20250408_154828_05caaa12/0000_throw_20250408_154828_frame.jpg,throw,2025-04-08 15:48:28,"Ambiente externo durante o dia, com boa iluminação. A cena ocorre em uma rua residencial.",Aproximadamente sete carros estão presentes. Uma pessoa está visível na cena.,Não há comportamentos de risco claros observáveis nas imagens fornecidas.,"""ERIN LESLIE"" e texto sobre um incidente envolvendo um homem de Toronto.","**Não**, não há sinais objetivos de risco nas imagens analisadas.",camera_analyzer_prompt_external_street,True,False
event_20250403_111752_4930dd6b,10,motion_detected/event_20250403_111752_4930dd6b/0001_6990_20250307_101724_frame_20250403_111751_000141.jpg,6990,2025-03-07 10:17:24,"Ambiente interno, bem iluminado, possivelmente uma sala de espera ou recepção.","Aproximadamente uma pessoa visível, interagindo com objetos em uma mesa.","A pessoa parece estar mexendo em objetos sobre a mesa, mas não há sinais claros de comportamento suspeito ou agressivo.",Camera 07,"**Não**, não há comportamentos que indiquem risco à segurança.",camera_analyzer_prompt_internal_closed,False,False
event_20250402_140721_e4453231,12,motion_detected/event_20250402_140721_e4453231/0001_6883_20250219_153816_frame_20250402_140721_000021.jpg,6883,2025-02-19 15:38:16,"Ambiente externo durante o dia, com boa iluminação. A cena ocorre em uma calçada de rua residencial, próxima a um portão de entrada e um carro estacionado.","Inicialmente, há duas pessoas caminhando na calçada. Um carro branco está estacionado próximo ao local.","As duas pessoas caminham normalmente pela calçada e não demonstram comportamentos suspeitos, como hesitação ou observação prolongada do imóvel. Não há tentativas de manipular entradas ou outros sinais de risco.","""Camera 01"" visível nas imagens.","**Não**, não há comportamentos observáveis que indiquem risco à segurança.",camera_analyzer_prompt_external_street,False,False
event_20250410_145302_a6bcedf2,24,motion_detected/event_20250410_145302_a6bcedf2/0000_robbery_20250410_145302_frame.jpg,robbery,2025-04-10 14:53:02,"Ambiente externo durante o dia, com boa iluminação. A cena ocorre em uma calçada ao lado de um prédio com parede de tijolos laranja.","Duas pessoas próximas a uma motocicleta. Uma delas está manipulando a motocicleta, enquanto a outra observa. Ambas parecem estar usando capacetes.",A pessoa manipulando a motocicleta pode indicar uma tentativa de furto ou manipulação não autorizada. A presença de outra pessoa observando pode sugerir uma ação coordenada.,"""Intelbras"" e data/hora visíveis.","**Sim**, devido à manipulação suspeita da motocicleta e a presença de duas pessoas em potencial ação coordenada.",camera_analyzer_prompt_external_street,True,True
event_20250410_145303_28abe440,5,motion_detected/event_20250410_145303_28abe440/0000_robbery_20250410_145303_frame.jpg,robbery,2025-04-10 14:53:03,"Ambiente externo, provavelmente um corredor lateral ou entrada de garagem, durante o dia. A iluminação é clara e há vegetação nas laterais.",Aproximadamente cinco pessoas em motocicletas. As motos estão se movendo em direção à câmera.,"As pessoas estão entrando em uma área privada com várias motocicletas, o que pode indicar uma invasão ou tentativa de roubo. A presença de várias motos em um espaço privado é incomum e pode ser um sinal de risco.","""BRASÍLIA 22°C""","**Sim**, a entrada de várias pessoas em motocicletas em uma área privada sugere um risco potencial de segurança.",camera_analyzer_prompt_internal_to_outside,True,True
event_20250408_154830_a2a34495,5,motion_detected/event_20250408_154830_a2a34495/0000_sneak_20250408_154830_frame.jpg,sneak,2025-04-08 15:48:30,"Ambiente externo privado, possivelmente um quintal ou área de serviço. A iluminação indica que é noite.",Uma pessoa visível nas imagens.,"A pessoa está em uma área onde normalmente não há circulação, próxima a objetos e possivelmente tentando acessar algo.",CH4 2012/09/08 06:30:56,"**Sim**, a presença da pessoa em área restrita e o comportamento de aproximação a objetos indicam risco potencial.",camera_analyzer_prompt_internal_to_outside,True,True
event_20250408_154830_d10056f5,5,motion_detected/event_20250408_154830_d10056f5/0000_sneak_20250408_154830_frame.jpg,sneak,2025-04-08 15:48:30,"Ambiente externo à noite, com iluminação artificial. Local parece ser uma área de estacionamento ou entrada lateral.","Duas pessoas vestindo roupas escuras e capuzes, próximas a um veículo estacionado e a um objeto grande (possivelmente um gerador ou caixa).",As duas pessoas estão agachadas e parecem estar manipulando ou tentando abrir o objeto grande. O uso de capuzes à noite e a ação coordenada são sinais de comportamento suspeito.,"""CAM1"" e data/hora visíveis.","**Sim**, comportamento altamente suspeito devido à tentativa de manipulação de um objeto grande à noite, uso de capuzes e ação coordenada.",camera_analyzer_prompt_external_street,True,True
event_20250403_113729_6e0a44fe,6,motion_detected/event_20250403_113729_6e0a44fe/0001_7645_20250307_134155_frame_20250403_113729_000004.jpg,7645,2025-03-07 13:41:55,"Ambiente externo privado, durante o dia, com boa iluminação. A área visualizada é um corredor lateral com portão de entrada visível.",Nenhuma pessoa ou veículo visível nas imagens.,Nenhum comportamento de risco observado.,"""Intelbras"", ""Portao entrada"", data e hora visíveis.","**Não**, não há sinais de risco aparente.",camera_analyzer_prompt_internal_to_outside,False,False
event_20250408_154827_550cbaa0,2,motion_detected/event_20250408_154827_550cbaa0/0000_walk_20250408_154827_frame.jpg,walk,2025-04-08 15:48:27,"Ambiente interno, bem iluminado, tipo loja ou recepção.","Aproximadamente duas pessoas visíveis. Uma pessoa parece estar atrás do balcão, enquanto outra está se movendo rapidamente em direção à saída.",A pessoa se movendo rapidamente pode indicar uma tentativa de fuga ou retirada apressada de objetos.,LiveLeak,"**Sim**, devido ao comportamento de movimentação rápida que pode indicar uma situação de risco ou furto.",camera_analyzer_prompt_internal_closed,True,True
event_20250408_154828_2b362832,3,motion_detected/event_20250408_154828_2b362832/0000_fall_20250408_154828_frame.jpg,fall,2025-04-08 15:48:28,"Ambiente interno com vista para área externa privada. É noite, com iluminação artificial. A área visualizada parece ser uma entrada ou saguão.","Duas pessoas são visíveis. Uma pessoa está correndo em direção à saída, enquanto outra parece estar caindo ou se desequilibrando.",Movimento rápido em direção à saída pode indicar uma situação de fuga ou emergência. A queda ou desequilíbrio de uma pessoa pode sugerir uma situação de risco ou urgência.,Nenhum,"**Sim**, devido ao comportamento de fuga e possível queda, indicando uma situação potencialmente perigosa ou urgente.",camera_analyzer_prompt_internal_to_outside,True,True
event_20250403_101251_f265bb7e,16,motion_detected/event_20250403_101251_f265bb7e/0001_17201_20250307_002851_frame_20250403_101250_000102.jpg,17201,2025-03-07 00:28:51,"Ambiente externo à noite, com iluminação artificial. Localização em frente a um portão de entrada, possivelmente em uma rua residencial.",Um veículo foi detectado passando pela rua. Não há pessoas visíveis nas imagens.,"O veículo passa pela rua sem sinais de comportamento suspeito, como parar ou reduzir a velocidade de forma incomum.","""Frente,L,E"" e data/hora visíveis.","**Não**, não há comportamentos suspeitos observáveis nas imagens.",camera_analyzer_prompt_external_street,False,False
event_20250403_110712_5aa7d505,21,motion_detected/event_20250403_110712_5aa7d505/0001_6985_20250307_101724_frame_20250403_110706_000134.jpg,6985,2025-03-07 10:17:24,"Ambiente externo durante o dia, com boa iluminação. A cena ocorre em uma rua residencial com calçada e estacionamento frontal.",Aproximadamente duas pessoas e vários carros. As pessoas estão caminhando pela calçada. Os carros estão se movendo pela rua.,Não há comportamentos suspeitos observados. As pessoas estão apenas caminhando e os veículos estão em movimento normal.,Câmera 02 e Câmera 11 visíveis nas imagens.,"**Não**, não há sinais de risco observáveis.",camera_analyzer_prompt_external_street,False,False
event_20250410_145303_7f97b2f6,25,motion_detected/event_20250410_145303_7f97b2f6/0000_robbery_20250410_145303_frame.jpg,robbery,2025-04-10 14:53:03,"Estação de serviço durante o dia, com boa iluminação. Local é um posto de gasolina.","Um carro cinza com uma pessoa dentro. Dois indivíduos se aproximam do carro, um deles armado.","Os indivíduos armados abordam o motorista, forçando-o a sair do veículo. A ação é rápida e coordenada, indicando um assalto.","""canal uol"" visível nas imagens.","**Sim**, devido à presença de indivíduos armados e a abordagem agressiva ao motorista, caracterizando um assalto.",camera_analyzer_prompt_external_street,True,True
event_20250408_154828_7e69c268,3,motion_detected/event_20250408_154828_7e69c268/0000_throw_20250408_154828_frame.jpg,throw,2025-04-08 15:48:28,"Ambiente interno, bem iluminado, possivelmente um escritório ou recepção.","Três pessoas inicialmente, depois duas, e finalmente nenhuma visível.","Uma pessoa parece estar se movendo rapidamente em direção à saída, enquanto outra está em pé, possivelmente em reação a algo. Não há sinais claros de comportamento agressivo ou destrutivo.","""Problem Solving"" visível na parede.","**Não**, não há evidências claras de comportamento de risco significativo.",camera_analyzer_prompt_internal_closed,True,False
event_20250408_154829_ae55aced,5,motion_detected/event_20250408_154829_ae55aced/0000_struggle_20250408_154829_frame.jpg,struggle,2025-04-08 15:48:29,"Ambiente interno, bem iluminado, possivelmente uma sala ou quarto.",Duas pessoas envolvidas em uma interação física intensa.,"Ação agressiva visível entre duas pessoas, indicando uma possível luta.","""WE WANT MORE FACTS""","**Sim**, devido à natureza agressiva da interação entre as pessoas.",camera_analyzer_prompt_internal_closed,True,True
event_20250408_154826_22dc91e2,3,motion_detected/event_20250408_154826_22dc91e2/0000_kick_20250408_154826_frame.jpg,kick,2025-04-08 15:48:26,"Ambiente interno, bem iluminado, academia de ginástica.",Duas pessoas visíveis. Uma pessoa está levantando e jogando a outra no chão.,"Ação agressiva de uma pessoa jogando a outra no chão, potencialmente perigoso.",@BAHIJKADDOURA,"**Sim**, devido à ação agressiva e potencial para causar lesões.",camera_analyzer_prompt_internal_closed,True,True
event_20250403_110809_e9b8e587,11,motion_detected/event_20250403_110809_e9b8e587/0001_6994_20250307_101724_frame_20250403_110809_000040.jpg,6994,2025-03-07 10:17:24,"Ambiente externo durante o dia, com boa iluminação. A cena ocorre em uma rua residencial com calçada e estacionamento frontal visíveis.",Aproximadamente dois carros passam pela rua em momentos diferentes. Não há pessoas visíveis na cena.,Não há comportamentos suspeitos observados. Os carros passam pela rua sem parar ou reduzir a velocidade de forma suspeita.,"""Camera 11"" e data/hora visíveis.","**Não**, não há sinais de risco observáveis na sequência de imagens.",camera_analyzer_prompt_external_street,False,False
event_20250408_154826_0a85b8b5,4,motion_detected/event_20250408_154826_0a85b8b5/0000_grab_20250408_154826_frame.jpg,grab,2025-04-08 15:48:26,"Ambiente interno, bem iluminado, possivelmente uma sala de armazenamento ou manutenção.","Duas pessoas presentes. Uma parece estar entregando ou recebendo um objeto grande, enquanto a outra está próxima da porta.",Não há sinais claros de comportamento de risco. As ações parecem ser uma interação normal entre as duas pessoas.,HTTP://EFFETTOFILM,"**Não**, as ações observadas não indicam risco à segurança.",camera_analyzer_prompt_internal_closed,True,False
event_20250403_091404_c34755c2,22,motion_detected/event_20250403_091404_c34755c2/0001_55410_20250302_230353_frame_20250403_091404_000146.jpg,55410,2025-03-02 23:03:53,"Ambiente externo à noite, com iluminação de rua. A cena ocorre em frente a um portão de entrada de um imóvel, em uma rua residencial.","Não há pessoas visíveis. Vários veículos passam pela rua, mas nenhum comportamento suspeito é observado.",Nenhum comportamento de risco detectado. Os veículos passam pela rua sem parar ou reduzir a velocidade de forma suspeita.,"Camera 05, Camera 03","**Não**, não há sinais de risco observáveis nas imagens.",camera_analyzer_prompt_external_street,False,False
event_20250403_110744_338b958b,15,motion_detected/event_20250403_110744_338b958b/0001_6994_20250307_101724_frame_20250403_110744_000016.jpg,6994,2025-03-07 10:17:24,"Ambiente externo durante o dia, com boa iluminação. A cena ocorre em uma rua residencial com calçada e estacionamento frontal visíveis.","Inicialmente, há duas motocicletas e um carro. As motocicletas passam pela rua e não permanecem na cena. Em seguida, vários carros passam pela rua, sem parar ou apresentar comportamento suspeito.","As motocicletas passam rapidamente e não mostram sinais de comportamento suspeito, como parar ou circular lentamente. Não há tentativas de manipulação de entradas ou permanência prolongada em frente ao imóvel.","Data e hora visíveis no canto superior esquerdo; ""Camera 11"" no canto inferior direito.","**Não**, não há comportamentos observáveis que indiquem risco potencial à segurança.",camera_analyzer_prompt_external_street,False,False
event_20250403_103057_3dd4eced,7,motion_detected/event_20250403_103057_3dd4eced/0001_17205_20250307_002852_frame_20250403_103057_000088.jpg,17205,2025-03-07 00:28:52,"Ambiente externo à noite, com iluminação artificial. Local parece ser uma área de fundos ou depósito.",Não há pessoas ou veículos visíveis nas imagens.,Nenhum comportamento suspeito ou sinal de risco observado.,"""Intelbras"", ""L.D. Fundos"", data e hora visíveis.","**Não**, não há sinais de risco aparente nas imagens.",camera_analyzer_prompt_external_street,False,False
event_20250408_154829_43c0b5c1,2,motion_detected/event_20250408_154829_43c0b5c1/0000_struggle_20250408_154829_frame.jpg,struggle,2025-04-08 15:48:29,"Ambiente externo durante o dia, com boa iluminação. A cena ocorre em uma calçada próxima a um portão de entrada.","Três pessoas visíveis. Duas estão envolvidas em uma aparente luta ou confronto físico, enquanto a terceira observa à distância.","Confronto físico entre duas pessoas, o que representa um risco de segurança.","""Camera 1"" visível nas imagens.","**Sim**, devido ao confronto físico entre as pessoas, que pode escalar para uma situação mais perigosa.",camera_analyzer_prompt_external_street,True,True
event_20250410_145304_211eddc9,11,motion_detected/event_20250410_145304_211eddc9/0000_climbing-wall_20250410_145304_frame.jpg,climbing-wall,2025-04-10 14:53:04,"Ambiente externo durante o dia, com boa iluminação. A cena ocorre em uma rua residencial com calçadas e portões visíveis.",Uma pessoa é vista escalando um muro. Há uma motocicleta estacionada na calçada.,A pessoa escalando o muro representa um comportamento suspeito e potencialmente arriscado.,Intelbras,"**Sim**, a ação de escalar o muro indica um risco potencial de invasão ou atividade ilícita.",camera_analyzer_prompt_external_street,True,True
event_20250408_154829_68936014,4,motion_detected/event_20250408_154829_68936014/0000_sneak_20250408_154829_frame.jpg,sneak,2025-04-08 15:48:29,"Ambiente interno, iluminação noturna com visão noturna, sala de estar.","Duas pessoas presentes, uma se movendo agachada.",Movimentação agachada pode indicar tentativa de evitar detecção.,Nenhum,"**Sim**, a movimentação agachada sugere comportamento suspeito e potencial risco à segurança.",camera_analyzer_prompt_internal_closed,True,True
event_20250402_140812_81b82a7a,7,motion_detected/event_20250402_140812_81b82a7a/0001_6883_20250219_153816_frame_20250402_140808_000066.jpg,6883,2025-02-19 15:38:16,"Ambiente externo durante o dia, com boa iluminação. A cena ocorre em uma rua residencial com calçada e árvores.",Um carro é visto no primeiro frame. Uma pessoa aparece caminhando na calçada nos frames posteriores.,"Nenhum comportamento suspeito ou de risco foi observado. O carro apenas passa pela rua, e a pessoa caminha normalmente pela calçada.","""Camera 01"" visível nas imagens.","**Não**, não há sinais de comportamento de risco observáveis.",camera_analyzer_prompt_external_street,False,False
event_20250403_115819_956b2299,14,motion_detected/event_20250403_115819_956b2299/0001_7639_20250307_134155_frame_20250403_115805_000137.jpg,7639,2025-03-07 13:41:55,"Ambiente externo durante o dia, com boa iluminação. A cena ocorre em uma rua residencial com calçada e estacionamento frontal.",Aproximadamente 2 a 4 carros visíveis em diferentes momentos. Um ônibus aparece brevemente. Não há pessoas visíveis nas imagens.,"Não há comportamentos suspeitos observáveis, como tentativas de forçar entradas, permanência prolongada, ou circulação lenta e repetida. Os veículos parecem estar em trânsito normal.","""frente direita"" e ""Intelbras"" visíveis nas imagens.","**Não**, não há sinais de risco aparente com base nos comportamentos observáveis.",camera_analyzer_prompt_external_street,False,False
event_20250410_145304_b48dca52,10,motion_detected/event_20250410_145304_b48dca52/0000_break-in_20250410_145304_frame.jpg,break-in,2025-04-10 14:53:04,"Ambiente interno com vista para área externa privada. As imagens são em preto e branco, indicando que é noite ou há pouca iluminação. O local parece ser uma loja ou showroom, com vidraças grandes na frente.",Uma pessoa é vista se movendo rapidamente dentro do local.,"A pessoa parece estar dentro do estabelecimento fora do horário normal, o que pode indicar uma invasão. Não há interação com objetos visíveis, mas a presença em si é suspeita.","""#BalancoGeralSE"" e horário na tela.","**Sim**, a presença de uma pessoa dentro do estabelecimento em horário incomum sugere um risco potencial de invasão ou roubo.",camera_analyzer_prompt_internal_to_outside,True,True
event_20250402_142524_574db192,16,motion_detected/event_20250402_142524_574db192/0001_6884_20250219_153816_frame_20250402_142514_000083.jpg,6884,2025-02-19 15:38:16,"Ambiente externo durante o dia, com boa iluminação. A cena ocorre em uma rua residencial com calçada e árvores.",Aproximadamente um carro visível em diferentes momentos da sequência.,"Não há comportamentos suspeitos observados. O carro aparece em movimento normal, sem sinais de parada prolongada ou observação do imóvel.","""Camera 02"" visível nas imagens.","**Não**, não há justificativa para risco com base nos comportamentos observados.",camera_analyzer_prompt_external_street,False,False
event_20250403_113354_c8cf51c7,14,motion_detected/event_20250403_113354_c8cf51c7/0001_7647_20250307_134155_frame_20250403_113347_000095.jpg,7647,2025-03-07 13:41:55,"Ambiente externo durante o dia, com boa iluminação. A cena ocorre em uma rua residencial com calçada e veículos estacionados.",Aproximadamente dois carros em movimento e outros estacionados. Um carro colorido passa pela rua.,Nenhum comportamento suspeito observado. Os veículos estão em movimento normal e não há sinais de manipulação de entradas ou permanência prolongada.,"""intelbras"", ""frente esquerda""","**Não**, não há comportamentos de risco observáveis.",camera_analyzer_prompt_external_street,False,False
event_20250402_164111_69dfa316,7,motion_detected/event_20250402_164111_69dfa316/0001_18250_20250228_124222_frame_20250402_164111_000068.jpg,18250,2025-02-28 12:42:22,"Ambiente externo durante o dia, com boa iluminação. A cena ocorre em um estacionamento frontal.",Dois carros estão estacionados e um caminhão é visível ao fundo. Não há pessoas visíveis nas imagens.,Nenhum comportamento suspeito ou de risco foi observado. Os veículos estão parados e não há movimentação suspeita.,RACK-PZ ZONA:01,"**Não**, não há sinais de risco aparente.",camera_analyzer_prompt_external_street,False,False
event_20250403_091224_4da7849c,71,motion_detected/event_20250403_091224_4da7849c/0001_55410_20250302_230353_frame_20250403_091221_000046.jpg,55410,2025-03-02 23:03:53,"Ambiente externo, noturno, com iluminação de rua. Localização em frente a um portão de entrada de um imóvel, possivelmente residencial.","Aproximadamente um carro visível, passando pela rua. Nenhuma pessoa detectada.",Nenhum comportamento suspeito ou de risco observado. O carro passa pela rua sem parar ou reduzir a velocidade de forma suspeita.,Câmera 05,"**Não**, não há sinais de risco aparente na sequência de imagens.",camera_analyzer_prompt_external_street,False,False
event_20250402_150700_3c793a13,24,motion_detected/event_20250402_150700_3c793a13/0001_40427_20250221_185342_frame_20250402_150655_000004.jpg,40427,2025-02-21 18:53:42,"Ambiente externo, durante o dia, com boa iluminação. Localização em uma rua residencial com calçada e portão de entrada visíveis.",Presença de um carro estacionado e uma motocicleta com dois ocupantes. Uma pessoa a pé passa pela calçada.,"A motocicleta com dois ocupantes está parada próxima ao carro estacionado, com os ocupantes olhando na direção do imóvel. A presença de dois ocupantes em uma motocicleta parada pode ser considerada suspeita.","""Camera 02""","**Sim**, devido à presença de uma motocicleta parada com dois ocupantes observando o imóvel, o que pode indicar um comportamento suspeito.",camera_analyzer_prompt_external_street,False,True
event_20250402_171319_5435f854,7,motion_detected/event_20250402_171319_5435f854/0001_4990_20250228_161321_frame_20250402_171318_000023.jpg,4990,2025-02-28 16:13:21,"Ambiente externo durante o dia, com boa iluminação. A cena ocorre em uma calçada de rua residencial, próxima a um muro.",Um carro é detectado em um dos frames.,Nenhum comportamento suspeito ou de risco foi observado. O carro aparece brevemente e não há sinais de atividade suspeita.,Camera 04,"**Não**, não há comportamentos ou sinais de risco observáveis.",camera_analyzer_prompt_external_street,False,False
event_20250408_154826_76dbc5b4,5,motion_detected/event_20250408_154826_76dbc5b4/0000_grab_20250408_154826_frame.jpg,grab,2025-04-08 15:48:26,"Ambiente interno, bem iluminado, possivelmente uma loja ou recepção.","Aproximadamente três pessoas visíveis. Uma pessoa está interagindo com outra atrás de um balcão, enquanto uma terceira pessoa caminha ao fundo.",Não há sinais claros de comportamento de risco. As pessoas parecem estar envolvidas em uma interação normal de atendimento.,"CAM02, data e hora visíveis.","**Não**, a interação parece ser normal e não há sinais de comportamento suspeito.",camera_analyzer_prompt_internal_closed,True,False
event_20250402_140451_25399fec,9,motion_detected/event_20250402_140451_25399fec/0001_6896_20250219_153816_frame_20250402_140451_000082.jpg,6896,2025-02-19 15:38:16,"Ambiente interno com vista para uma área externa privada. É dia, com boa iluminação natural. A área visualizada parece ser uma garagem ou estacionamento coberto.",Um veículo é visto saindo da garagem.,Nenhum comportamento de risco observado. O veículo está saindo de maneira normal.,"""Camera 14"" e data/hora visíveis.","**Não**, saída de veículo sem sinais de risco.",camera_analyzer_prompt_internal_to_outside,False,False
event_20250408_154828_fe8760c3,4,motion_detected/event_20250408_154828_fe8760c3/0000_gun_20250408_154828_frame.jpg,gun,2025-04-08 15:48:28,"Ambiente externo à noite, com iluminação artificial. Local parece ser a entrada de um estabelecimento comercial com calçada e veículo estacionado.",Duas pessoas visíveis próximas à entrada do estabelecimento. Um veículo estacionado próximo.,Não há sinais claros de comportamento suspeito ou de risco nas imagens apresentadas. As pessoas parecem estar apenas próximas à entrada.,"""Camera8"" visível.","**Não**, não há comportamentos observáveis que indiquem risco potencial.",camera_analyzer_prompt_external_street,True,False
event_20250402_150632_eb875975,6,motion_detected/event_20250402_150632_eb875975/0001_40426_20250221_185342_frame_20250402_150632_000001.jpg,40426,2025-02-21 18:53:42,"Ambiente externo durante o dia, com boa iluminação. A cena ocorre em uma área de entrada com portão e vegetação ao lado.",Não há pessoas ou veículos visíveis nas imagens.,"Nenhum comportamento de risco observável, como tentativas de manipular o portão ou presença suspeita.","""Channel 05"" visível nas imagens.","**Não**, não há sinais de risco aparente.",camera_analyzer_prompt_external_street,False,False
event_20250408_154828_6ca93aa5,3,motion_detected/event_20250408_154828_6ca93aa5/0000_gun_20250408_154828_frame.jpg,gun,2025-04-08 15:48:28,"Ambiente externo durante o dia, com boa iluminação. A cena ocorre em uma área arborizada, possivelmente um estacionamento ou área de acesso restrito.","Há dois veículos, um carro de polícia e uma caminhonete. Um policial está fora do carro, apontando uma arma em direção à caminhonete.","O policial está em posição de confronto, apontando uma arma para a caminhonete, indicando uma situação de alto risco e potencial ameaça.","""MAINE AG'S OFFICE"" visível nas imagens.","**Sim**, a presença de um policial armado em confronto direto com um veículo sugere uma situação de alto risco e potencial ameaça à segurança.",camera_analyzer_prompt_external_street,True,True
event_20250403_102825_0ffbeda4,6,motion_detected/event_20250403_102825_0ffbeda4/0001_17204_20250307_002852_frame_20250403_102824_000093.jpg,17204,2025-03-07 00:28:52,"Ambiente externo à noite, com iluminação artificial. Localização em frente a um imóvel, possivelmente uma calçada ou área de estacionamento frontal.",Nenhuma pessoa ou veículo visível nas imagens.,Nenhum comportamento de risco observável. Apenas um hidrante de incêndio detectado na primeira imagem.,"""Intelbras"" e data/hora visíveis.","**Não**, não há sinais de risco aparente nas imagens.",camera_analyzer_prompt_external_street,False,False
event_20250410_145303_26161e43,33,motion_detected/event_20250410_145303_26161e43/0000_robbery_20250410_145303_frame.jpg,robbery,2025-04-10 14:53:03,"Ambiente externo durante o dia, com boa iluminação. A cena ocorre em uma rua residencial com calçada e veículos estacionados.",Há duas pessoas caminhando na calçada e três carros estacionados. Um carro está passando pela rua.,"Uma das pessoas parece estar observando os veículos estacionados de perto, o que pode indicar um comportamento suspeito.",Nenhum,"**Sim**, devido ao comportamento de uma pessoa observando de perto os veículos estacionados, o que pode indicar potencial intenção de furto ou vandalismo.",camera_analyzer_prompt_external_street,True,True
event_20250410_145303_22890143,7,motion_detected/event_20250410_145303_22890143/0000_robbery_20250410_145303_frame.jpg,robbery,2025-04-10 14:53:03,"Ambiente interno, bem iluminado, parece ser uma loja ou farmácia.",Aproximadamente duas pessoas. Uma delas está com o rosto coberto por um capuz.,"Uma pessoa está com o rosto coberto, o que pode indicar tentativa de ocultação de identidade. Movimentação rápida e suspeita.",#PRIMEIROJORNAL,"**Sim**, devido à presença de uma pessoa com o rosto coberto e comportamento suspeito em um ambiente comercial.",camera_analyzer_prompt_internal_closed,True,True
event_20250403_110435_2ec98035,18,motion_detected/event_20250403_110435_2ec98035/0001_6984_20250307_101724_frame_20250403_110430_000136.jpg,6984,2025-03-07 10:17:24,"Ambiente externo durante o dia, com boa iluminação. A cena ocorre em uma calçada e rua movimentada, possivelmente em frente a um estabelecimento ou prédio.","- Várias pessoas caminhando, uma delas com mochila.
  - Presença de vários carros passando pela rua.
  - Uma motocicleta visível em um dos frames.","- A motocicleta passa pela rua, mas não há indícios de comportamento suspeito, como redução de velocidade ou permanência prolongada.
  - As pessoas estão caminhando normalmente, sem sinais de hesitação ou observação suspeita do imóvel.",Camera 01,"**Não**, não há comportamentos observáveis que indiquem risco à segurança.",camera_analyzer_prompt_external_street,False,False
event_20250410_145304_84c6a861,9,motion_detected/event_20250410_145304_84c6a861/0000_break-in_20250410_145304_frame.jpg,break-in,2025-04-10 14:53:04,"Ambiente interno com vista para uma área externa privada. As imagens são em preto e branco, indicando que é noite ou pouca iluminação. A área visualizada parece ser uma entrada ou corredor lateral.","Aproximadamente duas pessoas são visíveis nas imagens, próximas à porta.","As pessoas estão próximas à porta, uma delas parece estar tentando abrir ou forçar a entrada.",Data e hora visíveis no canto superior esquerdo.,"**Sim**, a presença de pessoas tentando abrir a porta em um horário incomum indica um risco potencial de segurança.",camera_analyzer_prompt_internal_to_outside,True,True
event_20250408_154827_bcf6e29e,3,motion_detected/event_20250408_154827_bcf6e29e/0000_hit_20250408_154827_frame.jpg,hit,2025-04-08 15:48:27,"Ambiente interno, iluminação artificial, loja.","Três pessoas visíveis, movimentação rápida e interação física.",Ações agressivas e confronto físico entre as pessoas.,Nenhum,"**Sim**, devido à presença de comportamento agressivo e confronto físico.",camera_analyzer_prompt_internal_closed,True,True
event_20250403_110546_a69dc7b4,20,motion_detected/event_20250403_110546_a69dc7b4/0001_6985_20250307_101724_frame_20250403_110546_000055.jpg,6985,2025-03-07 10:17:24,"Ambiente externo durante o dia, com boa iluminação. A cena ocorre em uma rua residencial com calçada e estacionamento frontal visíveis.","Há vários carros passando pela rua. Em um dos frames, uma motocicleta é detectada. Nos últimos frames, uma pessoa é vista caminhando.","- A motocicleta aparece em um único frame e não há indicação de comportamento suspeito, como redução de velocidade ou permanência prolongada.
  - A pessoa detectada está apenas caminhando, sem sinais de comportamento suspeito.","""Camera 02"" visível nas imagens.","**Não**, não há comportamentos observáveis que indiquem risco.",camera_analyzer_prompt_external_street,False,False
event_20250410_145301_4de8a0e3,23,motion_detected/event_20250410_145301_4de8a0e3/0000_burglary_20250410_145301_frame.jpg,burglary,2025-04-10 14:53:01,"Ambiente interno, provavelmente um escritório. A iluminação é baixa, indicando que é noite.","Aproximadamente duas pessoas. Uma delas está carregando um objeto grande, possivelmente um equipamento eletrônico. A outra pessoa parece estar mexendo em objetos ou equipamentos.","As pessoas estão retirando objetos do local de forma acelerada e uma delas está usando uma lanterna, o que pode indicar tentativa de furto.",Data e hora visíveis no canto superior direito.,"**Sim**, devido ao comportamento suspeito de retirada de objetos e uso de lanterna em um ambiente escuro.",camera_analyzer_prompt_internal_closed,True,True
event_20250402_152207_a112c0ac,9,motion_detected/event_20250402_152207_a112c0ac/0001_10774_20250228_101013_frame_20250402_152207_000018.jpg,10774,2025-02-28 10:10:13,Estacionamento coberto com iluminação diurna.,Uma pessoa visível interagindo com a porta. Dois carros estacionados.,"A pessoa está usando um dispositivo de acesso na porta, o que indica comportamento autorizado.",Data e hora visíveis na imagem.,"**Não**, a ação parece ser autorizada e não há sinais de comportamento suspeito.",camera_analyzer_prompt_internal_to_outside,False,False
event_20250408_154828_98b432bf,1,motion_detected/event_20250408_154828_98b432bf/0000_gun_20250408_154828_frame.jpg,gun,2025-04-08 15:48:28,"Ambiente externo à noite, com iluminação artificial. A cena se passa em uma calçada.","Uma pessoa visível, vestida com capuz, caminhando na calçada.","A pessoa está usando um capuz à noite, o que pode ser considerado suspeito dependendo do contexto.",Nenhum,"**Sim**, o uso de capuz à noite pode indicar comportamento suspeito, especialmente se associado a outras ações não visíveis na imagem.",camera_analyzer_prompt_external_street,True,True
event_20250410_145304_31ef96d4,8,motion_detected/event_20250410_145304_31ef96d4/0000_break-in_20250410_145304_frame.jpg,break-in,2025-04-10 14:53:04,"Ambiente interno, iluminação noturna, parece ser uma sala de jantar ou área comum.","Aproximadamente duas pessoas, ambas com mochilas e bonés.",Movimentação cuidadosa e presença de mochilas sugere possível intenção de furto. Ações indicam tentativa de evitar detecção.,#DomingoEspetacular,"**Sim**, comportamento suspeito e presença em local possivelmente não autorizado.",camera_analyzer_prompt_internal_closed,True,True
event_20250408_154826_d9cb453c,5,motion_detected/event_20250408_154826_d9cb453c/0000_grab_20250408_154826_frame.jpg,grab,2025-04-08 15:48:26,N/A,N/A,N/A,N/A,N/A,camera_analyzer_prompt_external_street,True,False
event_20250403_113241_df74149a,10,motion_detected/event_20250403_113241_df74149a/0001_7647_20250307_134155_frame_20250403_113241_000030.jpg,7647,2025-03-07 13:41:55,"Ambiente externo durante o dia, com boa iluminação. A cena ocorre em uma rua residencial com calçada e veículos estacionados.","Aproximadamente dois carros são visíveis em movimento, enquanto outros estão estacionados. Não há pessoas visíveis nas imagens.","Não há comportamentos suspeitos ou sinais de risco observáveis, como tentativas de forçar entradas ou circulação lenta de veículos.","""intelbras"" e data/hora visíveis.","**Não**, não há sinais objetivos de risco nas imagens.",camera_analyzer_prompt_external_street,False,False
event_20250402_153119_5e731392,9,motion_detected/event_20250402_153119_5e731392/0001_10785_20250228_101013_frame_20250402_153119_000089.jpg,10785,2025-02-28 10:10:13,"Ambiente externo durante o dia, com iluminação suficiente. A cena parece ser uma rua ou calçada com árvores ao fundo.",Não há detecção de pessoas ou veículos nas imagens.,Nenhum comportamento de risco observável devido à falta de detecções.,"""NO VIDEO"" visível em várias imagens.","**Não**, não há sinais objetivos de risco nas imagens fornecidas.",camera_analyzer_prompt_external_street,False,False
event_20250410_145302_abaccd09,24,motion_detected/event_20250410_145302_abaccd09/0000_robbery_20250410_145302_frame.jpg,robbery,2025-04-10 14:53:02,"Ambiente externo à noite, com iluminação de rua. Localização em uma rua residencial.",Presença de um carro parado na rua e uma pessoa próxima ao veículo. A pessoa parece interagir com o carro.,"O carro está parado com os faróis acesos, e a pessoa está próxima à porta do motorista, o que pode indicar uma tentativa de entrada ou interação suspeita. A cena ocorre à noite, aumentando o potencial de risco.",Data e hora visíveis no canto superior direito.,"**Sim**, devido à presença de uma pessoa próxima a um carro parado à noite, o que pode indicar uma situação de risco ou tentativa de roubo.",camera_analyzer_prompt_external_street,True,True
event_20250402_153028_6d75d183,7,motion_detected/event_20250402_153028_6d75d183/0001_10785_20250228_101013_frame_20250402_153028_000040.jpg,10785,2025-02-28 10:10:13,"Ambiente externo durante o dia, com iluminação natural. A cena mostra uma calçada ou corredor ao lado de um muro, possivelmente em uma área residencial ou comercial.",Nenhuma pessoa ou veículo visível nas imagens.,"Nenhum comportamento de risco observável, pois não há presença de pessoas ou veículos.","""NO VIDEO"" na última imagem.","**Não**, não há sinais de risco aparente nas imagens fornecidas.",camera_analyzer_prompt_external_street,False,False
event_20250403_091207_eb29739f,9,motion_detected/event_20250403_091207_eb29739f/0001_55410_20250302_230353_frame_20250403_091207_000032.jpg,55410,2025-03-02 23:03:53,"Ambiente externo, noturno, com iluminação artificial. A cena ocorre em frente a um portão de entrada de uma propriedade, possivelmente residencial, com uma calçada e rua movimentada ao fundo.",Não há pessoas ou veículos detectados nas imagens.,"Nenhum comportamento de risco observável, pois não há presença de pessoas ou veículos.","Data e hora visíveis no canto superior esquerdo, ""Camera 06"" no canto inferior direito.","**Não**, não há sinais de risco aparente devido à ausência de pessoas ou veículos.",camera_analyzer_prompt_external_street,False,False
event_20250403_091347_31d8b0de,9,motion_detected/event_20250403_091347_31d8b0de/0001_55410_20250302_230353_frame_20250403_091347_000129.jpg,55410,2025-03-02 23:03:53,"Ambiente externo à noite, com iluminação artificial. A cena ocorre em frente a um portão de entrada de uma propriedade, possivelmente residencial.","Um carro é visível nas imagens, passando pela rua em frente ao portão.",Não há comportamentos suspeitos observáveis. O carro passa pela rua sem sinais de parada ou observação prolongada.,"Data e hora visíveis, ""Câmera 05"".","**Não**, não há sinais de risco observáveis na sequência de imagens.",camera_analyzer_prompt_external_street,False,False
event_20250408_154828_00fee1e5,2,motion_detected/event_20250408_154828_00fee1e5/0000_fall_20250408_154828_frame.jpg,fall,2025-04-08 15:48:28,"Área externa de uma residência, durante o dia, com iluminação natural. A área visualizada é uma varanda com vista para a rua.",Duas pessoas estão presentes na varanda. Um carro está estacionado na rua.,"As pessoas estão caminhando na varanda, sem sinais de comportamento suspeito ou de risco.","""FAILARMY ULTIMATE SECURITY CAMERA FAIL""","**Não**, as pessoas parecem estar apenas transitando pela área sem ações suspeitas.",camera_analyzer_prompt_internal_to_outside,True,False
event_20250408_154829_617a7b45,4,motion_detected/event_20250408_154829_617a7b45/0000_struggle_20250408_154829_frame.jpg,struggle,2025-04-08 15:48:29,"Ambiente externo durante o dia, com boa iluminação. A cena ocorre em uma rua residencial com calçada e carros estacionados.","- Aproximadamente quatro pessoas visíveis.
  - Vários carros estacionados e um carro azul na rua.
  - Uma motocicleta não é visível nas imagens.","- Confronto físico entre duas pessoas próximo a um carro vermelho.
  - Uma pessoa parece estar tentando intervir ou separar a briga.
  - A situação sugere um conflito ou tentativa de agressão.",News Dog Media,"**Sim**, devido ao confronto físico entre indivíduos, o que representa um risco de segurança pessoal.",camera_analyzer_prompt_external_street,True,True
event_20250402_171342_cc7e5892,6,motion_detected/event_20250402_171342_cc7e5892/0001_4990_20250228_161321_frame_20250402_171342_000046.jpg,4990,2025-02-28 16:13:21,"Ambiente interno com vista para área externa privada. Dia, com boa iluminação. A área visualizada parece ser um jardim ou quintal.",Nenhuma pessoa ou veículo detectado nas imagens.,Nenhum comportamento de risco observado.,Camera 04,"**Não**, nenhuma atividade suspeita ou presença de pessoas detectada.",camera_analyzer_prompt_internal_to_outside,False,False
event_20250403_091742_afe052f2,35,motion_detected/event_20250403_091742_afe052f2/0001_55407_20250302_230353_frame_20250403_091735_000041.jpg,55407,2025-03-02 23:03:53,"Ambiente externo à noite, com iluminação pública presente. A cena ocorre em frente a um portão de entrada, em uma rua movimentada.","Aproximadamente cinco pessoas e vários carros são visíveis ao longo da sequência. As pessoas estão caminhando pela calçada, e os carros passam pela rua.","Não há comportamentos suspeitos observáveis, como tentativas de forçar entradas ou permanência prolongada em frente ao imóvel. As pessoas estão apenas caminhando, e os veículos estão em movimento normal.","""Camera 02"" visível nas imagens.","**Não**, não há sinais objetivos de risco na sequência observada.",camera_analyzer_prompt_external_street,False,False
event_20250402_154309_d17a8c21,6,motion_detected/event_20250402_154309_d17a8c21/0001_10771_20250228_101013_frame_20250402_154309_000007.jpg,10771,2025-02-28 10:10:13,"Ambiente interno com vista para um corredor lateral externo. Dia, com iluminação natural.",Nenhuma pessoa ou veículo visível.,Nenhum comportamento de risco observado.,"Data e hora visíveis, ""Camera 02"".","**Não**, nenhuma atividade suspeita ou presença detectada.",camera_analyzer_prompt_internal_to_outside,False,False
event_20250402_170432_a89dcd4a,6,motion_detected/event_20250402_170432_a89dcd4a/0001_4992_20250228_161321_frame_20250402_170432_000006.jpg,4992,2025-02-28 16:13:21,"Ambiente interno com vista para uma área externa privada, possivelmente um jardim ou corredor lateral. A iluminação indica que é dia.",Nenhuma pessoa ou veículo visível nas imagens.,Nenhum comportamento de risco observado.,Data e hora visíveis no canto superior esquerdo.,"**Não**, nenhuma atividade suspeita detectada.",camera_analyzer_prompt_internal_to_outside,False,False
event_20250408_154828_d3eda1a7,2,motion_detected/event_20250408_154828_d3eda1a7/0000_fall_20250408_154828_frame.jpg,fall,2025-04-08 15:48:28,"Ambiente interno, bem iluminado, possivelmente uma sala de segurança ou detenção.","Quatro pessoas no total. Três parecem estar em posição de controle ou segurança, enquanto uma está encostada na parede.","A pessoa encostada na parede está sendo revistada ou contida por outras duas, enquanto a terceira observa. Não há sinais de agressão ou resistência visíveis.",Data e hora visíveis na parte superior da imagem.,"**Não**, a situação parece controlada e não há sinais de risco imediato.",camera_analyzer_prompt_internal_closed,True,False
event_20250408_154829_ed9143f6,3,motion_detected/event_20250408_154829_ed9143f6/0000_run_20250408_154829_frame.jpg,run,2025-04-08 15:48:29,"Ambiente externo durante o dia, com boa iluminação. A cena ocorre em uma rua residencial com calçada e um portão de entrada visível.","Uma pessoa está correndo na rua. Há um caminhão estacionado próximo a uma placa de pare. Três animais, possivelmente ovelhas, estão próximos à cerca.","Nenhum comportamento suspeito ou associado a risco é observado. A pessoa parece estar apenas correndo, e os animais estão próximos à cerca sem interação suspeita.","""FAILARMY"" visível na imagem.","**Não**, não há sinais de risco observáveis na cena.",camera_analyzer_prompt_external_street,True,False
event_20250403_110501_6729df14,21,motion_detected/event_20250403_110501_6729df14/0001_6985_20250307_101724_frame_20250403_110453_000004.jpg,6985,2025-03-07 10:17:24,"Ambiente externo durante o dia, com boa iluminação. A cena ocorre em uma rua residencial com calçada e estacionamento frontal.","Inicialmente, uma pessoa caminhando na calçada e um carro estacionado. Em seguida, vários carros passam pela rua, e uma motocicleta com dois ocupantes é vista circulando.","A motocicleta com dois ocupantes passa pela cena, mas não há sinais claros de comportamento suspeito, como redução de velocidade ou observação do imóvel.","""Camera 02"" visível nas imagens.","**Não**, não há comportamentos observáveis que indiquem risco potencial à segurança.",camera_analyzer_prompt_external_street,False,False
event_20250408_154826_2c1ec565,5,motion_detected/event_20250408_154826_2c1ec565/0000_grab_20250408_154826_frame.jpg,grab,2025-04-08 15:48:26,"Ambiente externo à noite, com iluminação suficiente para visibilidade. A cena ocorre em uma rua residencial, próximo a um veículo estacionado.",Um carro está estacionado com a porta do motorista aberta. Há uma pessoa visível dentro do carro. Outro carro está estacionado na rua.,"A porta do carro está aberta, mas não há sinais claros de comportamento suspeito ou de risco imediato, como tentativa de forçar entrada ou presença de motocicletas.","""IPC"" e data/hora visíveis.","**Não**, não há comportamentos observáveis que indiquem risco imediato.",camera_analyzer_prompt_external_street,True,False
event_20250402_173754_467058ed,6,motion_detected/event_20250402_173754_467058ed/0001_53862_20250301_082830_frame_20250402_173754_000126.jpg,53862,2025-03-01 08:28:30,Ambiente interno com vista para uma área externa privada. A iluminação indica que é noite. A área visualizada parece ser um corredor lateral.,Nenhuma pessoa ou veículo detectado nas imagens.,Nenhum comportamento de risco observado.,"Data e hora no canto superior esquerdo, ""Camera 04"" no canto inferior direito.","**Não**, nenhuma atividade suspeita ou presença detectada.",camera_analyzer_prompt_internal_to_outside,False,False
event_20250408_154828_79d7aceb,2,motion_detected/event_20250408_154828_79d7aceb/0000_throw_20250408_154828_frame.jpg,throw,2025-04-08 15:48:28,"Ambiente externo durante o dia, em um viaduto com grafites visíveis.",Duas pessoas estão presentes sobre o viaduto.,"As pessoas parecem estar jogando objetos do viaduto, o que pode representar um risco significativo para veículos ou pedestres abaixo.","""ROCKS THROWN FROM OVERPASS"" e informações de temperatura e previsão do tempo.","**Sim**, devido ao comportamento de jogar objetos do viaduto, que pode causar acidentes ou danos.",camera_analyzer_prompt_external_street,True,True
event_20250408_154827_6620de67,4,motion_detected/event_20250408_154827_6620de67/0000_sit_20250408_154827_frame.jpg,sit,2025-04-08 15:48:27,"Interior de um veículo, iluminação diurna.",Uma pessoa no banco traseiro do carro.,"A pessoa está sentada, não há sinais de comportamento de risco visíveis.",Texto visível no canto superior direito.,"**Não**, não há comportamentos de risco aparentes.",camera_analyzer_prompt_internal_closed,True,False
event_20250402_150531_3b752641,9,motion_detected/event_20250402_150531_3b752641/0001_40424_20250221_185342_frame_20250402_150531_000008.jpg,40424,2025-02-21 18:53:42,"Ambiente interno com vista para uma área externa privada, possivelmente um corredor lateral com vegetação. É dia, com boa iluminação natural.","Uma pessoa visível no início da sequência, caminhando ao longo do corredor.","A pessoa está apenas passando pelo corredor, sem interações suspeitas com portões ou janelas.",Data e hora visíveis no canto superior esquerdo.,"**Não**, a pessoa apenas transita pelo local sem comportamento suspeito.",camera_analyzer_prompt_internal_to_outside,False,False
event_20250408_154828_3dd50747,3,motion_detected/event_20250408_154828_3dd50747/0000_stand_20250408_154828_frame.jpg,stand,2025-04-08 15:48:28,"Ambiente externo durante o dia, com boa iluminação. Local é uma rua ou estacionamento frontal.","Três carros estacionados, uma bicicleta e uma pessoa visível. A pessoa está caminhando ao lado dos carros.",Nenhum comportamento suspeito ou de risco aparente. A pessoa está apenas caminhando.,CH02,"**Não**, não há sinais de comportamento suspeito ou risco na cena.",camera_analyzer_prompt_external_street,False,False
event_20250410_145303_1cfc3a0f,16,motion_detected/event_20250410_145303_1cfc3a0f/0000_robbery_20250410_145303_frame.jpg,robbery,2025-04-10 14:53:03,"Ambiente externo durante o dia, com boa iluminação. A cena ocorre em uma rua residencial.",Aproximadamente quatro carros visíveis. Uma pessoa aparece correndo em direção a um veículo e entra nele rapidamente.,"A pessoa correndo em direção ao carro e entrando rapidamente pode indicar um comportamento suspeito, possivelmente relacionado a um roubo ou tentativa de fuga.","Em cima à esquerda, há um texto visível.","**Sim**, devido ao comportamento suspeito da pessoa correndo e entrando rapidamente no carro, o que pode indicar uma situação de risco.",camera_analyzer_prompt_external_street,True,True
event_20250403_115120_668de0a1,17,motion_detected/event_20250403_115120_668de0a1/0001_16312_20250307_134155_frame_20250403_115120_000048.jpg,16312,2025-03-07 13:41:55,"Escritório interno, bem iluminado, durante o dia.","Uma pessoa visível, movendo-se entre as mesas e mexendo em objetos.","A pessoa parece estar organizando ou mexendo em objetos sobre a mesa, sem sinais claros de comportamento suspeito.","""Escritorio"" e ""Intelbras"" visíveis.","**Não**, a pessoa está realizando atividades normais de escritório sem sinais de risco.",camera_analyzer_prompt_internal_closed,False,False
event_20250408_154829_826e1905,4,motion_detected/event_20250408_154829_826e1905/0000_struggle_20250408_154829_frame.jpg,struggle,2025-04-08 15:48:29,"Ambiente externo, noturno, com iluminação artificial. A cena ocorre em uma calçada em frente a um estabelecimento, possivelmente um bar ou clube, devido à placa indicando ""Hardcore/Punk/Rockabilly"".","Aproximadamente oito pessoas visíveis, incluindo seguranças identificados por suas roupas. Não há veículos visíveis.","- Confronto físico entre seguranças e outras pessoas.
  - Aglomeração em frente ao estabelecimento, com seguranças tentando controlar a situação.
  - Possível tentativa de contenção ou expulsão de indivíduos do local.","Data e hora visíveis no canto superior esquerdo: ""14/06/2009 1:45:07.749"".","**Sim**, devido ao confronto físico e à necessidade de intervenção de seguranças, indicando uma situação potencialmente volátil e de risco.",camera_analyzer_prompt_external_street,True,True
event_20250408_154828_138fb57f,3,motion_detected/event_20250408_154828_138fb57f/0000_fall_20250408_154828_frame.jpg,fall,2025-04-08 15:48:28,"Ambiente externo durante o dia, com boa iluminação. A cena ocorre em uma entrada residencial com decoração festiva.","Um entregador está presente, carregando pacotes em direção à entrada da casa. Há um caminhão de entrega estacionado e um carro na entrada.",Nenhum comportamento suspeito observado. O entregador está realizando uma entrega normal.,"""ring.com"" visível no canto superior esquerdo.","**Não**, atividade típica de entrega sem sinais de risco.",camera_analyzer_prompt_external_street,True,False
event_20250402_134640_5c3ec297,11,motion_detected/event_20250402_134640_5c3ec297/0001_6888_20250219_153816_frame_20250402_134640_000031.jpg,6888,2025-02-19 15:38:16,"Ambiente interno, provavelmente um elevador. Iluminação artificial, clara.","Uma pessoa visível, usando um celular.","A pessoa está apenas usando o celular, sem sinais de comportamento suspeito ou de risco.","""Camera 96"" visível nas imagens.","**Não**, a pessoa está apenas utilizando o celular sem indicar qualquer comportamento de risco.",camera_analyzer_prompt_internal_closed,False,False
event_20250402_141414_61adc9a9,6,motion_detected/event_20250402_141414_61adc9a9/0001_6887_20250219_153816_frame_20250402_141414_000009.jpg,6887,2025-02-19 15:38:16,"Ambiente interno com vista para uma área externa privada. Parece ser dia, com boa iluminação. A área visualizada é um corredor interno próximo a uma porta que leva para fora.",Nenhuma pessoa visível nas imagens. Um veículo está estacionado próximo à porta.,Nenhum comportamento de risco observado. O veículo está parado e não há movimento de pessoas.,"Data e hora no canto superior esquerdo, ""Camera 05"" no canto inferior direito.","**Não**, não há sinais de risco aparente.",camera_analyzer_prompt_internal_to_outside,False,False
event_20250403_110227_40dfdb1b,13,motion_detected/event_20250403_110227_40dfdb1b/0001_6984_20250307_101724_frame_20250403_110227_000016.jpg,6984,2025-03-07 10:17:24,"Ambiente externo durante o dia, com boa iluminação. A cena ocorre em uma rua residencial com calçada e estacionamento frontal.","Há um indivíduo sentado sob um guarda-chuva na calçada. Vários carros passam pela rua, mas não há motos ou outros veículos parados.","Nenhum comportamento suspeito ou de risco aparente. O indivíduo sob o guarda-chuva parece estar apenas sentado, sem ações suspeitas. Os veículos passam normalmente pela rua.","""Camera 01"" e data/hora visíveis.","**Não**, não há sinais de risco observáveis na sequência de imagens.",camera_analyzer_prompt_external_street,False,False
event_20250408_154828_a4352938,2,motion_detected/event_20250408_154828_a4352938/0000_stand_20250408_154828_frame.jpg,stand,2025-04-08 15:48:28,"Ambiente externo, noturno, com iluminação artificial. Localização em uma rua urbana com calçada e entrada de prédio visível.",Duas pessoas detectadas. Uma está em pé próxima a uma motocicleta parada na calçada.,"Uma pessoa em pé próxima a uma motocicleta, que está parada na calçada. Não há sinais claros de comportamento suspeito ou de risco imediato.",TITANVORTEX,"**Não**, não há comportamentos observáveis que indiquem risco.",camera_analyzer_prompt_external_street,False,False
event_20250408_154828_fabdce01,3,motion_detected/event_20250408_154828_fabdce01/0000_stand_20250408_154828_frame.jpg,stand,2025-04-08 15:48:28,"Ambiente interno, iluminação artificial, parece ser um quarto.","Três pessoas presentes, duas em pé e uma deitada em uma cama.",Nenhum comportamento de risco aparente. As pessoas parecem estar interagindo de forma normal.,Nenhum,"**Não**, não há sinais de comportamento de risco.",camera_analyzer_prompt_internal_closed,False,False
event_20250403_110306_2a4c2741,12,motion_detected/event_20250403_110306_2a4c2741/0001_6984_20250307_101724_frame_20250403_110306_000054.jpg,6984,2025-03-07 10:17:24,"Ambiente externo durante o dia, com boa iluminação. A cena ocorre em uma rua residencial com calçada e estacionamento frontal.","Aproximadamente um carro, um caminhão e uma pessoa foram detectados ao longo da sequência. Os veículos estão em movimento normal na rua.","Não há comportamentos suspeitos observados. Os veículos passam pela rua sem parar, e a pessoa detectada não apresenta ações suspeitas.","Data e hora visíveis no canto superior esquerdo; ""Camera 01"" no canto inferior direito.","**Não**, não há sinais de risco observáveis na sequência de imagens.",camera_analyzer_prompt_external_street,False,False
event_20250410_145302_fd512be8,11,motion_detected/event_20250410_145302_fd512be8/0000_robbery_20250410_145302_frame.jpg,robbery,2025-04-10 14:53:02,"Ambiente externo, durante o dia, com boa iluminação. Cena ocorre em uma rua residencial.",Aproximadamente três pessoas e duas motocicletas envolvidas.,"- Duas pessoas em uma motocicleta abordam outra pessoa em uma segunda motocicleta.
  - Ação agressiva e coordenada entre os indivíduos.
  - Indivíduos parecem estar tentando roubar a motocicleta ou pertences da vítima.
  - Uso de capacetes, o que pode dificultar a identificação.",Nenhum,"**Sim**, comportamento claramente agressivo e coordenado, indicando uma tentativa de roubo.",camera_analyzer_prompt_external_street,True,True
event_20250410_145304_8ec3e678,25,motion_detected/event_20250410_145304_8ec3e678/0000_break-in_20250410_145304_frame.jpg,break-in,2025-04-10 14:53:04,"Ambiente interno, iluminação noturna com baixa visibilidade, possivelmente um depósito ou área de armazenamento.","Aproximadamente duas pessoas detectadas, uma delas segurando um objeto semelhante a uma ferramenta ou arma.","Indivíduos cobrem o rosto e seguram um objeto que pode ser uma ferramenta ou arma, indicando possível tentativa de invasão ou comportamento agressivo.",Data e hora visíveis no canto superior direito.,"**Sim**, devido à presença de pessoas com comportamento suspeito e potencialmente agressivo, segurando um objeto que pode ser usado para invasão ou agressão.",camera_analyzer_prompt_internal_closed,True,True
event_20250402_150847_2875d9f1,6,motion_detected/event_20250402_150847_2875d9f1/0001_40428_20250221_185342_frame_20250402_150847_000004.jpg,40428,2025-02-21 18:53:42,"Ambiente externo durante o dia, com boa iluminação. A cena ocorre em uma rua residencial, com calçada e portão de entrada visíveis.",Há um carro visível na rua em todas as imagens. Não há pessoas detectadas.,Nenhum comportamento suspeito ou de risco aparente foi observado. O carro está estacionado ou se movendo de forma normal.,Nenhum,"**Não**, não há sinais de risco observáveis na sequência de imagens.",camera_analyzer_prompt_external_street,False,False
event_20250402_150644_65cf02b1,9,motion_detected/event_20250402_150644_65cf02b1/0001_40426_20250221_185342_frame_20250402_150640_000009.jpg,40426,2025-02-21 18:53:42,"Ambiente interno com vista para área externa privada. Dia, com boa iluminação. Área visualizada parece ser um corredor lateral com portão.","Uma pessoa foi vista inicialmente, depois saiu do campo de visão. Um carro e uma motocicleta foram detectados na rua.","A pessoa foi vista interagindo com o portão, o que pode indicar uma tentativa de entrada ou saída. Não há evidência clara de comportamento suspeito, mas a presença de uma pessoa em um corredor lateral pode ser incomum.",Nenhum,"**Sim**, devido à interação com o portão em uma área potencialmente restrita.",camera_analyzer_prompt_internal_to_outside,False,True
event_20250402_153052_8400b28d,11,motion_detected/event_20250402_153052_8400b28d/0001_10785_20250228_101013_frame_20250402_153052_000063.jpg,10785,2025-02-28 10:10:13,"Ambiente externo durante o dia, com iluminação suficiente. A cena parece ser de uma rua residencial ou entrada de propriedade, com cercas visíveis.",Nenhuma pessoa ou veículo detectado nas imagens.,Não há comportamentos de risco observáveis devido à ausência de pessoas e veículos.,"""NO VIDEO"" aparece em várias imagens.","**Não**, não há sinais de risco observáveis nas imagens fornecidas.",camera_analyzer_prompt_external_street,False,False
event_20250402_154239_6901bc0d,7,motion_detected/event_20250402_154239_6901bc0d/0001_10782_20250228_101013_frame_20250402_154239_000133.jpg,10782,2025-02-28 10:10:13,"Ambiente externo durante o dia, com boa iluminação. A cena ocorre em uma rua com calçada e fachada de um prédio visível.",Uma motocicleta com um ocupante passa pela rua. Uma pessoa é vista caminhando na calçada.,A motocicleta passa rapidamente sem sinais de comportamento suspeito. A pessoa na calçada está apenas caminhando.,"""Camera 13""","**Não**, não há comportamentos suspeitos ou sinais de risco observáveis.",camera_analyzer_prompt_external_street,False,False
event_20250408_154827_489da73b,3,motion_detected/event_20250408_154827_489da73b/0000_sit_20250408_154827_frame.jpg,sit,2025-04-08 15:48:27,"Ambiente interno, bem iluminado, possivelmente uma recepção ou escritório.",Duas pessoas visíveis. Uma delas está interagindo com um objeto (parece um livro ou similar) enquanto está sentada.,"Nenhum comportamento de risco aparente. As pessoas estão paradas ou sentadas, sem ações suspeitas.","""BROWARD SHERIFF'S OFFICE"" visível.","**Não**, não há sinais de comportamento de risco.",camera_analyzer_prompt_internal_closed,True,False
event_20250408_154827_df4d752d,5,motion_detected/event_20250408_154827_df4d752d/0000_walk_20250408_154827_frame.jpg,walk,2025-04-08 15:48:27,"Área externa coberta, possivelmente um quintal ou varanda. A iluminação parece ser diurna.","Uma pessoa visível, movendo-se ao redor de uma mesa coberta.","A pessoa está presente em uma área privada, mas não há sinais claros de comportamento suspeito ou tentativa de invasão.","""camera2"" e data/hora visíveis.","**Não**, a pessoa não demonstra comportamento suspeito ou de risco evidente.",camera_analyzer_prompt_internal_to_outside,True,False
event_20250403_110122_9008d0c2,6,motion_detected/event_20250403_110122_9008d0c2/0001_6987_20250307_101724_frame_20250403_110122_000108.jpg,6987,2025-03-07 10:17:24,"Ambiente interno, bem iluminado, possivelmente durante o dia. Parece ser um escritório.",Duas pessoas sentadas em uma mesa de escritório. Não há veículos.,Nenhum comportamento de risco aparente. As pessoas estão sentadas e parecem estar em uma reunião ou conversa.,"Data e hora visíveis, ""Camera: 04"".","**Não**, não há sinais de comportamento suspeito ou risco à segurança.",camera_analyzer_prompt_internal_closed,False,False
event_20250403_101317_ac64b50b,14,motion_detected/event_20250403_101317_ac64b50b/0001_17201_20250307_002851_frame_20250403_101317_000129.jpg,17201,2025-03-07 00:28:51,"Ambiente externo à noite, com iluminação artificial. A cena ocorre em uma rua residencial com calçada e portão de entrada visíveis.","Um veículo passa pela rua, visível em várias imagens, mas não há pessoas detectadas.","O veículo circula pela rua, mas não há sinais de comportamento suspeito, como parada prolongada ou redução de velocidade.","""Frente,L,E"" visível nas imagens.","**Não**, não há comportamentos suspeitos observáveis.",camera_analyzer_prompt_external_street,False,False
event_20250403_111720_8438ede2,13,motion_detected/event_20250403_111720_8438ede2/0001_6990_20250307_101724_frame_20250403_111720_000111.jpg,6990,2025-03-07 10:17:24,"Ambiente interno, bem iluminado, tipo recepção ou escritório.","Uma pessoa visível, interagindo com objetos sobre uma mesa.","A pessoa está mexendo em objetos sobre a mesa, mas não há sinais claros de comportamento suspeito ou agressivo.","""Camera 87"" visível.","**Não**, não há comportamentos de risco evidentes.",camera_analyzer_prompt_internal_closed,False,False
event_20250408_154828_0ef99938,9,motion_detected/event_20250408_154828_0ef99938/0000_stand_20250408_154828_frame.jpg,stand,2025-04-08 15:48:28,"Ambiente interno, provavelmente uma loja ou conveniência. Iluminação artificial, parece ser à noite.","Uma pessoa visível, próxima à entrada da loja.","A pessoa parece estar tentando abrir ou forçar a porta de entrada, o que pode indicar uma tentativa de saída não autorizada ou outro comportamento suspeito.","CAM 3, data e hora visíveis.","**Sim**, devido à tentativa de manipulação da porta, o que pode indicar um comportamento de risco.",camera_analyzer_prompt_internal_closed,False,True
event_20250402_135631_93a32206,11,motion_detected/event_20250402_135631_93a32206/0001_6895_20250219_153816_frame_20250402_135623_000080.jpg,6895,2025-02-19 15:38:16,"Estacionamento interno com vista para uma saída. Dia, com iluminação natural forte.",Um carro visível saindo do estacionamento.,Nenhum comportamento de risco observado. O carro está saindo de maneira normal.,"""Camera 13"" visível nas imagens.","**Não**, saída de veículo sem sinais de comportamento suspeito.",camera_analyzer_prompt_internal_to_outside,False,False
event_20250403_115050_7683df45,19,motion_detected/event_20250403_115050_7683df45/0001_16312_20250307_134155_frame_20250403_115049_000017.jpg,16312,2025-03-07 13:41:55,"Escritório interno, bem iluminado, durante o dia.","Aproximadamente duas pessoas visíveis, movimentando-se entre as mesas e áreas de trabalho.","Nenhum comportamento de risco aparente, as pessoas parecem estar realizando atividades normais de escritório.","""Escritorio"" e ""intelbras"" visíveis.","**Não**, não há sinais de comportamento suspeito ou risco à segurança.",camera_analyzer_prompt_internal_closed,False,False
event_20250403_092133_a41a7e4e,15,motion_detected/event_20250403_092133_a41a7e4e/0001_55406_20250302_230353_frame_20250403_092127_000111.jpg,55406,2025-03-02 23:03:53,"Ambiente externo à noite, com boa iluminação. Localizado em uma rua residencial em frente a um portão de entrada.","Aproximadamente três pessoas e vários carros visíveis. As pessoas estão caminhando pela calçada, e os carros estão em movimento na rua.","- Não há tentativas de forçar ou manipular entradas.
  - Não há permanência prolongada em frente ao imóvel.
  - As pessoas estão caminhando normalmente, sem hesitação ou observação suspeita do imóvel.
  - Os veículos estão em movimento contínuo, sem paradas suspeitas.
  - Não há motocicletas envolvidas na cena.","""Camera 01""","**Não**, não há comportamentos suspeitos ou sinais de risco observáveis na sequência de imagens.",camera_analyzer_prompt_external_street,False,False
event_20250403_092148_f7aec939,20,motion_detected/event_20250403_092148_f7aec939/0001_55406_20250302_230353_frame_20250403_092148_000132.jpg,55406,2025-03-02 23:03:53,"Ambiente externo à noite, com iluminação de rua. Localização em frente a um portão de entrada de um imóvel em uma rua residencial.","- Aproximadamente duas pessoas visíveis, uma delas em uma bicicleta.
  - Vários carros passando pela rua.","- Uma pessoa em uma bicicleta passa em frente ao portão, mas não há sinais de comportamento suspeito, como tentativa de manipular o portão ou permanência prolongada.
  - Os carros estão em movimento contínuo, sem paradas suspeitas ou redução de velocidade em frente ao imóvel.","""Camera 01"" visível nas imagens.","**Não**, não há comportamentos observáveis que indiquem risco potencial à segurança.",camera_analyzer_prompt_external_street,False,False
event_20250410_145303_bf28867c,25,motion_detected/event_20250410_145303_bf28867c/0000_robbery_20250410_145303_frame.jpg,robbery,2025-04-10 14:53:03,"Área externa durante o dia, com boa iluminação. A cena ocorre em um estacionamento frontal ou área de carga/descarga, com um veículo de transporte de valores presente.","- Vários veículos, incluindo um caminhão de transporte de valores e motocicletas.
  - Presença de várias pessoas, algumas próximas ao caminhão.
  - Uma pessoa parece se abaixar ou cair ao lado do caminhão.","- A presença de um caminhão de transporte de valores sugere uma situação de risco potencial.
  - Pessoas próximas ao caminhão, uma delas se abaixando ou caindo, pode indicar uma situação de emergência ou risco.
  - A movimentação rápida e a presença de várias motocicletas podem indicar uma situação de assalto ou tentativa de roubo.",Presente (marca d'água visível no vídeo).,"**Sim**, devido à presença de um veículo de transporte de valores, movimentação suspeita e comportamento de risco aparente (pessoa se abaixando ou caindo).",camera_analyzer_prompt_external_street,True,True
event_20250408_154826_f4c9cc24,3,motion_detected/event_20250408_154826_f4c9cc24/0000_kick_20250408_154826_frame.jpg,kick,2025-04-08 15:48:26,"Ambiente externo à noite, com iluminação artificial. Local parece ser uma área urbana com calçada.","Aproximadamente cinco pessoas visíveis. Algumas estão no chão, enquanto outras estão em pé, interagindo de maneira que sugere um possível confronto físico.",A presença de pessoas no chão e a interação física entre os indivíduos indicam um possível conflito ou agressão.,"CCTVX, MARBLE PLACE","**Sim**, devido à aparente agressão ou confronto físico entre as pessoas, o que representa um risco à segurança.",camera_analyzer_prompt_external_street,True,True
event_20250403_091558_f5332a23,14,motion_detected/event_20250403_091558_f5332a23/0001_55408_20250302_230353_frame_20250403_091558_000102.jpg,55408,2025-03-02 23:03:53,"Ambiente externo à noite, com iluminação de rua. A cena mostra uma rua residencial com um portão de entrada visível.",Um veículo passa rapidamente pela rua. Não há pessoas visíveis nas imagens.,Nenhum comportamento suspeito ou de risco observado. O veículo apenas transita pela rua sem parar ou reduzir a velocidade de forma suspeita.,"""Camera 03"" e data/hora visíveis.","**Não**, não há sinais de risco observáveis nas imagens.",camera_analyzer_prompt_external_street,False,False
event_20250408_154828_da5febad,4,motion_detected/event_20250408_154828_da5febad/0000_run_20250408_154828_frame.jpg,run,2025-04-08 15:48:28,"Ambiente interno com vista para uma área externa privada, possivelmente um quintal ou garagem. Iluminação noturna com luzes artificiais.","Três pessoas visíveis, uma delas se aproximando de um carro estacionado.","Presença de pessoas em uma área onde há um carro estacionado, mas sem ações suspeitas evidentes, como tentativa de abrir o veículo ou acessar áreas restritas.","""VIKATAN TV"" visível no canto inferior direito.","**Não**, as pessoas estão apenas se movimentando na área sem comportamento suspeito aparente.",camera_analyzer_prompt_internal_to_outside,True,False
event_20250410_145303_c7079205,9,motion_detected/event_20250410_145303_c7079205/0000_robbery_20250410_145303_frame.jpg,robbery,2025-04-10 14:53:03,"Ambiente interno, provavelmente uma sala de estar ou jantar. A iluminação é baixa, indicando que é noite.","Aproximadamente três pessoas visíveis. Uma pessoa está sentada à mesa, enquanto outras duas estão próximas, uma delas parece estar interagindo de forma agressiva com a pessoa sentada.","Uma pessoa está sendo abordada de forma agressiva por outra, que parece estar tentando retirar algo ou intimidar a pessoa sentada. A presença de mochilas pode indicar uma tentativa de roubo.",#JornalDaRecord,"**Sim**, devido à interação agressiva e potencial tentativa de roubo.",camera_analyzer_prompt_internal_closed,True,True
event_20250403_113741_80c81944,146,motion_detected/event_20250403_113741_80c81944/0001_7645_20250307_134155_frame_20250403_113736_000011.jpg,7645,2025-03-07 13:41:55,"Ambiente externo privado, durante o dia, com boa iluminação. A área visualizada é um corredor lateral com portão de entrada.",Nenhuma pessoa ou veículo detectado nas imagens.,Nenhum comportamento de risco observado.,"""Portao entrada"" e ""Intelbras"" visíveis nas imagens.","**Não**, nenhuma atividade suspeita ou presença não autorizada detectada.",camera_analyzer_prompt_internal_to_outside,False,False
event_20250410_145302_1206a091,22,motion_detected/event_20250410_145302_1206a091/0000_robbery_20250410_145302_frame.jpg,robbery,2025-04-10 14:53:02,"Consultório odontológico, bem iluminado, ambiente interno.","Aproximadamente cinco pessoas, incluindo um paciente deitado na cadeira odontológica e outras pessoas em pé, algumas usando máscaras e toucas.","Uma pessoa parece estar em posição de rendição, com as mãos levantadas. Outras pessoas estão próximas, possivelmente em situação de tensão. O paciente se levanta da cadeira rapidamente.","#sbtnews, Ceilândia, DF, data e hora visíveis.","**Sim**, a situação sugere um possível assalto ou ameaça, dado o comportamento de rendição e a movimentação rápida do paciente.",camera_analyzer_prompt_internal_closed,True,True
event_20250408_154826_2c927806,4,motion_detected/event_20250408_154826_2c927806/0000_kick_20250408_154826_frame.jpg,kick,2025-04-08 15:48:26,"Ambiente externo à noite, com iluminação de rua. Local parece ser uma área comercial ou de entretenimento, com letreiros luminosos visíveis.","Aproximadamente cinco pessoas visíveis. Elas estão próximas à entrada de um edifício, algumas subindo as escadas. Não há veículos visíveis na cena.","Não há sinais claros de comportamento de risco. As pessoas parecem estar entrando ou saindo de um local, sem ações suspeitas evidentes.","CCTV, data e hora visíveis.","**Não**, não há comportamentos suspeitos ou de risco observáveis na sequência de imagens.",camera_analyzer_prompt_external_street,True,False
event_20250410_145304_6ba77bed,1,motion_detected/event_20250410_145304_6ba77bed/0000_break-in_20250410_145304_frame.jpg,break-in,2025-04-10 14:53:04,"Ambiente interno de um estabelecimento comercial ou consultório, bem iluminado durante o dia.",Três pessoas visíveis dentro do ambiente.,Nenhum comportamento suspeito aparente. As pessoas parecem estar interagindo normalmente dentro do local.,#PRIMEIROJORNAL,"**Não**, não há sinais de risco visíveis na imagem.",camera_analyzer_prompt_internal_to_outside,True,False
event_20250402_134602_e110db14,16,motion_detected/event_20250402_134602_e110db14/0001_6884_20250219_153904_frame_20250402_134602_000020.jpg,6884,2025-02-19 15:39:04,"Ambiente externo e interno. As primeiras imagens mostram uma rua residencial durante o dia, com boa iluminação. As imagens seguintes são de um elevador.","Duas pessoas são vistas caminhando na calçada. Não há veículos em movimento próximo a eles. No elevador, uma pessoa é vista com um carrinho de compras.",Não há comportamentos suspeitos ou associados a risco observados nas imagens. As pessoas estão caminhando normalmente e usando o elevador.,Câmera 02 e Câmera 96 visíveis nas imagens.,"**Não**, não há sinais de comportamento suspeito ou risco potencial nas imagens analisadas.",camera_analyzer_prompt_external_street,False,False
event_20250408_154829_f8cfe6ef,4,motion_detected/event_20250408_154829_f8cfe6ef/0000_struggle_20250408_154829_frame.jpg,struggle,2025-04-08 15:48:29,"Ambiente interno, bem iluminado, provavelmente uma sala de reuniões.",Aproximadamente 7 pessoas presentes. Algumas pessoas estão de pé e parecem estar interagindo de forma intensa.,Há uma interação física entre algumas pessoas que pode indicar um conflito ou luta. A movimentação parece rápida e desordenada.,Nenhum,"**Sim**, a interação física intensa entre as pessoas sugere um potencial conflito ou situação de risco.",camera_analyzer_prompt_internal_closed,True,True
event_20250403_103119_7b8360f5,6,motion_detected/event_20250403_103119_7b8360f5/0001_17205_20250307_002852_frame_20250403_103119_000110.jpg,17205,2025-03-07 00:28:52,"Ambiente externo à noite, com iluminação artificial. Local parece ser um pátio ou área de armazenamento.","Uma pessoa detectada em algumas imagens, movendo-se pelo local.","Nenhum comportamento de risco evidente, como tentativa de entrada forçada ou ações suspeitas.","""Intelbras"", ""L.D. Fundos"", data e hora visíveis.","**Não**, não há sinais claros de comportamento suspeito ou de risco.",camera_analyzer_prompt_external_street,False,False
event_20250408_154828_26a4cad8,7,motion_detected/event_20250408_154828_26a4cad8/0000_throw_20250408_154828_frame.jpg,throw,2025-04-08 15:48:28,"Ambiente externo à noite, com iluminação artificial. A cena ocorre em uma área que parece ser uma calçada ou espaço aberto em frente a um estabelecimento ou residência.",Aproximadamente duas pessoas detectadas em alguns frames. Não há veículos visíveis.,"Não há comportamentos de risco claros observáveis, como tentativas de forçar entradas ou circulação suspeita. As pessoas parecem estar apenas passando pelo local.","""Camera: 03"" visível nas imagens.","**Não**, não há sinais claros de comportamento suspeito ou risco potencial observados nas imagens.",camera_analyzer_prompt_external_street,True,False
event_20250410_145303_b6a2f2cd,9,motion_detected/event_20250410_145303_b6a2f2cd/0000_robbery_20250410_145303_frame.jpg,robbery,2025-04-10 14:53:03,"Ambiente interno, iluminação noturna com visão noturna, corredor fechado.","Duas pessoas presentes, uma delas usando capuz.",As pessoas estão mexendo em armários e retirando objetos de forma acelerada.,#JornalDaRecord,"**Sim**, comportamento sugere possível roubo ou invasão, com retirada de objetos de forma suspeita.",camera_analyzer_prompt_internal_closed,True,True
event_20250403_101212_7acf6727,11,motion_detected/event_20250403_101212_7acf6727/0001_17201_20250307_002851_frame_20250403_101212_000064.jpg,17201,2025-03-07 00:28:51,"Ambiente externo à noite, com iluminação artificial. A cena ocorre em uma rua residencial com calçada e portão de entrada visíveis.",Um carro passa pela rua em frente ao imóvel. Não há pessoas visíveis nas imagens.,O carro passa pela rua sem parar ou reduzir a velocidade de forma suspeita. Não há sinais de comportamento de risco.,"""Frente,L,E"" visível nas imagens.","**Não**, não há comportamentos suspeitos ou sinais de risco observáveis.",camera_analyzer_prompt_external_street,False,False
event_20250410_145301_0031b418,31,motion_detected/event_20250410_145301_0031b418/0000_burglary_20250410_145301_frame.jpg,burglary,2025-04-10 14:53:01,"Ambiente externo à noite, com iluminação de segurança. Área visualizada parece ser uma varanda ou pátio coberto.",Uma pessoa presente.,A pessoa está tentando abrir uma janela e removendo um objeto (possivelmente um ar-condicionado ou similar) da parede.,"""intelbras"", ""GAZ"".","**Sim**, a ação de tentar abrir a janela e remover um objeto da parede indica um comportamento suspeito e potencialmente criminoso.",camera_analyzer_prompt_internal_to_outside,True,True
event_20250402_152957_dcbadaac,6,motion_detected/event_20250402_152957_dcbadaac/0001_10785_20250228_101013_frame_20250402_152957_000010.jpg,10785,2025-02-28 10:10:13,Sem visão devido à ausência de vídeo.,Não identificáveis.,Não observáveis.,"""NO VIDEO""","**Não**, sem dados visuais para análise.",camera_analyzer_prompt_external_street,False,False
event_20250402_152728_27cf3018,7,motion_detected/event_20250402_152728_27cf3018/0001_10784_20250228_101013_frame_20250402_152728_000022.jpg,10784,2025-02-28 10:10:13,"Ambiente interno, bem iluminado, parece ser um corredor fechado.","Uma pessoa visível, caminhando pelo corredor.","A pessoa está apenas caminhando, sem sinais de comportamento suspeito ou agressivo.","""Camera 15"" visível.","**Não**, não há ações suspeitas ou de risco observadas.",camera_analyzer_prompt_internal_closed,False,False
event_20250408_154827_b5baa4eb,3,motion_detected/event_20250408_154827_b5baa4eb/0000_sit_20250408_154827_frame.jpg,sit,2025-04-08 15:48:27,"Ambiente interno, possivelmente uma sala de espera ou recepção, com iluminação artificial, indicando que pode ser dia ou noite.","Aproximadamente 13 pessoas visíveis, algumas sentadas e outras em pé. Não há veículos.",Não há sinais claros de comportamento de risco. As pessoas parecem estar interagindo de maneira normal em um ambiente de espera.,Nenhum,"**Não**, não há comportamentos suspeitos ou sinais de risco visíveis.",camera_analyzer_prompt_internal_closed,True,False
event_20250403_091718_718f1e23,16,motion_detected/event_20250403_091718_718f1e23/0001_55407_20250302_230353_frame_20250403_091718_000024.jpg,55407,2025-03-02 23:03:53,"Ambiente interno com vista para área externa privada. É noite, com iluminação de postes de rua visível. A área visualizada parece ser uma varanda ou pátio frontal, com vista para a rua.",Há várias pessoas passando pela calçada ao longo das imagens. Um carro azul está estacionado na rua.,"Não há comportamentos suspeitos visíveis. As pessoas estão apenas caminhando pela calçada, sem interação com a propriedade.","""Camera 02"" visível nas imagens.","**Não**, não há sinais de risco aparente. As pessoas estão apenas transitando pela área pública.",camera_analyzer_prompt_internal_to_outside,False,False
event_20250402_135601_2503371e,12,motion_detected/event_20250402_135601_2503371e/0001_6895_20250219_153816_frame_20250402_135601_000059.jpg,6895,2025-02-19 15:38:16,"Ambiente interno, bem iluminado, possivelmente um estacionamento ou corredor de acesso.",Uma pessoa visível no início da sequência.,"A pessoa parece estar interagindo com a porta, mas não há sinais claros de comportamento de risco, como tentativa de forçar ou abrir a porta de maneira agressiva.","""Camera 13"" e data/hora visíveis.","**Não**, não há sinais claros de comportamento de risco.",camera_analyzer_prompt_internal_closed,False,False
event_20250410_145301_bd360024,26,motion_detected/event_20250410_145301_bd360024/0000_car-break-in_20250410_145301_frame.jpg,car-break-in,2025-04-10 14:53:01,"Estacionamento interno, iluminação artificial, noite.","Uma pessoa visível tentando abrir um carro, vários carros estacionados.","A pessoa está tentando abrir a porta de um carro, possivelmente forçando a entrada.","""Channel6"" e ""385KB/s"" visíveis.","**Sim**, a ação de tentar abrir o carro indica um risco potencial de roubo ou dano ao veículo.",camera_analyzer_prompt_internal_closed,True,True
event_20250402_142408_54015820,11,motion_detected/event_20250402_142408_54015820/0001_6884_20250219_153816_frame_20250402_142408_000019.jpg,6884,2025-02-19 15:38:16,"Ambiente externo durante o dia, com boa iluminação. A cena ocorre em uma rua residencial, próxima a um portão de entrada e calçada.",Duas pessoas são vistas caminhando na calçada. Um carro está estacionado próximo.,"As pessoas estão caminhando normalmente, sem sinais de comportamento suspeito. Não há tentativas de manipular entradas ou permanência prolongada em frente ao imóvel.","""Camera 02"" visível nas imagens.","**Não**, não há comportamentos de risco observáveis.",camera_analyzer_prompt_external_street,False,False
event_20250408_154826_3040ec46,7,motion_detected/event_20250408_154826_3040ec46/0000_kick_20250408_154826_frame.jpg,kick,2025-04-08 15:48:26,"Ambiente externo durante o dia, com boa iluminação. A cena ocorre em uma área residencial, próxima a uma entrada de imóvel.","Duas pessoas estão presentes. Uma está próxima à entrada do imóvel e a outra está mais afastada, na calçada.","A pessoa próxima à entrada parece estar tentando manipular ou forçar a porta, enquanto a outra observa à distância.",Nenhum,"**Sim**, devido à tentativa aparente de manipulação da entrada do imóvel, o que pode indicar uma tentativa de invasão.",camera_analyzer_prompt_external_street,True,True
event_20250408_154829_ce92d2ad,4,motion_detected/event_20250408_154829_ce92d2ad/0000_sneak_20250408_154829_frame.jpg,sneak,2025-04-08 15:48:29,"Estacionamento de um posto de gasolina à noite, com iluminação artificial.",Aproximadamente duas pessoas visíveis. Vários carros estacionados e em movimento.,"- Uma pessoa parece estar agachada ao lado de um carro, possivelmente manipulando algo próximo à roda.
  - Outra pessoa está próxima à entrada da loja, mas não apresenta comportamento suspeito.","""CAM 11"" e data/hora visíveis.","**Sim**, devido à atividade suspeita de uma pessoa agachada ao lado do carro, o que pode indicar tentativa de furto ou vandalismo.",camera_analyzer_prompt_external_street,True,True
event_20250410_145303_905c170e,10,motion_detected/event_20250410_145303_905c170e/0000_robbery_20250410_145303_frame.jpg,robbery,2025-04-10 14:53:03,"Ambiente interno, bem iluminado, tipo loja de conveniência ou supermercado.","Aproximadamente 8 pessoas visíveis. Duas pessoas com capuz, uma delas aparentemente armada, interagindo de forma ameaçadora com o caixa.","Pessoas com capuz parecem estar conduzindo um assalto. Uma delas está apontando algo para o caixa, enquanto a outra parece estar pegando algo do caixa. Clientes no fundo parecem estar se abaixando ou tentando se proteger.",Data e hora visíveis na imagem.,"**Sim**, devido à presença de indivíduos com comportamento ameaçador e possível uso de arma, indicando um assalto em andamento.",camera_analyzer_prompt_internal_closed,True,True
event_20250403_115742_98c6dcb5,23,motion_detected/event_20250403_115742_98c6dcb5/0001_7639_20250307_134155_frame_20250403_115726_000099.jpg,7639,2025-03-07 13:41:55,"Ambiente externo durante o dia, com boa iluminação. A cena ocorre em uma rua residencial com calçada e estacionamento frontal.",Aproximadamente dois carros estacionados e um carro em movimento. Não há pessoas visíveis.,Nenhum comportamento suspeito observado. Os veículos estão apenas transitando ou estacionados.,"""frente direita"" e ""intelbras"" visíveis nas imagens.","**Não**, não há sinais de risco observáveis.",camera_analyzer_prompt_external_street,False,False
event_20250403_111740_d2e012b2,7,motion_detected/event_20250403_111740_d2e012b2/0001_6990_20250307_101724_frame_20250403_111736_000127.jpg,6990,2025-03-07 10:17:24,"Ambiente interno, bem iluminado, possivelmente uma sala de espera ou recepção.","Aproximadamente duas pessoas visíveis, uma sentada e outra em pé, interagindo de forma calma.","Nenhum comportamento de risco aparente, as pessoas parecem estar em uma interação normal.",Camera 07,"**Não**, não há sinais de comportamento suspeito ou risco à segurança.",camera_analyzer_prompt_internal_closed,False,False
event_20250408_154829_a5034a90,3,motion_detected/event_20250408_154829_a5034a90/0000_run_20250408_154829_frame.jpg,run,2025-04-08 15:48:29,"Ambiente externo durante o dia, com boa iluminação. A cena ocorre em uma rua residencial.",Três pessoas e um carro branco. As pessoas estão correndo na rua.,"As pessoas parecem estar fugindo ou perseguindo algo/alguém, o que pode indicar uma situação de risco.","""NC"", ""news24 VIDEO"", ""SUBSCRIBED"", ""http://www.youtube.com/c/NiceCompilation""","**Sim**, a corrida das pessoas pode indicar uma situação de risco ou emergência.",camera_analyzer_prompt_external_street,True,True
event_20250402_173700_99de4379,6,motion_detected/event_20250402_173700_99de4379/0001_53862_20250301_082830_frame_20250402_173659_000073.jpg,53862,2025-03-01 08:28:30,"Ambiente interno com vista para uma área externa privada, possivelmente um corredor lateral. A iluminação indica que é de madrugada ou início da manhã.",Nenhuma pessoa ou veículo detectado nas imagens.,Nenhum comportamento suspeito visível.,"""Camera 04"" e data/hora visíveis.","**Não**, nenhuma atividade suspeita ou presença detectada.",camera_analyzer_prompt_internal_to_outside,False,False
event_20250402_140508_b3297f10,7,motion_detected/event_20250402_140508_b3297f10/0001_6896_20250219_153816_frame_20250402_140502_000093.jpg,6896,2025-02-19 15:38:16,"Ambiente interno com vista para uma área externa privada. É dia, com boa iluminação natural. A área visualizada parece ser uma garagem ou estacionamento coberto com um portão de grade.",Nenhuma pessoa ou veículo detectado nas imagens.,Nenhum comportamento de risco observado.,"Data e hora no canto superior esquerdo, ""Camera 14"" no canto inferior direito.","**Não**, nenhuma atividade suspeita ou presença incomum detectada.",camera_analyzer_prompt_internal_to_outside,False,False
event_20250403_102756_6e6690ad,6,motion_detected/event_20250403_102756_6e6690ad/0001_17204_20250307_002852_frame_20250403_102756_000065.jpg,17204,2025-03-07 00:28:52,"Ambiente externo à noite, com iluminação artificial. Local parece ser uma área de calçada ou estacionamento frontal.",Nenhuma pessoa ou veículo visível nas imagens.,Nenhum comportamento suspeito ou de risco observado.,"""FRONTE L.D"" e ""Intelbras"" visíveis nas imagens.","**Não**, nenhuma atividade suspeita ou risco aparente detectado.",camera_analyzer_prompt_external_street,False,False
event_20250408_154827_5840dcfb,4,motion_detected/event_20250408_154827_5840dcfb/0000_sit_20250408_154827_frame.jpg,sit,2025-04-08 15:48:27,"Ambiente interno, bem iluminado, possivelmente uma sala pequena ou cabine.","Três pessoas presentes. Uma pessoa está sentada, enquanto as outras duas estão em pé. Uma pessoa parece estar em uma posição defensiva ou de desconforto, sentada no chão.","A pessoa no chão parece estar em uma posição de vulnerabilidade, cobrindo o rosto. As outras duas pessoas estão em pé, uma delas próxima à pessoa no chão, o que pode indicar uma situação de intimidação ou ameaça.",Nenhum,"**Sim**, a situação sugere um possível risco de intimidação ou agressão, dado o comportamento das pessoas em pé em relação à pessoa no chão.",camera_analyzer_prompt_internal_closed,True,True
event_20250410_145302_bc2a40d7,10,motion_detected/event_20250410_145302_bc2a40d7/0000_robbery_20250410_145302_frame.jpg,robbery,2025-04-10 14:53:02,"Ambiente externo durante o dia, com boa iluminação. A cena ocorre em uma rua residencial, em frente a um portão de entrada.",Aproximadamente duas pessoas e um veículo visível. Uma pessoa está próxima ao portão e outra aparece correndo na rua. Um carro está estacionado próximo ao portão.,"- Uma pessoa está próxima ao portão, possivelmente manipulando-o.
  - Outra pessoa corre em direção ao veículo estacionado.
  - A cena sugere uma ação coordenada entre as duas pessoas.",SPAGORA,"**Sim**, devido à presença de pessoas próximas ao portão e a ação coordenada, o que pode indicar uma tentativa de invasão ou roubo.",camera_analyzer_prompt_external_street,True,True
event_20250410_145302_678f96dc,0,,,,N/A,N/A,N/A,N/A,N/A,camera_analyzer_prompt_external_street,False,False
event_20250410_145304_5df71c7c,11,motion_detected/event_20250410_145304_5df71c7c/0000_break-in_20250410_145304_frame.jpg,break-in,2025-04-10 14:53:04,"Ambiente externo, noturno, com iluminação artificial. Localização em uma calçada de rua comercial, próximo a um estabelecimento com portão fechado.",Aproximadamente duas pessoas próximas ao portão do estabelecimento. Não há veículos visíveis.,"As pessoas estão próximas ao portão, possivelmente tentando manipulá-lo, o que pode indicar uma tentativa de invasão.",Nenhum,"**Sim**, devido à presença de pessoas próximas ao portão de um estabelecimento à noite, com comportamento que pode sugerir tentativa de invasão.",camera_analyzer_prompt_external_street,True,True
event_20250410_145302_ce327081,10,motion_detected/event_20250410_145302_ce327081/0000_robbery_20250410_145302_frame.jpg,robbery,2025-04-10 14:53:02,"Ambiente interno com vista para uma área externa privada, possivelmente um estacionamento. A iluminação parece ser artificial, indicando que é noite.","Aproximadamente oito pessoas são visíveis. Algumas estão sentadas, enquanto outras estão em movimento rápido, possivelmente em fuga. Dois carros estão estacionados na área externa.","Pessoas em movimento rápido, algumas aparentando estar armadas, sugerem uma situação de risco, possivelmente um assalto ou tentativa de fuga. Ações indicam pânico ou emergência.",Data e hora visíveis no canto superior esquerdo.,"**Sim**, a presença de pessoas em movimento rápido e possivelmente armadas indica uma situação de alto risco, sugerindo um possível assalto ou confronto.",camera_analyzer_prompt_internal_to_outside,True,True
event_20250403_091449_291c9e77,10,motion_detected/event_20250403_091449_291c9e77/0001_55408_20250302_230353_frame_20250403_091449_000034.jpg,55408,2025-03-02 23:03:53,"Ambiente interno com vista para área externa privada. É noite, com iluminação artificial visível. A área visualizada parece ser um corredor lateral com portão.",Nenhuma pessoa detectada. Um veículo passa na rua ao fundo.,Nenhum comportamento de risco observado.,"""Camera 03""","**Não**, não há ações suspeitas ou presença de pessoas em áreas restritas.",camera_analyzer_prompt_internal_to_outside,False,False
event_20250402_150013_48010d5c,11,motion_detected/event_20250402_150013_48010d5c/0001_8986_20250221_093219_frame_20250402_150013_000010.jpg,8986,2025-02-21 09:32:19,"- Ambiente interno e externo.
  - Noite na área interna (frames 1-5), dia na área externa (frames 6-11).
  - Tipo do ambiente: depósito ou armazém (interno), pátio com portão (externo).",- Nenhuma pessoa ou veículo visível em ambas as áreas.,- Nenhum comportamento de risco observado. As imagens internas mostram um ambiente escuro e vazio. As imagens externas mostram um pátio vazio.,"- ""HIKVISION"" visível em um dos frames (frame 4).","- **Não**, não há sinais de risco aparente nas imagens fornecidas.",camera_analyzer_prompt_internal_closed,False,False
event_20250402_140749_066ae6aa,17,motion_detected/event_20250402_140749_066ae6aa/0001_6883_20250219_153816_frame_20250402_140749_000048.jpg,6883,2025-02-19 15:38:16,"Ambiente externo durante o dia, com boa iluminação. A cena ocorre em uma rua residencial com calçada e árvores.","Um carro branco estacionado na calçada, uma pessoa interage com o veículo, entrando e saindo. Um ciclista passa pela rua.",Nenhum comportamento suspeito observado. A pessoa parece estar apenas entrando ou saindo do carro.,"Data e hora visíveis no canto superior esquerdo, ""Camera 01"" no canto inferior direito.","**Não**, não há sinais de risco observáveis.",camera_analyzer_prompt_external_street,False,False
event_20250402_173805_511a00be,6,motion_detected/event_20250402_173805_511a00be/0001_53862_20250301_082830_frame_20250402_173801_000133.jpg,53862,2025-03-01 08:28:30,Corredor interno com vista para uma área externa privada. A iluminação indica que é noite.,Nenhuma pessoa ou veículo detectado nas imagens.,Nenhum comportamento de risco observado.,"Data e hora visíveis no canto superior esquerdo, ""Camera 04"" no canto inferior direito.","**Não**, nenhuma atividade suspeita ou presença de pessoas foi detectada.",camera_analyzer_prompt_internal_to_outside,False,False
event_20250402_150548_d33720ea,9,motion_detected/event_20250402_150548_d33720ea/0001_40425_20250221_185342_frame_20250402_150548_000004.jpg,40425,2025-02-21 18:53:42,"Ambiente interno com vista para uma área externa privada, possivelmente um jardim ou corredor lateral. A iluminação indica que é dia.","Uma pessoa foi detectada no primeiro frame, próxima à escada.","A presença de uma pessoa em uma área onde normalmente não há circulação pode indicar risco, especialmente se a área for restrita.","""Camera 04"" visível nas imagens.","**Sim**, a presença de uma pessoa em uma área potencialmente restrita justifica uma avaliação de risco.",camera_analyzer_prompt_internal_to_outside,False,True
event_20250410_145304_ec9c81a1,11,motion_detected/event_20250410_145304_ec9c81a1/0000_climbing-wall_20250410_145304_frame.jpg,climbing-wall,2025-04-10 14:53:04,"Ambiente externo, noturno, com iluminação artificial. Localizado em frente a um prédio residencial com portão de entrada visível.",Aproximadamente duas pessoas próximas ao portão e um carro estacionado dentro da propriedade.,"Não há comportamentos suspeitos visíveis, como tentativas de forçar entrada ou circulação suspeita de veículos.",Intelbras,"**Não**, não há sinais objetivos de risco observáveis nas imagens.",camera_analyzer_prompt_external_street,True,False
event_20250408_154828_93f6f29a,2,motion_detected/event_20250408_154828_93f6f29a/0000_gun_20250408_154828_frame.jpg,gun,2025-04-08 15:48:28,"Ambiente interno, provavelmente uma recepção ou lobby, com iluminação artificial.","Três pessoas visíveis. Uma pessoa está atrás do balcão, outra está sentada, e a terceira está em pé com os braços levantados.","A presença de uma pessoa com os braços levantados e outra apontando um objeto (possivelmente uma arma) sugere uma situação de risco elevado, como um assalto.",Nenhum,"**Sim**, devido à presença de uma possível arma e comportamento de rendição.",camera_analyzer_prompt_internal_to_outside,True,True
event_20250403_091655_aab5dcac,13,motion_detected/event_20250403_091655_aab5dcac/0001_55407_20250302_230353_frame_20250403_091655_000002.jpg,55407,2025-03-02 23:03:53,"Ambiente externo à noite, com boa iluminação. A cena ocorre em frente a um portão de entrada de um imóvel, em uma rua movimentada.","Aproximadamente duas pessoas visíveis próximas ao portão. Vários carros passam pela rua, mas nenhum comportamento suspeito é observado.",Não há sinais objetivos de risco. As pessoas estão apenas passando ou paradas sem ações suspeitas.,"""Camera 02"" e data/hora visíveis.","**Não**, não há comportamentos suspeitos ou sinais de risco observáveis.",camera_analyzer_prompt_external_street,False,False
event_20250410_145303_53f4d622,5,motion_detected/event_20250410_145303_53f4d622/0000_robbery_20250410_145303_frame.jpg,robbery,2025-04-10 14:53:03,"Ambiente interno, iluminação artificial, parece ser uma sala ou escritório.","Duas pessoas presentes, uma delas está mexendo em objetos próximos ao chão.","Uma das pessoas parece estar tentando acessar algo no chão, possivelmente de forma disfarçada.",Brasília 21°C,"**Sim**, devido ao comportamento suspeito de mexer em objetos de forma disfarçada.",camera_analyzer_prompt_internal_closed,True,True
event_20250402_170453_c09018c0,12,motion_detected/event_20250402_170453_c09018c0/0001_4992_20250228_161321_frame_20250402_170453_000026.jpg,4992,2025-02-28 16:13:21,"Ambiente interno com vista para área externa privada. Dia, com boa iluminação. A área visualizada parece ser um jardim ou quintal com vegetação densa.",Nenhuma pessoa ou veículo visível nas imagens.,Nenhum comportamento de risco observado.,Texto visível no canto superior esquerdo e inferior direito das imagens.,"**Não**, não há sinais de risco aparente nas imagens.",camera_analyzer_prompt_internal_to_outside,False,False
event_20250405_210823_c277677b,28,motion_detected/event_20250405_210823_c277677b/0001_videoplayback_frame_20250405_210822_000002.jpg,videoplayback,,"Ambiente externo durante o dia, com boa iluminação. A cena ocorre em uma rua residencial.",Aproximadamente 10 carros e 1 caminhonete visíveis. Uma pessoa é vista saindo de um carro preto estacionado.,Não há sinais claros de comportamento suspeito ou de risco. A pessoa apenas sai do carro.,Nenhum,"**Não**, não há comportamentos suspeitos observáveis na sequência de imagens.",camera_analyzer_prompt_external_street,True,False
event_20250408_154827_fa7d2be8,2,motion_detected/event_20250408_154827_fa7d2be8/0000_throw_20250408_154827_frame.jpg,throw,2025-04-08 15:48:27,"Ambiente interno com vista para um quintal. Dia, com boa iluminação.","Uma pessoa visível na segunda imagem, aparentemente subindo ou olhando sobre a cerca.","A pessoa está em uma posição que sugere tentativa de entrar ou observar o quintal, o que pode indicar risco.","""Cam 03"" e data/hora visíveis.","**Sim**, a presença da pessoa em uma posição elevada na cerca sugere potencial invasão ou vigilância não autorizada.",camera_analyzer_prompt_internal_to_outside,True,True
event_20250408_154826_2a63d2a6,3,motion_detected/event_20250408_154826_2a63d2a6/0000_lying_down_20250408_154826_frame.jpg,lying,,"Ambiente externo durante o dia, com boa iluminação. A cena ocorre em um estacionamento frontal.","Uma pessoa está deitada no chão ao lado de um carro azul, com a porta do motorista aberta.","A pessoa parece estar em uma posição incomum, possivelmente realizando algum tipo de manutenção ou ação não usual ao lado do carro.","""FAILARMY""","**Não**, a cena não apresenta sinais claros de risco à segurança.",camera_analyzer_prompt_external_street,True,False
event_20250403_091957_b1140755,6,motion_detected/event_20250403_091957_b1140755/0001_55406_20250302_230353_frame_20250403_091957_000024.jpg,55406,2025-03-02 23:03:53,"Ambiente externo à noite, com boa iluminação. Localizado em uma rua residencial em frente a um portão de entrada.",Aproximadamente duas pessoas e três carros visíveis. Uma pessoa caminha na calçada em frente ao portão.,Nenhum comportamento suspeito observado. A pessoa está apenas caminhando e os carros estão estacionados ou em movimento normal.,"""Camera 01"" visível.","**Não**, não há sinais de risco aparente.",camera_analyzer_prompt_external_street,False,False
event_20250403_101142_7b6e80c2,8,motion_detected/event_20250403_101142_7b6e80c2/0001_17201_20250307_002851_frame_20250403_101142_000035.jpg,17201,2025-03-07 00:28:51,"Ambiente externo à noite, com iluminação artificial. Local é uma rua residencial com calçada e portão de entrada.",Um veículo visível passando rapidamente pela rua.,Nenhum comportamento suspeito ou de risco observado. O veículo apenas passa pela rua sem parar ou reduzir a velocidade.,"Frente, L, E","**Não**, não há sinais de risco observáveis na sequência de imagens.",camera_analyzer_prompt_external_street,False,False
event_20250403_091629_66f321a3,8,motion_detected/event_20250403_091629_66f321a3/0001_55408_20250302_230353_frame_20250403_091629_000132.jpg,55408,2025-03-02 23:03:53,"Ambiente externo à noite, com iluminação suficiente para visibilidade. A cena ocorre em uma rua residencial, com visão de um portão de entrada e calçada.",Um veículo é visível passando pela rua. Não há pessoas detectadas nas imagens.,Nenhum comportamento suspeito ou de risco foi observado. O veículo apenas passa pela rua sem parar ou reduzir a velocidade.,"""Camera 03"" e data/hora visíveis nas imagens.","**Não**, não há sinais de risco observáveis nas imagens.",camera_analyzer_prompt_external_street,False,False
event_20250403_091507_668f82d1,30,motion_detected/event_20250403_091507_668f82d1/0001_55408_20250302_230353_frame_20250403_091505_000050.jpg,55408,2025-03-02 23:03:53,"Ambiente externo à noite, com iluminação pública visível. A cena ocorre em frente a um portão de entrada de um imóvel, possivelmente uma área residencial.",Não há pessoas ou veículos detectados nas imagens.,"Nenhum comportamento suspeito ou de risco foi observado, pois não há presença de pessoas ou veículos.","""Camera 03"" e data/hora visíveis nas imagens.","**Não**, não há sinais de risco aparente devido à ausência de pessoas ou veículos.",camera_analyzer_prompt_external_street,False,False
event_20250403_101234_154d0025,12,motion_detected/event_20250403_101234_154d0025/0001_17201_20250307_002851_frame_20250403_101234_000086.jpg,17201,2025-03-07 00:28:51,"Ambiente externo, à noite, com iluminação artificial. A cena ocorre em uma rua residencial com calçada e portão de entrada visíveis.","Um veículo passa pela rua, sem pessoas visíveis na calçada ou próximo ao portão.",Nenhum comportamento suspeito ou de risco observado. O veículo apenas passa pela rua sem parar ou reduzir a velocidade de forma suspeita.,"""Frente,L,E"" e data/hora visíveis.","**Não**, não há sinais de risco observáveis na sequência de imagens.",camera_analyzer_prompt_external_street,False,False
event_20250408_154827_284d5dd6,6,motion_detected/event_20250408_154827_284d5dd6/0000_walk_20250408_154827_frame.jpg,walk,2025-04-08 15:48:27,"Ambiente externo privado, possivelmente um jardim ou entrada lateral. Dia, com boa iluminação.",Uma pessoa visível caminhando ao longo da área externa.,"A pessoa está caminhando em uma área que parece ser uma entrada ou passagem lateral, mas não há interação direta com a propriedade (como tentar abrir portas ou janelas).",Nenhum,"**Não**, a pessoa está apenas caminhando e não demonstra comportamento suspeito.",camera_analyzer_prompt_internal_to_outside,True,False
event_20250403_110215_e1fda258,6,motion_detected/event_20250403_110215_e1fda258/0001_6984_20250307_101724_frame_20250403_110215_000004.jpg,6984,2025-03-07 10:17:24,"Ambiente externo durante o dia, com boa iluminação. A cena ocorre em uma calçada ou estacionamento frontal, próximo a uma rua.","Uma pessoa está sentada sob um guarda-sol, aparentemente usando um celular. Um carro branco passa pela rua.",Não há comportamentos suspeitos ou sinais de risco observáveis. A pessoa está sentada e não interage com o ambiente de forma suspeita. O carro passa normalmente.,Camera 01,"**Não**, não há sinais de comportamento de risco na cena.",camera_analyzer_prompt_external_street,False,False
event_20250410_145302_6b645c08,20,motion_detected/event_20250410_145302_6b645c08/0000_altercation_20250410_145302_frame.jpg,altercation,2025-04-10 14:53:02,"Ambiente externo à noite, com iluminação suficiente para visibilidade. A cena ocorre em uma rua residencial, com calçadas e veículos estacionados.","- Uma pessoa visível carregando um objeto longo (parece um pedaço de madeira).
  - Vários carros estacionados e uma motocicleta parada.
  - A pessoa se aproxima de uma área cercada e parece interagir com alguém fora da vista da câmera.","- A pessoa está carregando um objeto que pode ser usado como arma.
  - Aproximação de uma área cercada, possivelmente com intenção de confronto ou defesa.
  - Não há sinais claros de tentativa de invasão, mas a situação parece tensa.",Intelbras (marca d'água visível).,"**Sim**, devido ao comportamento potencialmente agressivo da pessoa carregando um objeto que pode ser usado como arma, indicando uma situação de risco médio a alto.",camera_analyzer_prompt_external_street,True,True
event_20250403_114825_0411cb11,16,motion_detected/event_20250403_114825_0411cb11/0001_7640_20250307_134155_frame_20250403_114825_000030.jpg,7640,2025-03-07 13:41:55,"Ambiente externo durante o dia, com boa iluminação. A cena se passa em uma área de rampa ao lado de um edifício.",Não há pessoas ou veículos visíveis nas imagens.,Nenhum comportamento suspeito ou sinal de risco observado.,"Intelbras, RAMPA","**Não**, nenhum risco aparente.",camera_analyzer_prompt_external_street,False,False
event_20250408_154828_a45f416a,4,motion_detected/event_20250408_154828_a45f416a/0000_run_20250408_154828_frame.jpg,run,2025-04-08 15:48:28,"Ambiente externo à noite, com iluminação artificial. Local parece ser uma área de estacionamento ou entrada frontal de um imóvel.",Um carro estacionado e uma pessoa próxima ao veículo.,"A pessoa está fora do carro e se afasta dele, não há sinais claros de comportamento suspeito ou de risco imediato.","""Front Door""","**Não**, não há comportamentos observáveis que indiquem risco.",camera_analyzer_prompt_external_street,True,False
event_20250408_154830_8534a9f2,4,motion_detected/event_20250408_154830_8534a9f2/0000_sneak_20250408_154830_frame.jpg,sneak,2025-04-08 15:48:30,"Ambiente interno, iluminação baixa, provavelmente à noite. Parece ser uma sala de estar.",Duas pessoas presentes. Ambas estão se movendo de forma agachada.,"As pessoas estão se movendo de forma furtiva, agachadas, o que pode indicar tentativa de evitar serem vistas.",Nenhum,"**Sim**, o comportamento furtivo e agachado sugere uma tentativa de evitar detecção, indicando um risco potencial.",camera_analyzer_prompt_internal_closed,True,True
event_20250408_154828_714f6d56,2,motion_detected/event_20250408_154828_714f6d56/0000_gun_20250408_154828_frame.jpg,gun,2025-04-08 15:48:28,"Ambiente interno, iluminação artificial, loja.","Três pessoas visíveis, uma delas com capuz.","Uma pessoa com capuz, potencialmente tentando ocultar a identidade.",Data e hora visíveis no canto inferior esquerdo.,"**Sim**, presença de pessoa com capuz pode indicar tentativa de ocultação de identidade, sugerindo risco potencial.",camera_analyzer_prompt_internal_closed,True,True
event_20250403_092010_6fe6424e,10,motion_detected/event_20250403_092010_6fe6424e/0001_55406_20250302_230353_frame_20250403_092005_000031.jpg,55406,2025-03-02 23:03:53,"Ambiente externo à noite, com boa iluminação. Localização em frente a um portão de entrada de um prédio em uma rua residencial.","- Aproximadamente duas pessoas visíveis em diferentes momentos.
  - Vários carros passando pela rua, com um carro azul estacionado.",- Não há comportamentos suspeitos claros. As pessoas estão caminhando normalmente e os carros estão em movimento contínuo.,"Data e hora visíveis no canto superior esquerdo, ""Camera 01"" no canto inferior direito.","**Não**, não há sinais objetivos de risco observáveis na sequência de imagens.",camera_analyzer_prompt_external_street,False,False
event_20250402_134706_4376a9ef,8,motion_detected/event_20250402_134706_4376a9ef/0001_6888_20250219_153816_frame_20250402_134706_000056.jpg,6888,2025-02-19 15:38:16,"Ambiente interno, iluminação artificial, elevador.",Nenhuma pessoa detectada.,Nenhum comportamento de risco observado.,"Data e hora visíveis, ""Camera 06"".","**Não**, sem atividade ou sinais de risco aparentes.",camera_analyzer_prompt_internal_closed,False,False
event_20250410_145302_e3f6e863,13,motion_detected/event_20250410_145302_e3f6e863/0000_robbery_20250410_145302_frame.jpg,robbery,2025-04-10 14:53:02,"Ambiente interno, bem iluminado, provavelmente uma recepção ou escritório.","Aproximadamente três pessoas inicialmente, com mais entrando posteriormente. Uma pessoa parece estar intimidando ou controlando as outras.","Ações indicam possível assalto ou situação de ameaça. Uma pessoa está em pé, aparentemente em posição de controle, enquanto outra parece estar sendo conduzida ou intimidada.","#sbtnews, Ideal Tecnologia, data e local visíveis.","**Sim**, devido à presença de comportamento intimidatório e potencial situação de assalto.",camera_analyzer_prompt_internal_closed,True,True
event_20250410_145304_750feb15,21,motion_detected/event_20250410_145304_750feb15/0000_climbing-wall_20250410_145304_frame.jpg,climbing-wall,2025-04-10 14:53:04,"Ambiente externo durante a noite, com iluminação baixa. A cena ocorre em uma rua residencial com calçamento.","Duas pessoas são visíveis. Uma delas está carregando um grande saco, enquanto a outra parece observar o entorno.","Uma das pessoas tenta manipular algo na lateral da rua, possivelmente uma entrada ou portão. A presença de um grande saco pode indicar a intenção de transportar objetos.",Data e hora visíveis no canto superior direito.,"**Sim**, devido à tentativa de manipulação de uma possível entrada e o comportamento suspeito de carregar um grande saco durante a noite.",camera_analyzer_prompt_external_street,True,True
event_20250410_145303_9ad868ab,14,motion_detected/event_20250410_145303_9ad868ab/0000_robbery_20250410_145303_frame.jpg,robbery,2025-04-10 14:53:03,"Ambiente externo durante o dia, com boa iluminação. A cena ocorre em uma rua residencial.","Um carro prata está parado com as portas abertas. Duas pessoas saem do carro, uma delas usando capuz, e se aproximam de uma pessoa na calçada.","As pessoas que saem do carro parecem abordar a pessoa na calçada de forma suspeita. Uma delas está usando capuz, o que pode indicar tentativa de ocultar a identidade.","""Jornalismo"" visível no canto superior esquerdo.","**Sim**, devido ao comportamento suspeito de abordagem e uso de capuz em plena luz do dia, sugerindo possível tentativa de assalto.",camera_analyzer_prompt_external_street,True,True
event_20250410_145304_2bed5305,12,motion_detected/event_20250410_145304_2bed5305/0000_climbing-wall_20250410_145304_frame.jpg,climbing-wall,2025-04-10 14:53:04,"Ambiente externo durante o dia, com boa iluminação. A cena ocorre em uma rua residencial, próxima a um muro com arame farpado.",Uma pessoa visível tentando escalar o muro.,"A pessoa está tentando escalar o muro, o que indica uma tentativa de invasão.",Nenhum,"**Sim**, devido à tentativa clara de invasão ao escalar o muro.",camera_analyzer_prompt_external_street,True,True
event_20250403_091138_c85f8cb2,12,motion_detected/event_20250403_091138_c85f8cb2/0001_55410_20250302_230353_frame_20250403_091138_000004.jpg,55410,2025-03-02 23:03:53,"Ambiente externo à noite, com iluminação artificial. Localização em frente a um portão de entrada, possivelmente de uma residência ou condomínio, com visão para a rua.","Nenhuma pessoa visível. Veículos passando ocasionalmente na rua, sem paradas ou comportamentos suspeitos.","Nenhum comportamento de risco observado. Não há tentativas de manipulação de entradas, nem presença prolongada de pessoas ou veículos.","""Camera 05"" e data/hora visíveis.","**Não**, não há sinais de risco aparente nas imagens analisadas.",camera_analyzer_prompt_external_street,False,False
event_20250408_154826_0a86d63c,4,motion_detected/event_20250408_154826_0a86d63c/0000_grab_20250408_154826_frame.jpg,grab,2025-04-08 15:48:26,"Ambiente interno, bem iluminado, provavelmente uma loja ou recepção.","Quatro pessoas visíveis, interagindo no balcão. Uma pessoa parece estar usando um dispositivo móvel.",Nenhum comportamento de risco aparente. As pessoas estão interagindo normalmente no balcão.,Nenhum,"**Não**, não há sinais de comportamento suspeito ou risco à segurança.",camera_analyzer_prompt_internal_closed,True,False
event_20250403_113409_13e3515e,35,motion_detected/event_20250403_113409_13e3515e/0001_7647_20250307_134155_frame_20250403_113409_000117.jpg,7647,2025-03-07 13:41:55,"Ambiente externo, durante o dia, com boa iluminação. A cena ocorre em uma rua residencial.","Vários carros passam pela rua, incluindo um carro identificado como ""motorcycle"" em um dos frames. Não há pessoas visíveis fora dos veículos.","Não há comportamentos suspeitos observáveis, como permanência prolongada ou circulação lenta de motocicletas.","""intelbras"" e ""frente esquerda"" visíveis nas imagens.","**Não**, não há sinais objetivos de risco na sequência de imagens.",camera_analyzer_prompt_external_street,False,False
event_20250403_091909_dcb3fc90,35,motion_detected/event_20250403_091909_dcb3fc90/0001_55407_20250302_230353_frame_20250403_091906_000129.jpg,55407,2025-03-02 23:03:53,"Ambiente externo à noite, com iluminação pública visível. A área visualizada parece ser a entrada de uma propriedade com vista para a rua, incluindo um portão e um pequeno pátio com cadeiras.",Várias pessoas e veículos são visíveis nas imagens. Há pessoas caminhando na calçada e um ciclista passando. Carros estão estacionados e em movimento na rua.,Não há comportamentos suspeitos visíveis. As pessoas estão apenas caminhando na calçada e o ciclista está transitando normalmente.,Câmera 02,"**Não**, não há sinais de risco aparente nas imagens.",camera_analyzer_prompt_internal_to_outside,False,False
event_20250403_110621_6b0b2685,43,motion_detected/event_20250403_110621_6b0b2685/0001_6985_20250307_101724_frame_20250403_110621_000090.jpg,6985,2025-03-07 10:17:24,"Ambiente externo durante o dia, com boa iluminação. A cena ocorre em uma rua residencial com calçada e estacionamento frontal.","Aproximadamente 3 pessoas e vários veículos, incluindo carros, um ônibus e uma motocicleta.","- Duas pessoas caminhando juntas, uma delas usando capuz, o que pode ser considerado incomum dependendo do clima.
  - Uma motocicleta passa pela cena, mas não há indicação de comportamento suspeito, como redução de velocidade ou permanência prolongada.","""Camera 02"" visível nas imagens.","**Não**, não há sinais claros de comportamento suspeito ou risco elevado na sequência observada.",camera_analyzer_prompt_external_street,False,False
event_20250403_092056_211edf58,29,motion_detected/event_20250403_092056_211edf58/0001_55406_20250302_230353_frame_20250403_092056_000081.jpg,55406,2025-03-02 23:03:53,"Ambiente interno com vista para uma área externa privada. É noite, com iluminação suficiente para visibilidade. A área visualizada parece ser a frente de uma propriedade, com visão para a rua.",Há várias pessoas caminhando na calçada e diversos carros passando na rua.,"Nenhum comportamento suspeito visível. As pessoas estão apenas caminhando pela calçada, e os veículos estão em movimento normal na rua.",Camera 01,"**Não**, não há sinais de risco aparente.",camera_analyzer_prompt_internal_to_outside,False,False
event_20250408_154827_aa517d3e,3,motion_detected/event_20250408_154827_aa517d3e/0000_hit_20250408_154827_frame.jpg,hit,2025-04-08 15:48:27,"Ambiente interno, bem iluminado, parece ser uma sala de espera.","Aproximadamente cinco pessoas. Duas pessoas estão interagindo de forma próxima, uma delas parece estar sendo carregada ou apoiada.","Uma pessoa parece estar sendo carregada ou apoiada, o que pode indicar uma situação de emergência ou necessidade de assistência.","""J. Trisap"" e data/hora visíveis.","**Sim**, devido à possível necessidade de assistência médica ou emergência.",camera_analyzer_prompt_internal_closed,True,True
event_20250410_145304_dc57fbbf,13,motion_detected/event_20250410_145304_dc57fbbf/0000_robbery_20250410_145304_frame.jpg,robbery,2025-04-10 14:53:04,"Ambiente externo, à noite, com iluminação de rua. Local em uma rua residencial.",Presença de uma motocicleta com dois ocupantes. Um deles desce da moto e aborda uma pessoa na calçada.,"A motocicleta para na rua, um ocupante desce e aborda uma pessoa, que em seguida corre, sugerindo uma possível tentativa de roubo.",Marca d'água visível no canto superior direito.,"**Sim**, comportamento suspeito e potencialmente perigoso envolvendo motocicleta e abordagem a pedestre.",camera_analyzer_prompt_external_street,True,True
event_20250408_154828_d52e4f52,4,motion_detected/event_20250408_154828_d52e4f52/0000_fall_20250408_154828_frame.jpg,fall,2025-04-08 15:48:28,"Ambiente externo à noite, com iluminação de rua. Local parece ser uma calçada em uma área urbana.",Aproximadamente cinco pessoas visíveis. Um carro passa na rua.,"- Confronto físico entre pessoas na calçada.
  - Uma pessoa parece cair ou ser derrubada.
  - Ações indicam possível briga ou agressão.",Data e hora visíveis (23/5/2008 22:45:26).,"**Sim**, devido ao confronto físico e possível agressão, indicando risco à segurança.",camera_analyzer_prompt_external_street,True,True
event_20250408_154827_126ad03b,8,motion_detected/event_20250408_154827_126ad03b/0000_hit_20250408_154827_frame.jpg,hit,2025-04-08 15:48:27,"Ambiente externo à noite, com iluminação de rua. A cena ocorre em uma rua urbana com calçada e motocicletas estacionadas.","Aproximadamente 10 pessoas visíveis, algumas próximas a motocicletas. Há uma interação física intensa entre os indivíduos, sugerindo uma briga ou confronto.","- Confronto físico entre várias pessoas.
  - Aglomeração em torno de motocicletas.
  - Movimento agressivo e desordenado, indicando potencial violência.",Texto visível no canto inferior e superior direito das imagens.,"**Sim**, devido à presença de confronto físico e comportamento agressivo, indicando um risco elevado de violência.",camera_analyzer_prompt_external_street,True,True
event_20250408_154827_199ade09,3,motion_detected/event_20250408_154827_199ade09/0000_lying_down_20250408_154827_frame.jpg,lying,,"Ambiente interno, bem iluminado, provavelmente uma sala de tribunal.","Aproximadamente 9 pessoas. Algumas estão de pé, enquanto outras estão no chão, possivelmente em uma situação de contenção.","Há uma situação de contenção no chão envolvendo várias pessoas, o que pode indicar um incidente de segurança ou uma tentativa de controlar uma situação potencialmente agressiva.",Nenhum,"**Sim**, a presença de pessoas no chão em uma situação de contenção sugere um risco potencial à segurança.",camera_analyzer_prompt_internal_closed,True,True
event_20250408_154827_d86737e3,6,motion_detected/event_20250408_154827_d86737e3/0000_walk_20250408_154827_frame.jpg,walk,2025-04-08 15:48:27,"Ambiente externo durante o dia, com boa iluminação. A cena ocorre em uma rua residencial.","Duas pessoas estão na rua, e um carro passa por elas.","As pessoas estão paradas ou caminhando lentamente na rua, mas não há sinais claros de comportamento suspeito ou de risco.",Nenhum,"**Não**, não há comportamentos observáveis que indiquem risco.",camera_analyzer_prompt_external_street,True,False
event_20250410_145302_b885e6c1,15,motion_detected/event_20250410_145302_b885e6c1/0000_robbery_20250410_145302_frame.jpg,robbery,2025-04-10 14:53:02,"Ambiente interno, provavelmente uma cozinha ou sala de jantar, com iluminação artificial. O local parece ser uma residência.","Aproximadamente cinco pessoas. Três pessoas estão sentadas à mesa, enquanto duas outras entram no ambiente de forma agressiva.","As duas pessoas que entram no ambiente parecem estar armadas e ameaçam as pessoas sentadas à mesa. A situação aparenta ser um assalto, com ações agressivas e intimidadoras.","""JornalDaRecord"" visível no canto superior esquerdo.","**Sim**, devido à presença de indivíduos armados e comportamento agressivo, indicando uma situação de assalto em andamento.",camera_analyzer_prompt_internal_closed,True,True
event_20250410_145304_dcaae9e4,8,motion_detected/event_20250410_145304_dcaae9e4/0000_climbing-wall_20250410_145304_frame.jpg,climbing-wall,2025-04-10 14:53:04,"Ambiente interno com vista para uma área externa privada, possivelmente um quintal com piscina. É noite, com iluminação limitada.","Duas pessoas são visíveis. Uma está no muro, enquanto a outra está no chão próximo à piscina.","Uma pessoa está escalando o muro, o que indica uma possível invasão. A outra pessoa está se movendo na área do quintal.","""JornalDaRecord"" e ""Intelbras"" visíveis.","**Sim**, a presença de pessoas escalando o muro e movimentando-se em uma área privada durante a noite sugere um risco de segurança alto.",camera_analyzer_prompt_internal_to_outside,True,True
event_20250408_154828_5a4b81bc,5,motion_detected/event_20250408_154828_5a4b81bc/0000_run_20250408_154828_frame.jpg,run,2025-04-08 15:48:28,"Ambiente externo à noite, com iluminação de rua. Local parece ser uma rua urbana com calçada.",Vários carros estacionados e em movimento. Um grupo de pessoas está caminhando na rua.,Não há sinais claros de comportamento de risco. As pessoas estão caminhando e os carros estão parados ou em movimento normal.,"""FRONT"", ""CAM 1"", data e hora visíveis.","**Não**, não há comportamentos suspeitos ou de risco observáveis.",camera_analyzer_prompt_external_street,True,False
event_20250410_145302_7293e8c6,10,motion_detected/event_20250410_145302_7293e8c6/0000_altercation_20250410_145302_frame.jpg,altercation,2025-04-10 14:53:02,"Ambiente externo durante o dia, com boa iluminação. A cena ocorre em uma rua residencial.",Aproximadamente duas pessoas e uma motocicleta. As pessoas estão envolvidas em uma altercação física no meio da rua.,"As duas pessoas estão em confronto físico, o que representa um comportamento de risco. A presença de uma motocicleta próxima pode indicar uma possível tentativa de fuga ou chegada ao local.","""Intelbras"" visível no canto superior esquerdo.","**Sim**, devido à altercação física entre as pessoas e a presença de uma motocicleta, que pode estar associada a um comportamento suspeito ou criminoso.",camera_analyzer_prompt_external_street,True,True
event_20250403_091821_49781bba,46,motion_detected/event_20250403_091821_49781bba/0001_55407_20250302_230353_frame_20250403_091814_000079.jpg,55407,2025-03-02 23:03:53,"Ambiente interno com vista para área externa privada. É noite, com iluminação artificial visível. A área visualizada parece ser um quintal ou jardim com vista para a rua.",Vários carros passam pela rua. Algumas pessoas são vistas caminhando na calçada.,"Nenhum comportamento suspeito aparente. As pessoas estão apenas caminhando na calçada, sem interação com a propriedade.","""Camera 02"" visível nas imagens.","**Não**, não há sinais de comportamento suspeito ou risco à segurança.",camera_analyzer_prompt_internal_to_outside,False,False
event_20250402_142436_bcc6c37c,33,motion_detected/event_20250402_142436_bcc6c37c/0001_6884_20250219_153816_frame_20250402_142436_000046.jpg,6884,2025-02-19 15:38:16,"Ambiente externo durante o dia, com boa iluminação. A cena ocorre em uma rua residencial com calçada e árvores.","Aproximadamente duas pessoas e vários carros. Uma pessoa interage com um carro estacionado, entrando e saindo do veículo.",Não há sinais claros de comportamento suspeito. A pessoa parece estar entrando ou saindo do carro de maneira normal.,"""Camera 02"" visível nas imagens.","**Não**, não há comportamentos observáveis que indiquem risco.",camera_analyzer_prompt_external_street,False,False
event_20250410_145303_53a482af,9,motion_detected/event_20250410_145303_53a482af/0000_robbery_20250410_145303_frame.jpg,robbery,2025-04-10 14:53:03,"Ambiente externo, à noite, com iluminação de rua. Local é uma rua residencial com calçada e portões de entrada visíveis.",Um carro estacionado na rua. Uma pessoa aparece correndo em direção ao carro e entra rapidamente.,"A pessoa corre em direção ao carro e entra rapidamente, o que pode indicar uma tentativa de fuga ou comportamento suspeito.",#VideoRecord,"**Sim**, devido ao comportamento suspeito de correr e entrar rapidamente no carro, o que pode indicar uma situação de risco.",camera_analyzer_prompt_external_street,True,True
event_20250402_134858_0c08b61e,6,motion_detected/event_20250402_134858_0c08b61e/0001_6887_20250219_153904_frame_20250402_134858_000010.jpg,6887,2025-02-19 15:39:04,"Ambiente interno, bem iluminado, provavelmente durante o dia. Parece ser um corredor fechado com elevadores.",Nenhuma pessoa visível nas imagens.,Nenhum comportamento de risco observado.,"""Camera #5"" visível nas imagens.","**Não**, nenhuma atividade suspeita ou comportamento de risco aparente.",camera_analyzer_prompt_internal_closed,False,False
event_20250410_145303_f653ab78,5,motion_detected/event_20250410_145303_f653ab78/0000_robbery_20250410_145303_frame.jpg,robbery,2025-04-10 14:53:03,"Ambiente externo durante o dia, com boa iluminação. A cena ocorre em uma rua residencial, com uma entrada de garagem visível.",Dois indivíduos e um carro estacionado na entrada da garagem.,"Um dos indivíduos parece correr em direção ao outro, que está próximo ao carro. Não há sinais claros de comportamento de risco, como tentativa de forçar entrada ou manipular fechaduras.","""FOX TV STATIONS"" visível.","**Não**, não há comportamentos observáveis que indiquem risco imediato.",camera_analyzer_prompt_external_street,True,False
event_20250403_103142_fb391f55,9,motion_detected/event_20250403_103142_fb391f55/0001_17205_20250307_002852_frame_20250403_103142_000133.jpg,17205,2025-03-07 00:28:52,"Ambiente externo à noite, com iluminação artificial. Local parece ser um pátio ou área de armazenamento ao ar livre.",Aproximadamente uma pessoa detectada em alguns frames. Não há veículos visíveis.,"Não há comportamentos suspeitos claros, como tentativa de invasão ou manipulação de objetos.",L.D. Fundos,"**Não**, não há sinais objetivos de risco observáveis nas imagens.",camera_analyzer_prompt_external_street,False,False
event_20250408_154826_c294253d,2,motion_detected/event_20250408_154826_c294253d/0000_kick_20250408_154826_frame.jpg,kick,2025-04-08 15:48:26,"Ambiente externo, durante o dia, com boa iluminação. A área visualizada é uma entrada de garagem com um carro estacionado.","Uma pessoa visível, usando capuz e máscara, aproximando-se rapidamente da entrada.","A pessoa está se aproximando da entrada de forma suspeita, com o rosto coberto, o que pode indicar intenção de invasão ou atividade ilícita.","""SWNS"", ""West Midlands Police"", ""Front Door"", ""aswns""","**Sim**, a presença de uma pessoa mascarada e encapuzada se aproximando rapidamente da entrada sugere um risco potencial de segurança.",camera_analyzer_prompt_internal_to_outside,True,True
event_20250403_101111_73ee91ec,6,motion_detected/event_20250403_101111_73ee91ec/0001_17201_20250307_002851_frame_20250403_101111_000004.jpg,17201,2025-03-07 00:28:51,"Ambiente externo à noite, com iluminação artificial. A cena ocorre em uma área de calçada e portão de entrada.",Não há pessoas ou veículos visíveis nas imagens.,Nenhum comportamento suspeito ou de risco aparente observado.,"""Frente,L,E"" visível nas imagens.","**Não**, não há sinais de risco observáveis nas imagens.",camera_analyzer_prompt_external_street,False,False
event_20250403_110251_48dc17db,10,motion_detected/event_20250403_110251_48dc17db/0001_6984_20250307_101724_frame_20250403_110250_000039.jpg,6984,2025-03-07 10:17:24,"Ambiente externo durante o dia, com boa iluminação. A cena ocorre em uma rua residencial com calçada e estacionamento frontal.",Há um carro passando pela rua em diferentes momentos. Não há pessoas visíveis na calçada ou no estacionamento.,Nenhum comportamento suspeito ou de risco foi observado. O carro apenas passa pela rua sem parar ou reduzir a velocidade de forma suspeita.,Camera 01,"**Não**, não há sinais de risco observáveis na sequência de imagens.",camera_analyzer_prompt_external_street,False,False
event_20250403_114910_ef2d8eb6,7,motion_detected/event_20250403_114910_ef2d8eb6/0001_7640_20250307_134155_frame_20250403_114910_000075.jpg,7640,2025-03-07 13:41:55,"Ambiente externo, dia, iluminação clara. Área visualizada parece ser um corredor lateral.",Nenhuma pessoa ou veículo visível nas imagens.,Nenhum comportamento de risco observado.,"""intelbras"", ""RAMPA"", data e hora visíveis.","**Não**, nenhuma atividade suspeita ou presença de pessoas foi detectada.",camera_analyzer_prompt_internal_to_outside,False,False
event_20250403_103035_5012da09,9,motion_detected/event_20250403_103035_5012da09/0001_17205_20250307_002852_frame_20250403_103034_000066.jpg,17205,2025-03-07 00:28:52,"Ambiente externo à noite, com iluminação artificial. Local parece ser um pátio ou área de armazenamento ao ar livre.",Aproximadamente uma pessoa detectada em algumas imagens. Não há veículos visíveis.,"Nenhum comportamento de risco evidente, como tentativas de invasão ou movimentação suspeita.","""Intelbras"", ""L.D. Fundos""","**Não**, não há sinais claros de risco na sequência de imagens.",camera_analyzer_prompt_external_street,False,False
event_20250403_115717_1c794723,8,motion_detected/event_20250403_115717_1c794723/0001_7639_20250307_134155_frame_20250403_115717_000090.jpg,7639,2025-03-07 13:41:55,"Ambiente externo durante o dia, com boa iluminação. A cena ocorre em uma rua residencial com calçada e estacionamento frontal.",Aproximadamente dois carros visíveis em movimento ao longo da sequência. Não há pessoas visíveis na cena.,Não há comportamentos suspeitos observados. Os veículos estão apenas transitando pela rua sem sinais de permanência prolongada ou ações suspeitas.,"""frente direita"", ""intelbras"", data e hora visíveis.","**Não**, não há sinais de risco observáveis na sequência de imagens.",camera_analyzer_prompt_external_street,False,False
event_20250403_111707_745eb95c,6,motion_detected/event_20250403_111707_745eb95c/0001_6990_20250307_101724_frame_20250403_111707_000098.jpg,6990,2025-03-07 10:17:24,"Ambiente interno, bem iluminado, parece ser uma sala ou recepção.","Aproximadamente uma pessoa visível, aparentemente mexendo em objetos sobre uma mesa.","Nenhum comportamento de risco aparente, a pessoa parece estar apenas manuseando objetos.","""Camera 87"" visível.","**Não**, não há sinais de comportamento suspeito ou de risco.",camera_analyzer_prompt_internal_closed,False,False
event_20250403_115036_e936a192,10,motion_detected/event_20250403_115036_e936a192/0001_16312_20250307_134155_frame_20250403_115036_000004.jpg,16312,2025-03-07 13:41:55,"Ambiente interno, bem iluminado, tipo escritório.","Uma pessoa visível, movimentando-se entre as mesas.",Nenhum comportamento de risco aparente. A pessoa está se movendo normalmente pelo escritório.,"Intelbras, Escritório","**Não**, não há sinais de comportamento suspeito ou de risco.",camera_analyzer_prompt_internal_closed,False,False
