folder_name,image_count,first_image,cam_id,event_datetime,contexto,pessoas,comportamentos,label,avaliacao,scenario_type,real,predict
event_20250402_133726_41ca0095,8,motion_detected/event_20250402_133726_41ca0095/0001_6890_20250219_153816_frame_20250402_133726_000010.jpg,6890,2025-02-19 15:38:16,"Ambiente interno com vista para área externa privada, possivelmente uma garagem. Iluminação diurna com boa visibilidade.","Uma pessoa visível caminhando pela área da garagem, próxima a veículos estacionados.","A pessoa transita pela garagem, mas não há indicação clara de comportamento suspeito ou tentativa de acessar a propriedade além da área visível.","""02-19-2025 Qua 12:33:22"" e ""Camera 08"" visíveis nas imagens.","**Não**, não há comportamento de risco claro, a pessoa pode estar autorizada a estar na área.",camera_analyzer_prompt_external_street,False,False
event_20250402_142333_c72d52a0,9,motion_detected/event_20250402_142333_c72d52a0/0001_6890_20250219_153905_frame_20250402_142332_000010.jpg,6890,2025-02-19 15:39:05,Área interna com vista para garagem coberta durante o dia. Iluminação natural clara.,"Inicialmente, uma pessoa é vista próxima a um veículo. Em seguida, ela não é mais visível nas imagens seguintes.","A pessoa foi vista na área da garagem, mas não há ações suspeitas aparentes, como tentativas de entrada forçada ou comportamento vigilante.",Texto visible com a data e horário.,"**Não**, a presença na garagem pode ser normal, sem comportamentos suspeitos detectados.",camera_analyzer_prompt_external_street,False,False
event_20250408_154828_92f9ba46,3,motion_detected/event_20250408_154828_92f9ba46/0000_stand_20250408_154828_frame.jpg,stand,2025-04-08 15:48:28,"Ambiente interno, bem iluminado durante o dia, loja com exposição de produtos na parede.","Um homem visível nas imagens, se aproximando de uma parede com objetos expostos, aparentemente óculos.",Não há sinais claros de comportamento de risco. O indivíduo está apenas observando os produtos.,"""CAM 1"" e data/hora visível no canto superior direito.","**Não**, nenhuma ação suspeita ou comportamento de risco evidente nas imagens.",camera_analyzer_prompt_external_street,False,False
event_20250403_113340_c77d7f02,6,motion_detected/event_20250403_113340_c77d7f02/0001_7647_20250307_134155_frame_20250403_113340_000088.jpg,7647,2025-03-07 13:41:55,"Rua residencial durante o dia, com boa iluminação. A cena mostra a calçada e a rua em frente ao imóvel.",Aproximadamente três carros visíveis em diferentes momentos. Um dos veículos parece ser um carro de serviço ou oficial pelo design. Não há presença humana visível diretamente nas imagens.,Não há sinais diretos de comportamento suspeito ou risco. Os veículos estão estacionados ou se movendo de forma ordenada. Nenhuma atividade suspeita envolvendo motocicletas ou pessoas.,"Texto visível: ""intelbras frente esquerda"", data e hora no canto superior.","**Não**, os veículos estão apenas estacionados ou circulando de forma normal e não há evidências de atividades suspeitas.",camera_analyzer_prompt_external_street,False,False
event_20250410_145304_58dfd8c0,15,motion_detected/event_20250410_145304_58dfd8c0/0000_climbing-wall_20250410_145304_frame.jpg,climbing-wall,2025-04-10 14:53:04,"Ambiente externo, à noite, com iluminação artificial. A cena ocorre em frente a um portão de entrada de uma propriedade, junto à calçada.","Uma pessoa foi detectada. Esta pessoa se aproxima do portão, parece observar, e em seguida se afasta andando.","A pessoa foi vista se aproximando e observando o portão, o que pode indicar interesse na propriedade.",Intelbras,"**Sim**, a ação de se aproximar e observar o portão sugere um risco potencial, especialmente à noite.",camera_analyzer_prompt_external_street,True,True
event_20250408_154827_75a2a6c1,5,motion_detected/event_20250408_154827_75a2a6c1/0000_walk_20250408_154827_frame.jpg,walk,2025-04-08 15:48:27,"Ambiente interno, bem iluminado, parece ser uma loja ou recepção.",Aproximadamente duas pessoas. Uma pessoa próxima a uma prateleira de óculos.,Nenhuma ação suspeita ou de risco aparente observada.,CAM 1,"**Não**, não há ações que indicam risco à segurança.",camera_analyzer_prompt_external_street,True,False
event_20250402_142629_1e214b45,16,motion_detected/event_20250402_142629_1e214b45/0001_6888_20250219_153904_frame_20250402_142629_000001.jpg,6888,2025-02-19 15:39:04,Ambiente interno de elevador; iluminação artificial; local fechado.,Duas pessoas visíveis; uma aparentemente interagindo normalmente com objetos pessoais.,Nenhum comportamento de risco observado; as pessoas estão apenas transitando e carregando objetos pessoais.,Camera 06,"**Não**, não há comportamentos suspeitos ou de risco na sequência observada.",camera_analyzer_prompt_external_street,False,False
event_20250408_154827_fbf1558e,3,motion_detected/event_20250408_154827_fbf1558e/0000_lying_down_20250408_154827_frame.jpg,lying,,"Ambiente interno, bem iluminado, loja.","Duas pessoas visíveis, uma está caída no chão e outra está no balcão.","Uma pessoa caiu no chão de forma inesperada, enquanto outra pessoa parece estar atuando normalmente no balcão.",31-10-2011 07:52:47 CH8,"**Sim**, risco médio a alto devido à queda repentina de uma pessoa que pode indicar um acidente ou problema de saúde.",camera_analyzer_prompt_external_street,True,True
event_20250403_102654_82623f65,6,motion_detected/event_20250403_102654_82623f65/0001_17204_20250307_002852_frame_20250403_102654_000004.jpg,17204,2025-03-07 00:28:52,"Ambiente externo à noite, iluminado por luz artificial. Localização parece ser uma calçada ou estacionamento frontal.",Não há presença detectada de pessoas ou veículos nas imagens.,Nenhum comportamento suspeito ou de risco aparente foi observado.,"""FRANTE L.D"" e marca d'água ""Intelbras"".","**Não**, sem sinais objetivos de risco presentes nas imagens.",camera_analyzer_prompt_external_street,False,False
event_20250403_112220_0f05ffe1,6,motion_detected/event_20250403_112220_0f05ffe1/0001_6993_20250307_101724_frame_20250403_112220_000094.jpg,6993,2025-03-07 10:17:24,Ambiente interno com vista para uma área externa privada (provavelmente um jardim). As imagens foram capturadas durante o dia com boa iluminação.,Nenhuma pessoa ou veículo visível nas imagens.,Nenhuma atividade ou comportamento suspeito identificado.,Camera: 10,"**Não**, nenhum comportamento ou presença suspeita detectados.",camera_analyzer_prompt_external_street,False,False
event_20250403_110345_d4895a53,40,motion_detected/event_20250403_110345_d4895a53/0001_6984_20250307_101724_frame_20250403_110345_000092.jpg,6984,2025-03-07 10:17:24,"- Ambiente externo durante o dia com boa iluminação.
  - Localização: calçada e rua em frente, com visão de estacionamento frontal.","- Múltiplas pessoas e veículos observados, incluindo carros, ônibus e pedestres.
  - Não há interações ou comportamentos suspeitos observados.","- Não há sinais de manipulação de entradas, permanência prolongada, olhares repetidos ou circulação suspeita.
  - Nenhuma motocicleta foi observada.","- ""Camera 01"" visível nas imagens.","- **Não**, nenhum comportamento de risco foi identificado.",camera_analyzer_prompt_external_street,False,False
event_20250402_140834_8e7ff747,6,motion_detected/event_20250402_140834_8e7ff747/0001_6883_20250219_153816_frame_20250402_140834_000092.jpg,6883,2025-02-19 15:38:16,"Ambiente externo, aparentemente em uma rua residencial. É dia, com iluminação natural clara.","Pouca movimentação. Nas imagens observáveis, não há detecção de pessoas. Um veículo passa brevemente na terceira imagem.",Não há detecção de comportamentos associados a risco.,"Exibe ""Camera 01"" no canto inferior direito.","**Não**, não há sinais observáveis de comportamento de risco.",camera_analyzer_prompt_external_street,False,False
event_20250403_110902_b869b941,44,motion_detected/event_20250403_110902_b869b941/0001_6994_20250307_101724_frame_20250403_110902_000092.jpg,6994,2025-03-07 10:17:24,"Ambiente externo durante o dia, com iluminação adequada. A cena ocorre em uma rua residencial com calçada, próximo a um estacionamento frontal.",Há várias pessoas caminhando pela calçada e algumas vezes há veículos passando pela rua. Não há grandes aglomerações de pessoas ou veículos parados no local.,"Nenhuma atividade suspeita detectada, como tentativa de manipular entradas ou motocicletas paradas observando o imóvel.",Não identificável.,"**Não**, não foram observados comportamentos associados a risco potencial à segurança.",camera_analyzer_prompt_external_street,False,False
event_20250403_110529_22a621b0,11,motion_detected/event_20250403_110529_22a621b0/0001_6985_20250307_101724_frame_20250403_110529_000039.jpg,6985,2025-03-07 10:17:24,"Ambiente externo durante o dia, com iluminação clara. Localização na frente de um estacionamento, próximo a uma rua residencial.","Aproximadamente dois carros em algumas imagens, um ciclista e um pedestre. Os carros estão em movimento na rua, enquanto o ciclista e o pedestre atravessam ou passam pela cena rapidamente.",Não há sinais evidentes de comportamento suspeito ou de risco. Os veículos e as pessoas estão em trânsito normal sem atividades incomuns observadas.,"Marca d'água visível: ""Camera 02"" e data/hora.","**Não**, não há comportamentos de risco observáveis.",camera_analyzer_prompt_external_street,False,False
event_20250410_145302_70a01170,11,motion_detected/event_20250410_145302_70a01170/0000_altercation_20250410_145302_frame.jpg,altercation,2025-04-10 14:53:02,"Estação de serviço à noite, com iluminação artificial.","Cerca de 5 pessoas, várias motocicletas e carros visíveis. Dois indivíduos estão em uma aparente discussão, com um deles apontando algo semelhante a uma arma.","Ação direta de ameaça com objeto tipo arma, próximo a várias pessoas e veículos. Outro indivíduo levanta os braços, possivelmente em sinal de rendição.",Marca d'água visível com data e hora (27/07/2018 21:24:14).,"**Sim**, devido à presença de uma ação ameaçadora envolvendo arma em um local público movimentado.",camera_analyzer_prompt_external_street,True,True
event_20250408_154826_a42130eb,3,motion_detected/event_20250408_154826_a42130eb/0000_lying_down_20250408_154826_frame.jpg,lying,,"Ambiente externo durante o dia, boa iluminação. Local é uma rua, possivelmente residencial, com carros estacionados ao longo da via.","Três pessoas caídas no chão junto a uma motocicleta que está virada. Há outros carros estacionados, mas não em movimento.","O acidente de motocicleta é visível, mas não há sinais evidentes de comportamento malicioso ou ação de risco potencial à segurança além do próprio acidente.",Instagram @1stMrC,"**Não**, o incidente parece ser um acidente de trânsito sem comportamento suspeito ou ações de risco proposital.",camera_analyzer_prompt_external_street,True,False
event_20250410_145302_1de172a2,9,motion_detected/event_20250410_145302_1de172a2/0000_robbery_20250410_145302_frame.jpg,robbery,2025-04-10 14:53:02,"Área externa, dia, iluminação clara. Local é frente de imóvel com portão de entrada.",Dois indivíduos em motocicletas. Há pessoas próximas e veículos estacionados na rua.,"Duo em motocicletas envolvido em ação suspeita, um deles abordando outro indivíduo de maneira agressiva. Esse comportamento sugere possível tentativa de roubo.","""datenaoficial""","**Sim**, presença de indivíduos em motocicletas agindo agressivamente indica alto risco.",camera_analyzer_prompt_external_street,True,True
event_20250403_092022_f63db61a,34,motion_detected/event_20250403_092022_f63db61a/0001_55406_20250302_230353_frame_20250403_092017_000043.jpg,55406,2025-03-02 23:03:53,"Ambiente externo durante a noite, com iluminação pública. A cena ocorre em uma rua urbana, em frente a um edifício residencial ou comercial, visível através de um portão.","Aproximadamente duas a três pessoas aparecem caminhando no lado oposto da rua, sem ações suspeitas. Não há tentativa de acessar o imóvel. Há vários carros estacionados e em movimento na rua, sem comportamentos suspeitos.",Não há sinais objetivos de comportamento associado a risco.,Camera 01,"**Não**, não há sinais de risco observáveis na cena.",camera_analyzer_prompt_external_street,False,False
event_20250408_154826_7490d4e4,2,motion_detected/event_20250408_154826_7490d4e4/0000_lying_down_20250408_154826_frame.jpg,lying,,"Ambiente interno com vista para a área externa. É dia e a iluminação é natural. A área parece ser um jardim ou gramado da frente da propriedade, adjacente à calçada.","Uma pessoa está deitada em um pequeno tanque de água ao ar livre. Não há interação direta com veículos, embora três carros estejam estacionados na rua.",A pessoa no tanque de água pode indicar apenas um comportamento recreativo ou acidental. Não há sinais diretos de comportamento de risco ou de tentativa de entrada na propriedade.,"""FAILARMY® ULTIMATE SECURITY CAMERA FAILS""","**Não**, pois a pessoa não mostra intenção de invadir ou causar dano à propriedade. Parece ser uma atividade lúdica ou acidental.",camera_analyzer_prompt_external_street,True,False
event_20250403_110825_c72ce50a,21,motion_detected/event_20250403_110825_c72ce50a/0001_6994_20250307_101724_frame_20250403_110825_000056.jpg,6994,2025-03-07 10:17:24,Ambiente externo durante o dia. A iluminação é boa e a cena ocorre em uma rua com calçada e estacionamento frontal.,"Aproximadamente dois carros passam pela rua, e uma pessoa anda pela calçada nas últimas imagens.","- Não há comportamentos suspeitos significativos observados.
  - A pessoa vista andando não demonstra ações de risco como manipulação de entradas ou permanência prolongada.","Data/hora e ""Camera 11"" visíveis.","**Não**, não há sinais de risco aparentes na sequência observada.",camera_analyzer_prompt_external_street,False,False
event_20250403_115614_921a5ad2,8,motion_detected/event_20250403_115614_921a5ad2/0001_7639_20250307_134155_frame_20250403_115614_000028.jpg,7639,2025-03-07 13:41:55,"Ambiente externo durante o dia, com boa iluminação. A cena parece ser uma rua residencial observada de uma calçada ou estacionamento frontal.",Presença de carros estacionados e em movimento. Um carro estacionado em frente ao imóvel e outro passando pela rua.,"Não há comportamentos visivelmente arriscados. O carro que passa não apresenta ações suspeitas, como redução de velocidade acentuada ou paradas.","""frente direita"" e ""intelbras"" visíveis nas imagens.","**Não**, não há justificativa para risco baseado nos comportamentos observados.",camera_analyzer_prompt_external_street,False,False
event_20250408_154827_a5c783c9,3,motion_detected/event_20250408_154827_a5c783c9/0000_sit_20250408_154827_frame.jpg,sit,2025-04-08 15:48:27,"Ambiente interno, bem iluminado, possivelmente uma sala de tribunal.","Aproximadamente cinco pessoas visíveis na cena. As pessoas estão sentadas, aparentemente participando de uma sessão formal, sem atividades específicas suspeitas.",Nenhum comportamento de risco visível; todos parecem atentos à sessão.,"Texto na imagem, mas não legível.","**Não**, nenhuma ação suspeita ou de risco foi identificada.",camera_analyzer_prompt_external_street,True,False
event_20250408_154827_20d6eb21,5,motion_detected/event_20250408_154827_20d6eb21/0000_hit_20250408_154827_frame.jpg,hit,2025-04-08 15:48:27,"Ambiente externo à noite, iluminação limitada. Local parece ser uma rua ou calçada próxima a uma entrada.","Há várias pessoas, um carro com os faróis acesos, e uma motocicleta.","Pessoas em pé ao redor da motocicleta, a presença do carro próximo com os faróis acesos, indivíduos com capuz, atividade potencialmente suspeita dado o horário.","Data e hora visíveis no canto superior: ""2013-03-23 00:02:13""","**Sim**, o comportamento noturno envolvendo pessoas ao redor de um veículo com faróis acesos e uso de capuz sugere risco potencial elevado.",camera_analyzer_prompt_external_street,True,True
event_20250403_110951_999c970a,21,motion_detected/event_20250403_110951_999c970a/0001_6994_20250307_101724_frame_20250403_110947_000137.jpg,6994,2025-03-07 10:17:24,"- Ambiente externo.
  - Dia, com iluminação natural.
  - Cena em rua residencial com calçada e estacionamento frontal.","- Aproximadamente uma pessoa observada caminhando.
  - Vários carros passando pela rua.","- A pessoa está caminhando normalmente pela calçada, sem sinais aparentes de comportamento suspeito.
  - Não há motocicletas ou indícios de ações coordenadas.","- Marcas de data, hora e identificação da câmera visíveis.","- **Não**, não há comportamento ou sinais que indiquem risco de segurança.",camera_analyzer_prompt_external_street,False,False
event_20250410_145303_c8185c7c,8,motion_detected/event_20250410_145303_c8185c7c/0000_robbery_20250410_145303_frame.jpg,robbery,2025-04-10 14:53:03,"Ambiente externo durante o dia, com boa iluminação. Local parece ser uma área de entrada de uma propriedade residencial, com um carro estacionado próximo.","Aproximadamente três pessoas visíveis. Um carro estacionado. As pessoas estão próximas uma da outra, sendo que uma parece estar intimidando ou ameaçando as outras.","- Uma pessoa usando capuz, possivelmente indicando tentativa de ocultação de identidade.
  - Ação aparentemente coordenada entre dois ou mais indivíduos.
  - As pessoas parecem estar próximas à entrada do imóvel, sugerindo possível tentativa de roubo ou invasão.",Nenhum,"**Sim**, devido à presença de pessoas usando capuz em situação que parece uma ação coordenada potencialmente ameaçadora, possivelmente indicando uma tentativa de roubo ou invasão.",camera_analyzer_prompt_external_street,True,True
event_20250410_145304_a69efbc6,5,motion_detected/event_20250410_145304_a69efbc6/0000_break-in_20250410_145304_frame.jpg,break-in,2025-04-10 14:53:04,"Ambiente externo à noite, com iluminação artificial. A cena parece ser em um estacionamento ou área de entrada.","Aproximadamente três pessoas, um carro e um caminhão. As pessoas estão próximas a uma cerca.","Não há sinais claros de comportamento de risco, como tentativa de manipular entradas ou observações suspeitas.",Nenhum,"**Não**, não há comportamento suspeito aparente.",camera_analyzer_prompt_external_street,True,False
event_20250408_154827_5dbc25b2,5,motion_detected/event_20250408_154827_5dbc25b2/0000_hit_20250408_154827_frame.jpg,hit,2025-04-08 15:48:27,"Dia, ambiente externo com boa iluminação, localizado na calçada de uma rua residencial.",Aproximadamente cinco pessoas e duas motocicletas visíveis. Uma pessoa em interação agressiva com um ocupante de motocicleta.,Uma pessoa está tentando arrancar algo de um motociclista de maneira agressiva. Não há sinais de intervenção pelas outras pessoas presentes até o momento capturado nas imagens.,Shared by HOI GÀ MY MIEN NAM,"**Sim**, comportamento agressivo e tentativa de roubo ou assalto em andamento envolvendo motocicleta, classificando o risco como potencialmente alto.",camera_analyzer_prompt_external_street,True,True
event_20250408_154828_05caaa12,2,motion_detected/event_20250408_154828_05caaa12/0000_throw_20250408_154828_frame.jpg,throw,2025-04-08 15:48:28,"Ambiente externo durante o dia, com boa iluminação. Local da cena é uma rua com tráfego de veículos.",Aproximadamente sete carros visíveis. Uma pessoa próxima a um veículo.,"A presença de uma pessoa fora do carro em proximidade a vários veículos pode indicar interação com eles, mas não há sinais claros de risco nas imagens apresentadas.","""ERIN LESLIE"" e texto sobre uma acusação.","**Não**, não há comportamentos claramente ameaçadores visíveis nas imagens apresentadas.",camera_analyzer_prompt_external_street,True,False
event_20250403_111752_4930dd6b,10,motion_detected/event_20250403_111752_4930dd6b/0001_6990_20250307_101724_frame_20250403_111751_000141.jpg,6990,2025-03-07 10:17:24,"Ambiente interno. Parece ser uma recepção ou área de espera bem iluminada, possivelmente durante o dia. O local tem plantas em vasos e mobiliário confortável.","Aproximadamente uma pessoa presente, que está interagindo em uma área que parece ter objetos ou papéis.","A pessoa está concentrada em manipular ou verificar coisas em uma bancada, mas não há sinais claros de comportamento de risco como tentativa de esconder rosto ou movimentação rápida.",Existem marcas d'água visíveis de data e hora.,"**Não**, a ação não demonstra risco aparente à segurança ou ao patrimônio.",camera_analyzer_prompt_external_street,False,False
event_20250402_140721_e4453231,12,motion_detected/event_20250402_140721_e4453231/0001_6883_20250219_153816_frame_20250402_140721_000021.jpg,6883,2025-02-19 15:38:16,"Ambiente externo durante o dia, bem iluminado. A cena ocorre em uma calçada em frente a um imóvel em uma rua residencial, com um carro estacionado próximo.","Duas pessoas caminham pela calçada, uma delas parece olhando em direção ao imóvel, e depois ambas se afastam pela rua.","Inicialmente, as pessoas passam próximas ao portão e uma olha na direção do imóvel. Entretanto, prosseguem caminhando e se afastam, sem evidenciar ações suspeitas.",Câmera 01 (visível no canto inferior direito).,"**Não**, não há comportamentos que sugerem um risco de segurança significativo. Pessoas continuam seu caminho sem demonstrar intenção de forçar entrada ou permanecer de modo prolongado e suspeito.",camera_analyzer_prompt_external_street,False,False
event_20250410_145302_a6bcedf2,24,motion_detected/event_20250410_145302_a6bcedf2/0000_robbery_20250410_145302_frame.jpg,robbery,2025-04-10 14:53:02,Ambiente externo durante o dia; local próximo a um muro de tijolos.,Duas pessoas próximas a motocicletas. Ambas as pessoas estão interagindo com as motocicletas.,"Indivíduos demonstram comportamento suspeito ao manipular uma motocicleta, e um deles se afasta na motocicleta enquanto o outro continua próximo a outra.","""Intelbras"" visível na imagem.","**Sim**, devido ao comportamento de manipulação suspeita das motocicletas e a dispersão dos indivíduos, o que pode indicar um potencial risco.",camera_analyzer_prompt_external_street,True,True
event_20250410_145303_28abe440,5,motion_detected/event_20250410_145303_28abe440/0000_robbery_20250410_145303_frame.jpg,robbery,2025-04-10 14:53:03,"Passagem lateral externa de uma propriedade, durante o dia com boa iluminação.",Aproximadamente quatro motocicletas com várias pessoas próximas ao portão da propriedade.,"As motocicletas se aproximam rapidamente de um portão, sugerindo movimento inesperado de entrada. Um indivíduo aparece correndo na direção das motos, podendo indicar tentativa de interação ou interrupção.","Brasão de temperatura e localização visível (""Brasília 22°C"").","**Sim**, devido à aproximação rápida de várias pessoas em motocicletas em área restrita e comportamento de corrida, sugerindo situação potencialmente arriscada.",camera_analyzer_prompt_external_street,True,True
event_20250408_154830_a2a34495,5,motion_detected/event_20250408_154830_a2a34495/0000_sneak_20250408_154830_frame.jpg,sneak,2025-04-08 15:48:30,"Ambientes externo em um local que parece ser uma área de estacionamento ou garagem. A cena está iluminada artificialmente, sugerindo que é à noite.","Há uma pessoa visível na cena, agachada e próxima a um objeto coberto. Um veículo (provavelmente uma motocicleta) está estacionado.","A pessoa está agachada, aparentemente manipulando ou observando algo coberto, o que pode indicar comportamento suspeito. A presença dele perto do veículo estacionado à noite sem atividades claras de manutenção ou carga pode levantar suspeitas.","Uma marca d'água diz ""CH4 2012/09/06 06:30:32"".","**Sim**, há comportamento suspeito da pessoa agachada e manipulando algo próximo a um veículo à noite.",camera_analyzer_prompt_external_street,True,True
event_20250408_154830_d10056f5,5,motion_detected/event_20250408_154830_d10056f5/0000_sneak_20250408_154830_frame.jpg,sneak,2025-04-08 15:48:30,"Ambiente externo em área pavimentada, com carros estacionados. As imagens são noturnas e a iluminação é baixa.","Duas pessoas presentes ao lado de um veículo, aparentemente manipulando o que parece ser uma estrutura ou equipamento próximo ao carro. Ambas vestem roupas escuras e estão próximas uma da outra.",Pessoas se agachando e manipulando algo próximo ao carro à noite podem indicar tentativa de invasão ou furto.,Texto no canto superior esquerdo e na parte inferior da imagem. Marcação de data e hora também visível.,"**Sim**, comportamento de manipulação à noite próximo a veículos sem supervisão aparente é indicativo de risco elevado de atividade suspeita.",camera_analyzer_prompt_external_street,True,True
event_20250403_113729_6e0a44fe,6,motion_detected/event_20250403_113729_6e0a44fe/0001_7645_20250307_134155_frame_20250403_113729_000004.jpg,7645,2025-03-07 13:41:55,"Área externa privada, possivelmente um pátio ou entrada lateral, durante o dia com iluminação solar clara.",Não há pessoas ou veículos visíveis nas imagens.,"Nenhum comportamento de risco detectado, área parece deserta.","intelbras, data e hora, ""Portao entrada"".","**Não**, nenhuma atividade suspeita ou indivíduos presentes nas imagens.",camera_analyzer_prompt_external_street,False,False
event_20250408_154827_550cbaa0,2,motion_detected/event_20250408_154827_550cbaa0/0000_walk_20250408_154827_frame.jpg,walk,2025-04-08 15:48:27,"Ambiente interno, iluminação diurna, parece ser uma loja ou recepção.",Duas pessoas visíveis. Uma está atrás do balcão e outra parece aproximar-se rapidamente da porta.,"A pessoa se aproximando rapidamente da porta, parece sair com pressa, o que pode indicar um comportamento suspeito.","""LiveLeak""","**Sim**, devido à presença de uma pessoa saindo rapidamente, o que pode indicar um ato de roubo ou fuga.",camera_analyzer_prompt_external_street,True,True
event_20250408_154828_2b362832,3,motion_detected/event_20250408_154828_2b362832/0000_fall_20250408_154828_frame.jpg,fall,2025-04-08 15:48:28,Ambiente interno iluminado com portas de vidro mostrando área externa à noite. Possivelmente uma entrada ou saguão.,"Duas pessoas estão próximas à entrada. Uma pessoa parece correr em direção à porta, enquanto outra cai ao chão.",Pessoa caindo pode indicar movimento brusco ou tentativa de fuga/abordagem rápida.,Nenhum,"**Sim**, movimento brusco e queda, potencial risco ou incidente.",camera_analyzer_prompt_external_street,True,True
event_20250403_101251_f265bb7e,16,motion_detected/event_20250403_101251_f265bb7e/0001_17201_20250307_002851_frame_20250403_101250_000102.jpg,17201,2025-03-07 00:28:51,"Ambiente externo à noite, com iluminação suficiente para visibilidade. Localização em uma rua residencial, com calçada e portão visíveis.",Um veículo em movimento passa pela cena. Não há presença de pessoas ou outros veículos visíveis.,Nenhum comportamento suspeito observado. O veículo simplesmente passa pela rua.,"""Frente,L,E""","**Não**, não há sinais ou comportamentos que indiquem risco potencial à segurança na cena observada.",camera_analyzer_prompt_external_street,False,False
event_20250403_110712_5aa7d505,21,motion_detected/event_20250403_110712_5aa7d505/0001_6985_20250307_101724_frame_20250403_110706_000134.jpg,6985,2025-03-07 10:17:24,"Ambiente externo, diurno, aparentemente em uma rua residencial com estacionamento frontal.",Existem várias pessoas e carros visíveis nas imagens. Pessoas estão andando pela calçada e carros estão circulando normalmente.,"Nenhum comportamento suspeito evidente, como tentativa de entrada forçada, permanência prolongada ou vigilância atenta. As pessoas parecem andar normalmente.","Presença de texto com data e hora, e número de câmera (""Camera 11"").","**Não**, não há comportamentos observáveis associados a risco nesta sequência.",camera_analyzer_prompt_external_street,False,False
event_20250410_145303_7f97b2f6,25,motion_detected/event_20250410_145303_7f97b2f6/0000_robbery_20250410_145303_frame.jpg,robbery,2025-04-10 14:53:03,Área externa de um posto de combustível durante o dia com boa iluminação. A cena ocorre na área de abastecimento de veículos.,"- Veículo: Uma caminhonete cinza estacionada na bomba de combustível.
  - Pessoas: Várias pessoas identificadas. Uma pessoa dentro do veículo e duas figuras se aproximando, estando uma delas armada.","- Abordagem armada: Dois indivíduos se aproximam do veículo, com um deles apontando uma arma para o motorista.
  - Ação coordenada: Os abordantes agem juntos de forma ameaçadora.","""UOL"" visível no canto do vídeo.","**Sim**, devido à abordagem armada e comportamento explicitamente ameaçador por parte dos indivíduos.",camera_analyzer_prompt_external_street,True,True
event_20250408_154828_7e69c268,3,motion_detected/event_20250408_154828_7e69c268/0000_throw_20250408_154828_frame.jpg,throw,2025-04-08 15:48:28,"Ambiente interno, bem iluminado, provavelmente uma área de escritório ou recepção.","Aproximadamente três pessoas visíveis, em um ambiente de trabalho.","Uma pessoa parece estar em movimento rápido, mas não há sinais claros de comportamento agressivo ou furtivo.","""PROBLEM SOLVING"" visível na parede.","**Não**, ambiente parece descontraído sem comportamento claramente arriscado ou agressivo.",camera_analyzer_prompt_external_street,True,False
event_20250408_154829_ae55aced,5,motion_detected/event_20250408_154829_ae55aced/0000_struggle_20250408_154829_frame.jpg,struggle,2025-04-08 15:48:29,"Ambiente interno, iluminação diurna, parece ser uma sala com janela aberta.","Duas pessoas, a ação sugere uma interação física intensa que pode ser considerada uma luta.","As duas pessoas estão envolvidas em uma luta física visível, sugerindo um potencial risco de segurança.","""WE WANT MORE FACTS"" e número ""1"" no canto inferior esquerdo.","**Sim**, o risco é alto devido à luta física observada, podendo levar a lesões.",camera_analyzer_prompt_external_street,True,True
event_20250408_154826_22dc91e2,3,motion_detected/event_20250408_154826_22dc91e2/0000_kick_20250408_154826_frame.jpg,kick,2025-04-08 15:48:26,"Academia interna, bem iluminada, equipamentos de ginástica visíveis.","Cerca de duas pessoas visíveis na cena, envolvidas em ação física.","Ação de queda conjunta e movimentos físicos bruscos, possíveis práticas de treino. Nenhum comportamento destrutivo ou agressão visível.","""@BAHIJKADDOURA""","**Não**, ações parecem ser parte de treinamento físico controlado.",camera_analyzer_prompt_external_street,True,False
event_20250403_110809_e9b8e587,11,motion_detected/event_20250403_110809_e9b8e587/0001_6994_20250307_101724_frame_20250403_110809_000040.jpg,6994,2025-03-07 10:17:24,Ambiente externo durante o dia. Iluminação diurna adequada. Localizado em uma rua residencial com calçada e estacionamento frontal visível.,Aproximadamente dois carros detectados ao longo das imagens. Não há pessoas visíveis.,"Os veículos parecem estar circulando normalmente, sem sinais de manobras suspeitas ou de permanência prolongada. Não há detecção de motocicletas ou comportamentos que possam indicar risco à segurança.",Texto da câmera e data visíveis.,"**Não**, não há comportamentos suspeitos ou indicativos de risco presente na sequência de imagens.",camera_analyzer_prompt_external_street,False,False
event_20250408_154826_0a85b8b5,4,motion_detected/event_20250408_154826_0a85b8b5/0000_grab_20250408_154826_frame.jpg,grab,2025-04-08 15:48:26,"Ambiente interno, bem iluminado, possivelmente uma área de manutenção ou escritório.",Duas pessoas presentes. Uma pessoa parece estar entregando ou trocando um objeto com a outra.,Interação parece ser consentida; nenhuma tentativa aparente de abrir gavetas ou portas de maneira suspeita.,Marcas d'água visíveis no canto superior direito.,"**Não**, a interação observada não apresenta sinais de risco perceptíveis.",camera_analyzer_prompt_external_street,True,False
event_20250403_091404_c34755c2,22,motion_detected/event_20250403_091404_c34755c2/0001_55410_20250302_230353_frame_20250403_091404_000146.jpg,55410,2025-03-02 23:03:53,"Ambiente externo, noturno, boa iluminação. Localização em frente a um portão de entrada e calçada de uma rua.",Não há pessoas visíveis. Veículos aparecem passando pela rua.,Nenhum comportamento suspeito aparente. Apenas trânsito normal de veículos.,"""Camera 05"" e ""Camera 03"" visíveis.","**Não**, nenhum comportamento suspeito foi observado.",camera_analyzer_prompt_external_street,False,False
event_20250403_110744_338b958b,15,motion_detected/event_20250403_110744_338b958b/0001_6994_20250307_101724_frame_20250403_110744_000016.jpg,6994,2025-03-07 10:17:24,"Área externa durante o dia, com boa iluminação. A cena está situada na calçada de uma rua residencial ou comercial, de frente para um portão ou estacionamento.","- Presença variável de veículos em sequência, incluindo carros e motocicletas.
  - Duas motocicletas observadas inicialmente, junto com um carro.
  - Carros transitam continuamente nos frames subsequentes.","- As motocicletas aparecem juntas e podem representar risco potencial.
  - Nenhum outro comportamento visual de risco como tentativa de invasão ou pessoas caminhando de forma suspeita.","""Camera 11""","**Sim**, pela presença inicial de motocicletas juntas, o que pode indicar risco potencial em um contexto urbano, apesar de não haver outros sinais visíveis de comportamento perigoso.",camera_analyzer_prompt_external_street,False,True
event_20250403_103057_3dd4eced,7,motion_detected/event_20250403_103057_3dd4eced/0001_17205_20250307_002852_frame_20250403_103057_000088.jpg,17205,2025-03-07 00:28:52,Área externa durante a noite com iluminação artificial. A cena parece ser uma área de fundos ou de estacionamento.,Nenhuma pessoa ou veículo é detectado nas imagens.,Nenhum comportamento suspeito ou sinal de risco detectado.,"""Intelbras L.D. Fundos"" visível nas imagens.","**Não**, não há atividades ou presenças que indiquem risco na sequência analisada.",camera_analyzer_prompt_external_street,False,False
event_20250408_154829_43c0b5c1,2,motion_detected/event_20250408_154829_43c0b5c1/0000_struggle_20250408_154829_frame.jpg,struggle,2025-04-08 15:48:29,Ambiente externo durante o dia; iluminação natural; cena captada em uma calçada próxima a um portão de entrada.,"Três pessoas visíveis, sem veículos diretamente envolvidos.","Duas pessoas próximas envolvidas em um possível confronto físico, enquanto a terceira pessoa observa a cena. Indícios de agressão física.","""Camera 1"" no canto inferior direito.","**Sim**, devido ao confronto físico envolvendo as duas pessoas, indicando uma situação de risco.",camera_analyzer_prompt_external_street,True,True
event_20250410_145304_211eddc9,11,motion_detected/event_20250410_145304_211eddc9/0000_climbing-wall_20250410_145304_frame.jpg,climbing-wall,2025-04-10 14:53:04,"Área externa em uma rua residencial, durante o dia, com boa iluminação.",Uma pessoa detectada escalando a parede de um imóvel. Uma motocicleta estacionada do lado oposto da rua.,A escalada da parede indica tentativa de invasão. A presença da motocicleta pode sugerir um meio para fuga rápida. Esses comportamentos representam um risco elevado à segurança do imóvel.,"Um texto ou marca d'água ""intelbras"" visível.","**Sim**, devido à tentativa de escalada e possível invasão associada à presença da motocicleta.",camera_analyzer_prompt_external_street,True,True
event_20250408_154829_68936014,4,motion_detected/event_20250408_154829_68936014/0000_sneak_20250408_154829_frame.jpg,sneak,2025-04-08 15:48:29,"Ambiente interno, provavelmente uma sala de estar. O ambiente está escuro, possivelmente à noite, com iluminação infravermelha.",N/A,"As pessoas estão rastejando, o que pode indicar uma tentativa de evitar serem vistas. Um dos indivíduos parece estar procurando ou se aproximando de um objeto sobre a mesa.",Nenhum,"**Sim**, o comportamento furtivo e a tentativa aparente de não serem detectados indicam um risco potencial de invasão ou furto.",camera_analyzer_prompt_external_street,True,True
event_20250402_140812_81b82a7a,7,motion_detected/event_20250402_140812_81b82a7a/0001_6883_20250219_153816_frame_20250402_140808_000066.jpg,6883,2025-02-19 15:38:16,"Ambiente externo durante o dia, com boa iluminação. A cena ocorre em uma rua residencial com calçada visível.","Um carro está presente no primeiro frame, e uma pessoa é detectada no sexto frame.","Nenhum comportamento de risco evidente. Não há tentativa de forçar entradas, nem comportamentos suspeitos associados a motos.","""Camera 01"" visível nas imagens.","**Não**, não há sinais objetivos de risco presente na sequência analisada.",camera_analyzer_prompt_external_street,False,False
event_20250403_115819_956b2299,14,motion_detected/event_20250403_115819_956b2299/0001_7639_20250307_134155_frame_20250403_115805_000137.jpg,7639,2025-03-07 13:41:55,"Ambiente externo durante o dia. Boa iluminação. Imagens de uma rua residencial, com calçada e veículos estacionados.","Há vários carros nas imagens, alguns em movimento e outros estacionados. Não há indicação de motos ou pessoas andando próximas aos imóveis.","Não há comportamentos associados a risco observáveis, como tentativas de manipulação de entradas, permanência prolongada, ou motos com dois ocupantes.","""Intelbras"" visível e data/hora no canto superior direito (""frente direita"" no canto inferior esquerdo).","**Não**, não há sinais objetivos de comportamento suspeito ou de risco nas imagens observadas.",camera_analyzer_prompt_external_street,False,False
event_20250410_145304_b48dca52,10,motion_detected/event_20250410_145304_b48dca52/0000_break-in_20250410_145304_frame.jpg,break-in,2025-04-10 14:53:04,Imagem interna de um estabelecimento (provavelmente uma loja) com vista noturna para uma área externa por meio de uma grande porta de vidro. A iluminação parece ser fornecida principalmente por luz artificial.,"Uma pessoa está visível, movendo-se dentro do espaço da loja.","- Indivíduo presente dentro da loja durante a noite, quando presumivelmente deveria estar fechada.
  - Pessoas na área onde geralmente não há circulação de público nesse horário.
  - Movimento dentro do espaço comercial sem indicação de intenção legítima (ex.: uniforme de trabalho ou crachá visível).","Presença de rotulação na imagem: ""BalançoGeralSE"" e data/hora de captação: 23/02/2018, com horário das 5:42 às 6:05.","**Sim**, presença não autorizada em um estabelecimento comercial durante a noite, sugerindo uma intrusão ou possível tentativa de furto.",camera_analyzer_prompt_external_street,True,True
event_20250402_142524_574db192,16,motion_detected/event_20250402_142524_574db192/0001_6884_20250219_153816_frame_20250402_142514_000083.jpg,6884,2025-02-19 15:38:16,"Ambiente externo, rua residencial durante o dia com boa iluminação.",Presença de vários carros; não há detecção de pessoas nas imagens.,"Nenhum comportamento suspeito ou associado a risco observado. Somente carros passando ocasionalmente, nenhum mostrando comportamento suspeito.",Camera 82,"**Não**, não há comportamentos observáveis que indiquem risco.",camera_analyzer_prompt_external_street,False,False
event_20250403_113354_c8cf51c7,14,motion_detected/event_20250403_113354_c8cf51c7/0001_7647_20250307_134155_frame_20250403_113347_000095.jpg,7647,2025-03-07 13:41:55,"Ambiente externo durante o dia, com boa iluminação natural. A cena ocorre em uma rua residencial com calçada e veículos estacionados.","Presença de diversos carros estacionados e um veículo colorido em movimento que passa pela rua. O veículo colorido foi classificado como ""carro"" e ""barco"", ressaltando um possível erro de detecção.","Não há comportamentos de risco observáveis nas imagens, como tentativas de invasão, permanência prolongada ou circulação suspeita.","""intelbras"", ""frente esquerda"", e a data e hora ""2025-03-07 10:44:16"" estão visíveis.","**Não**, não há sinais de comportamento suspeito ou risco aparente nas imagens analisadas.",camera_analyzer_prompt_external_street,False,False
event_20250402_164111_69dfa316,7,motion_detected/event_20250402_164111_69dfa316/0001_18250_20250228_124222_frame_20250402_164111_000068.jpg,18250,2025-02-28 12:42:22,"Ambiente externo durante o dia com boa iluminação. Estacionamento frontal de um imóvel, possivelmente comercial, com área de grama e palmeiras.","Em média, duas a três carretas ou caminhonetes estacionadas. Nenhuma pessoa visível nas imagens ou apresentando comportamento incomum.",Não há comportamentos suspeitos visíveis. Veículos estão estacionados de forma regular e não exibem movimentação que indique risco.,RACK-PZ ZONA:01,"**Não**, todos os veículos estão parados sem atividades suspeitas observáveis.",camera_analyzer_prompt_external_street,False,False
event_20250403_091224_4da7849c,71,motion_detected/event_20250403_091224_4da7849c/0001_55410_20250302_230353_frame_20250403_091221_000046.jpg,55410,2025-03-02 23:03:53,"Ambiente externo, noturno com iluminação artificial, provavelmente em frente a um portão residencial.",Veículo branco aparece circulando e parando várias vezes perto do portão. Não há pessoas detectadas em ações suspeitas no perímetro.,"O veículo é visto várias vezes perto da propriedade, parando e estacionando. Isso pode indicar uma situação de vigilância ou espera.",Camera 95,"**Sim**, devido à repetida presença e proximidade do veículo ao portão, o comportamento é classificado como de risco médio.",camera_analyzer_prompt_external_street,False,True
event_20250402_150700_3c793a13,24,motion_detected/event_20250402_150700_3c793a13/0001_40427_20250221_185342_frame_20250402_150655_000004.jpg,40427,2025-02-21 18:53:42,"Ambiente externo, iluminação diurna, rua residencial com calçada e portão de entrada visíveis.",Presença de uma motocicleta com dois ocupantes parada em frente ao imóvel; uma pessoa andando pela calçada.,"A motocicleta permanece parada com os ocupantes olhando em direção ao imóvel, comportamento que pode ser considerado suspeito.","""Camera 96""","**Sim**, a motocicleta parada e os ocupantes observando o imóvel é um comportamento que pode indicar risco.",camera_analyzer_prompt_external_street,False,True
event_20250402_171319_5435f854,7,motion_detected/event_20250402_171319_5435f854/0001_4990_20250228_161321_frame_20250402_171318_000023.jpg,4990,2025-02-28 16:13:21,"Ambiente externo durante o dia, com boa iluminação. A cena ocorre em uma calçada de rua residencial, próximo a um muro.","Há um carro detectado em uma das imagens, porém não é possível identificar comportamentos detalhados de pessoas ou outros veículos.",Nenhum comportamento suspeito observado nas imagens disponíveis. O carro detectado não demonstra ações específicas de risco.,Camera 04,"**Não**, com base nas imagens, não há indicação de comportamentos de risco.",camera_analyzer_prompt_external_street,False,False
event_20250408_154826_76dbc5b4,5,motion_detected/event_20250408_154826_76dbc5b4/0000_grab_20250408_154826_frame.jpg,grab,2025-04-08 15:48:26,Ambiente interno com iluminação artificial. Parece ser uma loja devido ao balcão e itens expostos na parede.,"Aproximadamente 3 pessoas. Uma pessoa está atrás do balcão, interagindo com outra do lado de fora dele. Outra pessoa aparece ao fundo.",Nenhum comportamento de risco aparente; parece ser uma transação normal no balcão.,"""CAM02"" e data/hora visível.","**Não**, interações parecem normais e não indicam risco imediato.",camera_analyzer_prompt_external_street,True,False
event_20250402_140451_25399fec,9,motion_detected/event_20250402_140451_25399fec/0001_6896_20250219_153816_frame_20250402_140451_000082.jpg,6896,2025-02-19 15:38:16,"Ambiente interno de estacionamento com vista para área externa. Dia, iluminação clara. Tipo de área: garagem.",Presença de um veículo saindo do estacionamento.,Nenhum comportamento de risco observado. Veículo apenas saindo do local.,Câmera 14,"**Não**, operação normal de saída de veículo.",camera_analyzer_prompt_external_street,False,False
event_20250408_154828_fe8760c3,4,motion_detected/event_20250408_154828_fe8760c3/0000_gun_20250408_154828_frame.jpg,gun,2025-04-08 15:48:28,"Ambiente externo, iluminação de noite, local parece ser em frente a uma loja ou estabelecimento.",Aproximadamente duas pessoas próximas a um veículo estacionado. O veículo está estacionado perto de uma entrada.,"Pessoa se aproximando da entrada, possivelmente entrando ou saindo do estabelecimento. Não há sinais objetivos de risco visíveis.",Camera8,"**Não**, não há comportamentos ou sinais de risco observados nas imagens fornecidas.",camera_analyzer_prompt_external_street,True,False
event_20250402_150632_eb875975,6,motion_detected/event_20250402_150632_eb875975/0001_40426_20250221_185342_frame_20250402_150632_000001.jpg,40426,2025-02-21 18:53:42,Ambiente interno com vista para uma área externa privada. A iluminação parece diurna. A área visualizada inclui um corredor lateral com vegetação e um portão de grade.,Nenhuma pessoa detectada nas imagens.,Nenhum comportamento suspeito visível.,"Datas e horas sobrepostas (02-21-25 15:39), ""Channel 05"".","**Não**, nenhum risco aparente, já que não há presença de pessoas ou ações suspeitas.",camera_analyzer_prompt_external_street,False,False
event_20250408_154828_6ca93aa5,3,motion_detected/event_20250408_154828_6ca93aa5/0000_gun_20250408_154828_frame.jpg,gun,2025-04-08 15:48:28,"Ambiente externo em uma área arborizada, durante o dia com boa iluminação. A cena se passa em uma estrada ou estacionamento com vegetação ao fundo.","Há dois veículos presentes: um carro cinza e um carro branco, aparentemente de polícia. Uma pessoa visível, aparentemente policial, direcionando uma arma em direção ao veículo cinza.","A presença de uma pessoa armada apontando uma arma em direção a um veículo sugere uma situação de risco elevado, possivelmente envolvendo uma intervenção policial.","""MAINE AG'S OFFICE""","**Sim**, devido à presença de uma arma e a aparente ação policial, indicando uma situação potencialmente perigosa.",camera_analyzer_prompt_external_street,True,True
event_20250403_102825_0ffbeda4,6,motion_detected/event_20250403_102825_0ffbeda4/0001_17204_20250307_002852_frame_20250403_102824_000093.jpg,17204,2025-03-07 00:28:52,"Ambiente externo à noite, iluminação nas proximidades do local da câmera. Cena em uma rua residencial com calçada e portão de entrada visíveis.",Não há pessoas ou veículos presentes nas imagens.,Nenhum comportamento de risco observado. Apenas um hidrante de incêndio detectado na primeira imagem.,"""INTELBRAS"" no canto superior esquerdo; ""FRENTE L.D"" no canto inferior esquerdo.","**Não**, sem atividade suspeita ou comportamentos de risco visíveis.",camera_analyzer_prompt_external_street,False,False
event_20250410_145303_26161e43,33,motion_detected/event_20250410_145303_26161e43/0000_robbery_20250410_145303_frame.jpg,robbery,2025-04-10 14:53:03,"Área externa durante o dia, iluminação clara. Cena em uma rua urbana com calçada e veículos estacionados.","Dois carros estacionados na calçada, uma caminhonete branca e um carro prata. Um homem andando pela calçada ao lado dos veículos.","O homem caminha paralelamente aos veículos estacionados, sem mostrar comportamentos visivelmente ameaçadores ou suspeitos.","Data e hora ""2019-05-16 08:09:26"" a ""2019-05-16 08:09:53"".","**Não**, aparentemente não há comportamento suspeito nem indicação de risco observável.",camera_analyzer_prompt_external_street,True,False
event_20250410_145303_22890143,7,motion_detected/event_20250410_145303_22890143/0000_robbery_20250410_145303_frame.jpg,robbery,2025-04-10 14:53:03,"Ambiente interno de uma farmácia ou loja, iluminado, provavelmente durante a noite.","Duas pessoas inicialmente, uma delas usando capuz e próxima a um corredor, outra com boné e máscara.",Uma pessoa se aproxima da câmera e ajusta a roupa como se estivesse escondendo o rosto. A outra está focada em movimentar-se rapidamente. O comportamento sugere alerta ou tentativa de ocultação.,"""PRIMEIROJORNAL"" visível no canto superior esquerdo.","**Sim**, devido ao comportamento suspeito de ocultação e movimentação rápida, potencialmente indicando intenção ilícita.",camera_analyzer_prompt_external_street,True,True
event_20250403_110435_2ec98035,18,motion_detected/event_20250403_110435_2ec98035/0001_6984_20250307_101724_frame_20250403_110430_000136.jpg,6984,2025-03-07 10:17:24,"Ambiente externo durante o dia, com boa iluminação. Local: área de estacionamento frontal próximo a uma rua.","- Pessoas: Uma pessoa observada caminhando pela calçada.
  - Veículos: Vários carros passando pela rua, uma motocicleta passando.","- A pessoa está caminhando pelo local, sem posturas suspeitas ou hesitantes.
  - A motocicleta passa rapidamente, sem comportamento suspeito como parar ou circular em baixa velocidade.
  - Os veículos na rua estão se movendo normalmente, sem paradas suspeitas.",Data e hora visíveis no canto superior esquerdo. Marca “Camera 01” visível.,"**Não**, não há comportamentos ou ações que indiquem risco à segurança na cena observada.",camera_analyzer_prompt_external_street,False,False
event_20250410_145304_84c6a861,9,motion_detected/event_20250410_145304_84c6a861/0000_break-in_20250410_145304_frame.jpg,break-in,2025-04-10 14:53:04,"Ambiente interno de corredor com vista para uma área externa privada. A iluminação parece noturna, indicada pela baixa luminosidade e horário. A área externa é um corredor ou passagem junto a uma porta com vidro.",Aproximadamente duas pessoas visíveis do lado de fora da porta de vidro em diferentes momentos da sequência.,"Pessoas próximas à porta de vidro, uma delas abrindo ou tentando abrir a porta para acessar o ambiente interno. Nota-se movimentação de entrada forçada.",Data e hora são visíveis no canto superior esquerdo.,"**Sim**, devido à tentativa de entrada não autorizada através da porta de vidro, indicando um possível risco de invasão ou intrusão.",camera_analyzer_prompt_external_street,True,True
event_20250408_154827_bcf6e29e,3,motion_detected/event_20250408_154827_bcf6e29e/0000_hit_20250408_154827_frame.jpg,hit,2025-04-08 15:48:27,"Ambiente interno, iluminação suficiente indicando dia ou ambiente bem iluminado, parece ser uma loja com produtos expostos.",Cerca de 3 pessoas envolvidas. Individuo parece esconder rosto ao notar a câmera.,Interação agressiva entre as pessoas. Movimentação rápida e tumultuada. Possível tentativa de agressão ou desordem.,Nenhum,"**Sim**, comportamento agressivo e potencial para agressão dentro do ambiente.",camera_analyzer_prompt_external_street,True,True
event_20250403_110546_a69dc7b4,20,motion_detected/event_20250403_110546_a69dc7b4/0001_6985_20250307_101724_frame_20250403_110546_000055.jpg,6985,2025-03-07 10:17:24,"Ambiente externo durante o dia, com boa iluminação. A cena ocorre em uma rua residencial com calçada e entrada de estacionamento.",Vários carros passando pela rua e uma motocicleta aparece em um dos frames. Uma pessoa em pé na calçada é visível em alguns frames.,Não há sinais claros de comportamento suspeito; os veículos estão em movimento normal e a pessoa na calçada parece estar apenas caminhando.,Camera 02,"**Não**, não há comportamentos suspeitos observados.",camera_analyzer_prompt_external_street,False,False
event_20250410_145301_4de8a0e3,23,motion_detected/event_20250410_145301_4de8a0e3/0000_burglary_20250410_145301_frame.jpg,burglary,2025-04-10 14:53:01,"Ambiente interno, à noite, condição de iluminação baixa. Parece ser um escritório.",Aproximadamente duas pessoas. Ambas estão movendo-se rapidamente e carregando objetos.,As duas pessoas estão envolvidas no que parece ser um roubo. Estão retirando objetos do local e uma delas usa uma lanterna.,Nenhum,"**Sim**, devido ao comportamento claramente suspeito e indicativo de um roubo em andamento.",camera_analyzer_prompt_external_street,True,True
event_20250402_152207_a112c0ac,9,motion_detected/event_20250402_152207_a112c0ac/0001_10774_20250228_101013_frame_20250402_152207_000018.jpg,10774,2025-02-28 10:10:13,"Área de entrada de garagem em um ambiente interno, com vista para veículos estacionados. Dia claro com boa iluminação.","Uma pessoa visível nas primeiras imagens, mexendo na fechadura ou acessando algo próximo à porta. Várias imagens mostram dois carros estacionados.","Um indivíduo interage com a porta, possivelmente buscando acesso. Por ser uma área privativa, essa ação pode indicar uma abordagem para entrar no prédio.","""Camera 05"" visível, data e hora.","**Sim**, a presença de uma pessoa tentando abrir ou interagir com a porta em área de circulação restrita sugere um potencial risco à segurança.",camera_analyzer_prompt_external_street,False,True
event_20250408_154828_98b432bf,1,motion_detected/event_20250408_154828_98b432bf/0000_gun_20250408_154828_frame.jpg,gun,2025-04-08 15:48:28,"Ambiente externo, à noite, iluminação limitada. Local aparenta ser uma calçada em frente a um imóvel.","Uma pessoa, vestida com roupas claras e capuz, caminhando próximo à entrada do imóvel.","A pessoa está usando capuz, o que pode ser considerado incomum à noite, e se aproxima do imóvel de forma que poderia ser suspeita.",Nenhum.,"**Sim**, devido ao uso de capuz à noite e proximidade ao imóvel, o que pode sugerir comportamento suspeito.",camera_analyzer_prompt_external_street,True,True
event_20250410_145304_31ef96d4,8,motion_detected/event_20250410_145304_31ef96d4/0000_break-in_20250410_145304_frame.jpg,break-in,2025-04-10 14:53:04,"Ambiente interno, iluminação baixa, parece ser uma sala ou área de jantar.","Duas pessoas estão presentes, movendo-se pelo ambiente.","Uma pessoa parece manipular objetos, possivelmente buscando algo; outra pessoa aparece carregando uma mochila, o que pode indicar tentativa de retirada de itens.",#DomingoEspetacular,"**Sim**, devido à presença de pessoas movimentando-se em ambiente com iluminação baixa, possivelmente buscando ou retirando objetos, sugerindo uma situação de invasão ou furto.",camera_analyzer_prompt_external_street,True,True
event_20250408_154826_d9cb453c,5,motion_detected/event_20250408_154826_d9cb453c/0000_grab_20250408_154826_frame.jpg,grab,2025-04-08 15:48:26,N/A,N/A,N/A,N/A,N/A,camera_analyzer_prompt_external_street,True,False
event_20250403_113241_df74149a,10,motion_detected/event_20250403_113241_df74149a/0001_7647_20250307_134155_frame_20250403_113241_000030.jpg,7647,2025-03-07 13:41:55,"Ambiente externo em uma rua residencial durante o dia, com boa iluminação natural.",Aproximadamente dois carros visíveis em movimento na sequência de imagens.,Nenhum comportamento suspeito aparente. Os veículos estão em movimento normal ao longo da rua.,"""Intelbras"" e data/hora no canto superior, ""frente esquerda"" no canto inferior esquerdo.","**Não**, nenhuma atividade suspeita ou comportamento de risco identificado.",camera_analyzer_prompt_external_street,False,False
event_20250402_153119_5e731392,9,motion_detected/event_20250402_153119_5e731392/0001_10785_20250228_101013_frame_20250402_153119_000089.jpg,10785,2025-02-28 10:10:13,"Ambiente externo durante o dia, iluminação normal. Área próxima a uma rua, possivelmente residencial.",Nenhuma pessoa ou veículo detectável.,"As imagens não apresentam sinais claros de comportamento de risco, e a detecção automática não registrou atividades.","""Camera 16"", ""NO VIDEO"" em telas sem imagem.","**Não**, não há evidências visíveis de comportamento suspeito ou risco potencial nos frames disponíveis.",camera_analyzer_prompt_external_street,False,False
event_20250410_145302_abaccd09,24,motion_detected/event_20250410_145302_abaccd09/0000_robbery_20250410_145302_frame.jpg,robbery,2025-04-10 14:53:02,"Ambiente externo à noite, com iluminação artificial. Local parece ser uma rua residencial com calçada e estacionamento frontal.","- Aproximadamente duas pessoas detectadas em movimento na calçada.
  - Um carro estacionado próximo às pessoas.
  - Uma motocicleta que passa pela cena.","- Ocorrência de uma ação suspeita ou potencial delito (possível assalto ou tentativa de roubo a uma pessoa).
  - Pessoas se movendo rapidamente em direção oposta à motocicleta.
  - Presença de um carro parado próximo ao local do incidente.
  - Motocicleta se movendo pela área de forma coordenada.",Marca d'água no canto superior direito com data e hora.,"**Sim**, devido ao comportamento suspeito de possível delito, movimentação rápida de pessoas, e a presença de uma motocicleta que é frequentemente associada a riscos de segurança em contextos urbanos.",camera_analyzer_prompt_external_street,True,True
event_20250402_153028_6d75d183,7,motion_detected/event_20250402_153028_6d75d183/0001_10785_20250228_101013_frame_20250402_153028_000040.jpg,10785,2025-02-28 10:10:13,"Exterior, iluminação diurna. Cena na área de calçada e corredor ao lado de um prédio.",Nenhuma pessoa ou veículo visível nas imagens.,"Não há comportamentos observáveis nas imagens. As imagens apresentam falhas e, por fim, mostram ""NO VIDEO"".","""NO VIDEO"" no último frame.","**Não**, sem atividades ou sinais de risco perceptíveis.",camera_analyzer_prompt_external_street,False,False
event_20250403_091207_eb29739f,9,motion_detected/event_20250403_091207_eb29739f/0001_55410_20250302_230353_frame_20250403_091207_000032.jpg,55410,2025-03-02 23:03:53,"Ambiente externo à noite, com iluminação da rua. A cena é de uma área em frente a um portão, possivelmente de entrada de um imóvel, na calçada.",Não há detecção de pessoas ou veículos próximos ao portão.,Não há comportamento suspeito ou sinais de risco evidente nos frames analisados.,"Presença de data/hora e ""Camera 06"" na imagem.","**Não**, não há evidências de comportamento de risco na sequência de imagens.",camera_analyzer_prompt_external_street,False,False
event_20250403_091347_31d8b0de,9,motion_detected/event_20250403_091347_31d8b0de/0001_55410_20250302_230353_frame_20250403_091347_000129.jpg,55410,2025-03-02 23:03:53,Ambiente externo à noite com iluminação de rua. Câmera voltada para a calçada e um portão de entrada.,"Aproximadamente um carro visível em várias imagens, passando na rua em frente ao portão. Nenhuma outra pessoa ou veículo detectado.","Nenhum comportamento de risco observado, como entrada forçada ou permanência prolongada.","""Camera 05""","**Não**, não há sinais ou comportamentos de risco aparentes na sequência.",camera_analyzer_prompt_external_street,False,False
event_20250408_154828_00fee1e5,2,motion_detected/event_20250408_154828_00fee1e5/0000_fall_20250408_154828_frame.jpg,fall,2025-04-08 15:48:28,Área externa privada vista da entrada de uma casa. Dia com boa iluminação. Jardim frontal visível.,Duas pessoas estão na área. Parecem estar caminhando ou saindo. Um carro está estacionado na rua.,Nenhuma ação suspeita observada. Pessoas apenas transitando para fora da casa.,"""FAILARMY ULTIMATE SECURITY CAMERA FAIL""","**Não**, as pessoas não apresentam comportamentos suspeitos e a situação parece ser de saída normal da residência.",camera_analyzer_prompt_external_street,True,False
event_20250408_154829_617a7b45,4,motion_detected/event_20250408_154829_617a7b45/0000_struggle_20250408_154829_frame.jpg,struggle,2025-04-08 15:48:29,"Ambiente externo durante o dia, com boa iluminação. Cena em uma rua residencial em frente a casas, com carros estacionados.","Quatro pessoas visíveis. Cinco carros estacionados, incluindo um carro vermelho e um carro azul em movimento na rua.",A segunda imagem mostra uma interação física potencialmente agressiva entre duas pessoas. Um carro azul está parado na rua.,"""News Dog Media"" visível no canto superior direito.","**Sim**, devido à interação física que sugere confronto ou agressão.",camera_analyzer_prompt_external_street,True,True
event_20250402_171342_cc7e5892,6,motion_detected/event_20250402_171342_cc7e5892/0001_4990_20250228_161321_frame_20250402_171342_000046.jpg,4990,2025-02-28 16:13:21,"Ambiente externo capturado durante o dia. As cenas mostram uma área de calçada em frente a um imóvel, com árvores e plantas ao redor, e iluminação do sol.",Não há pessoas nem veículos claramente visíveis nas imagens.,"Nenhum comportamento suspeito foi detectado, já que não há pessoas ou veículos que possam ser observados.",Camera 04,"**Não**, pois não há indícios de atividades ou comportamentos suspeitos observáveis nas imagens apresentadas.",camera_analyzer_prompt_external_street,False,False
event_20250403_091742_afe052f2,35,motion_detected/event_20250403_091742_afe052f2/0001_55407_20250302_230353_frame_20250403_091735_000041.jpg,55407,2025-03-02 23:03:53,"Ambiente externo durante a noite, com boa iluminação. A cena está em uma rua movimentada, em frente a um portão de entrada.",Aproximadamente 5 carros e várias pessoas passando. As pessoas estão caminhando normalmente pela calçada. Presença de um veículo estacionado.,"Nenhum comportamento suspeito identificado, como permanência prolongada ou tentativas de manipulação de entradas.",Câmera 02,"**Não**, não há sinais de risco observáveis na sequência de imagens.",camera_analyzer_prompt_external_street,False,False
event_20250402_154309_d17a8c21,6,motion_detected/event_20250402_154309_d17a8c21/0001_10771_20250228_101013_frame_20250402_154309_000007.jpg,10771,2025-02-28 10:10:13,"Ambiente interno com vista para um corredor lateral externo da propriedade. Dia, com iluminação natural.",Nenhuma pessoa ou veículo detectado nas imagens.,Nenhum comportamento suspeito ou sinal de risco visível.,"Marca d'água ""Camera 02"" visível.","**Não**, não há justificativa para risco sem a presença de pessoas ou atividades suspeitas.",camera_analyzer_prompt_external_street,False,False
event_20250402_170432_a89dcd4a,6,motion_detected/event_20250402_170432_a89dcd4a/0001_4992_20250228_161321_frame_20250402_170432_000006.jpg,4992,2025-02-28 16:13:21,"Ambiente externo durante o dia, bem iluminado. A área parece ser um corredor lateral com um jardim ao lado.",Nenhuma pessoa ou veículo detectado nas imagens.,Nenhum comportamento de risco visível.,"Texto visível na parte superior da imagem com data, hora e ""Câmera 06"".","**Não**, nenhuma atividade suspeita ou presença de pessoas na área visualizada.",camera_analyzer_prompt_external_street,False,False
event_20250408_154828_d3eda1a7,2,motion_detected/event_20250408_154828_d3eda1a7/0000_fall_20250408_154828_frame.jpg,fall,2025-04-08 15:48:28,"Ambiente interno, bem iluminado, possivelmente uma sala de monitoramento ou segurança.","Quatro pessoas estão presentes na cena. Três estão próximas a uma parede, interagindo diretamente com uma pessoa encostada na parede.","Uma pessoa aparenta estar sendo contida ou revistada pelos outros dois indivíduos próximos. A ação parece ser de contenção, mas não há sinais de agressão explícita.",Há uma data e horário visível no canto da imagem.,"**Sim**, pela presença de uma aparente necessidade de contenção física, indicando uma situação de potencial risco.",camera_analyzer_prompt_external_street,True,True
event_20250408_154829_ed9143f6,3,motion_detected/event_20250408_154829_ed9143f6/0000_run_20250408_154829_frame.jpg,run,2025-04-08 15:48:29,"Ambiente externo durante o dia, com boa iluminação. A cena ocorre numa área residencial com calçadas e um cruzamento com placa de ""Pare"".",Uma pessoa visível e um caminhão estacionado. Um cachorro e uma ovelha também aparecem na cena.,Não há comportamentos suspeitos ou associados a risco na cena. A pessoa parece estar em movimento normal.,FAILARMY,"**Não**, não há sinais de comportamento suspeito ou risco potencial identificado.",camera_analyzer_prompt_external_street,True,False
event_20250403_110501_6729df14,21,motion_detected/event_20250403_110501_6729df14/0001_6985_20250307_101724_frame_20250403_110453_000004.jpg,6985,2025-03-07 10:17:24,Ambiente externo durante o dia; iluminação adequada. Local da cena é uma rua residencial com calçada e um estacionamento frontal próximo ao portão de um imóvel.,"Inicialmente uma pessoa é vista caminhando; vários carros passam pela rua, inclusive um momento com um carro parado por um curto período antes de prosseguir. Uma motocicleta com duas pessoas passa em frente ao imóvel.","- A motocicleta passa com dois ocupantes, o que requer atenção adicional, embora nenhum comportamento altamente suspeito ou ameaçador seja detectado na sequência.","""Camera 02"" visível nas imagens.","**Não**, não há comportamentos claros de risco observados além da atenção usual requerida por uma motocicleta com dois ocupantes.",camera_analyzer_prompt_external_street,False,False
event_20250408_154826_2c1ec565,5,motion_detected/event_20250408_154826_2c1ec565/0000_grab_20250408_154826_frame.jpg,grab,2025-04-08 15:48:26,"Imagem noturna, iluminação fornecida por faróis dos veículos e luz externa. A cena se passa em uma rua residencial.",Um carro está estacionado com as portas abertas. O conteúdo capturado também mostra outro carro estacionado mais à frente na rua. Uma pessoa parece estar dentro do carro estacionado.,"Não há sinais claros de riscos potenciais. O carro parado com a porta aberta e alguém dentro pode sugerir que estão esperando, mas não há comportamento explicitamente suspeito visível.","Data e hora visíveis no canto superior da imagem e marca d'água ""IPC"".","**Não**, o comportamento observado não demonstra sinais de risco imediato.",camera_analyzer_prompt_external_street,True,False
event_20250402_173754_467058ed,6,motion_detected/event_20250402_173754_467058ed/0001_53862_20250301_082830_frame_20250402_173754_000126.jpg,53862,2025-03-01 08:28:30,"Ambiente interno com vista para um corredor ou escada privada. É noite, com iluminação artificial no local.",Nenhuma pessoa ou veículo detectado nas imagens.,Nenhum comportamento suspeito observado nas imagens.,"Data e hora visíveis; ""Camera 04"" visível.","**Não**, nenhum risco aparente.",camera_analyzer_prompt_external_street,False,False
event_20250408_154828_79d7aceb,2,motion_detected/event_20250408_154828_79d7aceb/0000_throw_20250408_154828_frame.jpg,throw,2025-04-08 15:48:28,"A cena ocorre durante o dia em um ambiente urbano, sob iluminação natural. É visível um viaduto ou passarela com paredes grafitadas.",Duas pessoas estão presentes no viaduto. Não há veículos visíveis na imagem.,"As duas pessoas estão em um viaduto com atitude suspeita de arremessar objetos, como indicado pelo texto ""ROCKS THROWN FROM OVERPASS"" (pedras arremessadas de viaduto). Este comportamento é perigoso e representa um risco potencial à segurança de pessoas e veículos abaixo.","Crime Beat, WTHR","**Sim**, o comportamento de arremessar objetos de um viaduto apresenta um risco elevado de causar danos a veículos e perigo aos motoristas na via abaixo.",camera_analyzer_prompt_external_street,True,True
event_20250408_154827_6620de67,4,motion_detected/event_20250408_154827_6620de67/0000_sit_20250408_154827_frame.jpg,sit,2025-04-08 15:48:27,"Interior de um veículo, dia, luz suficiente.","Uma pessoa no banco traseiro do carro, comportamento aparentemente normal.",Nenhum comportamento de risco claro ou agressivo visível.,Texto com coordenadas e ID no canto superior direito.,"**Não**, sem sinais de risco aparente observados.",camera_analyzer_prompt_external_street,True,False
event_20250402_150531_3b752641,9,motion_detected/event_20250402_150531_3b752641/0001_40424_20250221_185342_frame_20250402_150531_000008.jpg,40424,2025-02-21 18:53:42,"Ambiente interno com vista para uma área privada externa, aparentando ser um corredor lateral. A iluminação é diurna.","Uma pessoa é vista passando ao lado de uma cerca, carregando uma mochila.","Presença da pessoa caminhando próxima à cerca pode ser incomum dependendo do contexto, mas nenhuma ação suspeita clara, como tentativa de abrir portas ou observar através das frestas, é visível.",Sem visão de textos ou marca d'água relevante.,"**Não**, devido à ausência de comportamentos suspeitos claros. Presença de pessoa em área possivelmente comum de passagem.",camera_analyzer_prompt_external_street,False,False
event_20250408_154828_3dd50747,3,motion_detected/event_20250408_154828_3dd50747/0000_stand_20250408_154828_frame.jpg,stand,2025-04-08 15:48:28,"Ambiente externo durante o dia; a cena parece ser em uma área pavimentada, possivelmente um estacionamento ao lado de uma parede.","Há um pedestre, três carros estacionados e uma bicicleta parada. A pessoa está próxima a um dos carros, caminhando ao lado deles.",Não há sinais claros de risco; a pessoa não parece estar manipulando os veículos ou demonstrando comportamento suspeito.,Texto no canto inferior das imagens (ilegível).,"**Não**, não há comportamento suspeito observável.",camera_analyzer_prompt_external_street,False,False
event_20250410_145303_1cfc3a0f,16,motion_detected/event_20250410_145303_1cfc3a0f/0000_robbery_20250410_145303_frame.jpg,robbery,2025-04-10 14:53:03,"Rua residencial durante o dia, com boa iluminação. A cena ocorre na rua em frente a imóveis residenciais.","Aproximadamente três a quatro veículos estão presentes, incluindo um que se move. Duas pessoas são visíveis em sequências distintas. Em um frame, um indivíduo se aproxima correndo de um carro e a cena mostra uma pessoa abrindo a porta de um carro estacionado.","Um comportamento suspeito é observado quando um indivíduo corre em direção a um carro e entra rapidamente, sugerindo uma ação potencialmente ilícita. Além disso, o carro que parece estar sendo abordado está parado no meio da rua.",Emelabs Record.,"**Sim**, devido ao comportamento suspeito de uma pessoa se aproximando rapidamente de um veículo, o que sugere uma ação possivelmente ilegal, como uma tentativa de roubo ou furto.",camera_analyzer_prompt_external_street,True,True
event_20250403_115120_668de0a1,17,motion_detected/event_20250403_115120_668de0a1/0001_16312_20250307_134155_frame_20250403_115120_000048.jpg,16312,2025-03-07 13:41:55,"Escritório, dia, bem iluminado.","Uma pessoa movendo-se nas imagens, aparentemente trabalhando em um escritório.",A pessoa está apenas desempenhando atividades normais de escritório.,"""Escritório"", ""Intelbras"" (marca d'água), data e hora.","**Não**, sem comportamentos suspeitos ou sinais de risco visíveis.",camera_analyzer_prompt_external_street,False,False
event_20250408_154829_826e1905,4,motion_detected/event_20250408_154829_826e1905/0000_struggle_20250408_154829_frame.jpg,struggle,2025-04-08 15:48:29,"Ambiente externo à noite, com iluminação artificial. Cena em frente a um estabelecimento com placa visível.","Aproximadamente sete pessoas visíveis, incluindo algumas com uniformes de segurança. Não há veículos visíveis.","Interação física intensa, possivelmente uma briga ou tentativa de contenção, envolvendo seguranças e outros indivíduos. A presença dos seguranças indica uma situação controlada ou em processo de controle.",Hardcore/Punk/Rockabilly.,"**Sim**, devido à possível briga ou distúrbio em frente ao estabelecimento.",camera_analyzer_prompt_external_street,True,True
event_20250408_154828_138fb57f,3,motion_detected/event_20250408_154828_138fb57f/0000_fall_20250408_154828_frame.jpg,fall,2025-04-08 15:48:28,"Ambiente externo, aparentemente durante o dia. A cena ocorre em uma entrada de garagem residencial com decorações festivas visíveis.",Um carro estacionado e uma caminhonete de entregas com a porta aberta. Um entregador anda em direção à casa carregando pacotes.,Não há sinais claros de comportamento suspeito. A pessoa parece estar realizando uma entrega normal.,"""ring.com"" está visível nas imagens.","**Não**, o comportamento observado parece ser de uma entrega regular sem sinais de ameaça.",camera_analyzer_prompt_external_street,True,False
event_20250402_134640_5c3ec297,11,motion_detected/event_20250402_134640_5c3ec297/0001_6888_20250219_153816_frame_20250402_134640_000031.jpg,6888,2025-02-19 15:38:16,"Ambiente interno, iluminação artificial típica de elevador, espaço fechado.",Uma pessoa presente. A pessoa está dentro do elevador aparentando usar um celular.,"A pessoa está apenas olhando para o celular, não havendo indicação de comportamento suspeito.","Data e hora no canto superior esquerdo. Texto ""Camera 06"" visível.","**Não**, sem sinais de risco detectados conforme as ações observadas.",camera_analyzer_prompt_external_street,False,False
event_20250402_141414_61adc9a9,6,motion_detected/event_20250402_141414_61adc9a9/0001_6887_20250219_153816_frame_20250402_141414_000009.jpg,6887,2025-02-19 15:38:16,"Corredor interno com boa iluminação, provavelmente durante o dia.",Nenhuma presença humana ou de veículo nas imagens.,Nenhum comportamento de risco visível nas imagens.,Câmera 95,"**Não**, nenhum sinal de risco aparente.",camera_analyzer_prompt_external_street,False,False
event_20250403_110227_40dfdb1b,13,motion_detected/event_20250403_110227_40dfdb1b/0001_6984_20250307_101724_frame_20250403_110227_000016.jpg,6984,2025-03-07 10:17:24,"Ambiente externo durante o dia, com boa iluminação. A cena está situada em uma calçada, com visão parcial da rua e de um estacionamento frontal.",Há uma pessoa sentada sob um guarda-sol. Vários carros estão passando pela rua nas imagens.,"Nenhum comportamento suspeito é observado. Os veículos passam normalmente pela rua, sem redução de velocidade incomum ou permanência. A pessoa está apenas sentada, sem ações associadas a risco.","Câmera 01, data e hora visíveis.","**Não**, não há comportamentos que indiquem risco à segurança na sequência visual dada.",camera_analyzer_prompt_external_street,False,False
event_20250408_154828_a4352938,2,motion_detected/event_20250408_154828_a4352938/0000_stand_20250408_154828_frame.jpg,stand,2025-04-08 15:48:28,"Ambiente externo à noite, com iluminação pública. Local é uma rua residencial com calçada e portão de entrada.",Presença de duas pessoas. Uma está de pé próxima a outra que está sentada ou agachada na calçada.,Nenhum comportamento suspeito ou de risco claramente observável.,TITANVORTEX,"**Não**, não há comportamentos indicativos de risco imediato.",camera_analyzer_prompt_external_street,False,False
event_20250408_154828_fabdce01,3,motion_detected/event_20250408_154828_fabdce01/0000_stand_20250408_154828_frame.jpg,stand,2025-04-08 15:48:28,"Ambiente interno, iluminação média, possivelmente um quarto ou consultório.",Três pessoas presentes. Duas pessoas ao lado de uma cama onde há possivelmente outra pessoa deitada.,"Nenhuma tentativa visível de abrir gavetas ou armários, movimentação normal ao redor da cama.",Nenhum,"**Não**, sem sinais de comportamento de risco aparente.",camera_analyzer_prompt_external_street,False,False
event_20250403_110306_2a4c2741,12,motion_detected/event_20250403_110306_2a4c2741/0001_6984_20250307_101724_frame_20250403_110306_000054.jpg,6984,2025-03-07 10:17:24,"Ambiente externo durante o dia, luz natural, rua com calçada e área de estacionamento.","- Vários carros passando, incluindo um caminhão.
  - Presença de uma pessoa detectada em um momento da sequência.
  - Bola esportiva notada junto com carros.",Nenhum comportamento suspeito observado. Veículos em movimento normal na rua e presença esporádica de pessoa.,Câmera 01,"**Não**, movimento típico de tráfego urbano sem sinais de comportamento suspeito ou potencial ameaça.",camera_analyzer_prompt_external_street,False,False
event_20250410_145302_fd512be8,11,motion_detected/event_20250410_145302_fd512be8/0000_robbery_20250410_145302_frame.jpg,robbery,2025-04-10 14:53:02,"Ambiente externo em uma rua residencial durante o dia, com boa iluminação.",Aproximadamente três pessoas e duas motocicletas envolvidas.,"Confronto físico entre pessoas perto de motocicletas, envolvendo possivelmente uma tentativa de roubo. Uma motocicleta parece ser o alvo, com os indivíduos envolvidos em uma possível luta. Um dos indivíduos na moto aparentemente está armado ou com algo nas mãos.",Visível no canto superior esquerdo.,"**Sim**, devido à presença de um confronto físico com possíveis intenções criminosas e a presença de armas.",camera_analyzer_prompt_external_street,True,True
event_20250410_145304_8ec3e678,25,motion_detected/event_20250410_145304_8ec3e678/0000_break-in_20250410_145304_frame.jpg,break-in,2025-04-10 14:53:04,"Ambiente interno com iluminação noturna (infrared), possivelmente um corredor ou sala de armazenamento.",Aproximadamente duas pessoas detectadas.,"Um indivíduo está segurando um objeto que parece ser uma barra ou ferramenta, sugerindo intenção potencialmente destrutiva ou ameaçadora.",Nenhum,"**Sim**, a presença de indivíduos com possível ferramenta/arma em ambiente interno durante a noite indica um risco alto de segurança.",camera_analyzer_prompt_external_street,True,True
event_20250402_150847_2875d9f1,6,motion_detected/event_20250402_150847_2875d9f1/0001_40428_20250221_185342_frame_20250402_150847_000004.jpg,40428,2025-02-21 18:53:42,"Ambiente externo durante o dia, com boa iluminação. O local aparenta ser uma rua residencial com calçada e portão de entrada vistos nas imagens.","Há um carro identificado nas imagens, repetidamente. Não há detecção de pessoas nas imagens analisadas.","O carro está estacionado ou se movendo de forma não identificável, sem sinais de comportamento suspeito, como paradas ou manobras incomuns.",Camera 07 (visível nas imagens).,"**Não**, não há comportamentos associados a risco visíveis nas imagens.",camera_analyzer_prompt_external_street,False,False
event_20250402_150644_65cf02b1,9,motion_detected/event_20250402_150644_65cf02b1/0001_40426_20250221_185342_frame_20250402_150640_000009.jpg,40426,2025-02-21 18:53:42,"Ambiente interno com vista para uma área externa privada, provavelmente um corredor lateral. Dia, com boa iluminação.","Uma pessoa interage com um portão na primeira imagem. Nas imagens finais, um carro e uma motocicleta são visíveis na rua.","A pessoa parece interagir com o portão, mas não há comportamento claramente suspeito. O portão não é aberto.",Nenhum,"**Não**, a ação observada não indica comportamento de risco por si só.",camera_analyzer_prompt_external_street,False,False
event_20250402_153052_8400b28d,11,motion_detected/event_20250402_153052_8400b28d/0001_10785_20250228_101013_frame_20250402_153052_000063.jpg,10785,2025-02-28 10:10:13,"Ambiente externo durante o dia, condição de iluminação aparentemente clara. Cena em uma área de passagem, possivelmente uma calçada ou entrada com cercas visíveis.",Nenhuma pessoa ou veículo detectado nas imagens fornecidas.,Nenhum comportamento suspeito observado devido à falta de detecção de pessoas ou veículos.,"""NO VIDEO"" aparece em várias imagens.","**Não**, sem sinais de risco aparentes devido à ausência de atividade nas imagens disponíveis.",camera_analyzer_prompt_external_street,False,False
event_20250402_154239_6901bc0d,7,motion_detected/event_20250402_154239_6901bc0d/0001_10782_20250228_101013_frame_20250402_154239_000133.jpg,10782,2025-02-28 10:10:13,"Ambiente externo durante o dia, com iluminação adequada. Localização em rua residencial com calçada à vista.","Há um motociclista visível na primeira imagem, com a moto em movimento na rua. Em outra imagem, uma pessoa aparece andando na calçada.",Não há sinais de risco observáveis. A moto está em movimento constante e não há permanência prolongada ou comportamento suspeito na calçada.,Câmera 13,"**Não**, pois não há comportamentos ou ações suspeitas detectadas nas imagens apresentadas.",camera_analyzer_prompt_external_street,False,False
event_20250408_154827_489da73b,3,motion_detected/event_20250408_154827_489da73b/0000_sit_20250408_154827_frame.jpg,sit,2025-04-08 15:48:27,"Ambiente interno, iluminação diurna, provavelmente uma recepção ou escritório pequeno.",Duas pessoas visíveis; uma criança interagindo de forma lúdica na sala.,Não há comportamentos de risco observados. A criança parece estar brincando.,"""BROWARD SHERIFF'S OFFICE"" visível.","**Não**, não há sinais de comportamentos arriscados.",camera_analyzer_prompt_external_street,True,False
event_20250408_154827_df4d752d,5,motion_detected/event_20250408_154827_df4d752d/0000_walk_20250408_154827_frame.jpg,walk,2025-04-08 15:48:27,"Ambiente semiaberto coberto, com iluminação suficiente para identificação. Tipo da área: quintal ou varanda.","Uma pessoa visível na cena, aparentando se movimentar e interagir com elementos no local.","A pessoa está se movendo dentro do quintal, mas não há indícios claros de tentativas de acesso através de portas ou portões. Não parece estar realizando ações tipicamente classificadas como risco, como tentar abrir entradas.","""camera2"" visível no canto superior esquerdo.","**Não**, as ações observadas não indicam comportamento de risco suspeito. A pessoa parece estar simplesmente presente no espaço de forma regular.",camera_analyzer_prompt_external_street,True,False
event_20250403_110122_9008d0c2,6,motion_detected/event_20250403_110122_9008d0c2/0001_6987_20250307_101724_frame_20250403_110122_000108.jpg,6987,2025-03-07 10:17:24,"Ambiente interno, bem iluminado, possivelmente um escritório durante o dia.","Duas pessoas sentadas, interagindo de maneira tranquila.",Nenhum comportamento suspeito ou risco aparente. As pessoas estão sentadas e usando o computador.,"""Camera: 04"" visível na imagem.","**Não**, sem ações ou comportamentos de risco detectados.",camera_analyzer_prompt_external_street,False,False
event_20250403_101317_ac64b50b,14,motion_detected/event_20250403_101317_ac64b50b/0001_17201_20250307_002851_frame_20250403_101317_000129.jpg,17201,2025-03-07 00:28:51,"Área externa durante a noite, com iluminação fraca. Local parece ser uma rua residencial ou calçada próxima a um portão de entrada.",Não há pessoas visíveis nas imagens. Um veículo é visto passando ao longo da rua.,O veículo passa pela área sem aparentar diminuir a velocidade ou parar.,"""Frente, L, E"" visível em todas as imagens.","**Não**, não há sinais de comportamento suspeito ou de risco nas imagens.",camera_analyzer_prompt_external_street,False,False
event_20250403_111720_8438ede2,13,motion_detected/event_20250403_111720_8438ede2/0001_6990_20250307_101724_frame_20250403_111720_000111.jpg,6990,2025-03-07 10:17:24,"Ambiente interno, bem iluminado, possivelmente uma sala de espera ou área de recepção.",Aproximadamente uma pessoa. Parece estar mexendo em objetos sobre o balcão.,"A pessoa parece estar manipulando objetos. Não há indícios claros de tentativa de furto ou comportamento suspeito, mas o movimento repetitivo poderia ser monitorado por precaução.","""Camera 97"", data e hora.","**Não**, o comportamento não aparenta risco imediato, mas poderia ser monitorado se o contexto não for claro.",camera_analyzer_prompt_external_street,False,False
event_20250408_154828_0ef99938,9,motion_detected/event_20250408_154828_0ef99938/0000_stand_20250408_154828_frame.jpg,stand,2025-04-08 15:48:28,"Ambiente interno de loja ou conveniência. Iluminação artificial, provavelmente noturna.","Aproximadamente uma pessoa visível tentando abrir uma porta, possivelmente forçando-a.","Indivíduo tentando abrir ou forçar a porta, comportamento pode indicar tentativa de invasão fora do horário normal.","""CAM 3"" e data/hora visível no vídeo.","**Sim**, comportamento potencialmente de invasão ou entrada não autorizada.",camera_analyzer_prompt_external_street,False,True
event_20250402_135631_93a32206,11,motion_detected/event_20250402_135631_93a32206/0001_6895_20250219_153816_frame_20250402_135623_000080.jpg,6895,2025-02-19 15:38:16,Estacionamento interno com iluminação diurna.,Um carro se movendo para fora da área.,Nenhum comportamento de risco observado; apenas o veículo saindo.,"Data e hora no canto superior esquerdo, ""Camera 13"" no canto inferior direito.","**Não**, movimento normal de veículo saindo do estacionamento.",camera_analyzer_prompt_external_street,False,False
event_20250403_115050_7683df45,19,motion_detected/event_20250403_115050_7683df45/0001_16312_20250307_134155_frame_20250403_115049_000017.jpg,16312,2025-03-07 13:41:55,"Ambiente interno, iluminado durante o dia, típico de um escritório.",Aproximadamente 1 a 2 pessoas detectadas em diversos momentos.,"A movimentação observada não demonstra atos suspeitos. As ações das pessoas parecem rotineiras para um ambiente de escritório, como movimentar-se entre mesas.","""Escritório"", data e hora da gravação estão visíveis.","**Não**, ações das pessoas são consistentes com atividades normais de escritório, sem indicação de comportamento de risco.",camera_analyzer_prompt_external_street,False,False
event_20250403_092133_a41a7e4e,15,motion_detected/event_20250403_092133_a41a7e4e/0001_55406_20250302_230353_frame_20250403_092127_000111.jpg,55406,2025-03-02 23:03:53,"Ambiente externo durante a noite. A iluminação é boa, com luzes de rua visíveis. A cena está localizada em uma rua residencial com visão de uma calçada e um portão de entrada.","Aproximadamente três carros visíveis nos frames iniciais, e até três pessoas se movendo ao longo dos frames. Não há indícios de ações suspeitas como olhar repetido para a propriedade ou tentativa de manipular entradas.","Não há comportamentos visíveis associados a risco. As pessoas e veículos parecem estar em trânsito normal, sem ações que indiquem intenção suspeita.",Camera 01.,"**Não**, não há sinais objetivos de risco ou comportamentos suspeitos observáveis na sequência de imagens.",camera_analyzer_prompt_external_street,False,False
event_20250403_092148_f7aec939,20,motion_detected/event_20250403_092148_f7aec939/0001_55406_20250302_230353_frame_20250403_092148_000132.jpg,55406,2025-03-02 23:03:53,"Ambiente externo, noturno, bem iluminado. Localização em uma rua residencial com fachada de prédio e portão de entrada visíveis.","- Uma pessoa em uma bicicleta, outro pedestre e vários carros passando pela rua.
  - Nenhum comportamento visualmente suspeito observado como tentativa de forçar entrada ou observação excessiva do imóvel.",Nenhum comportamento de risco identificado.,Câmera 01,"**Não**, não há sinais de comportamento suspeito ou ameaça aparente na sequência.",camera_analyzer_prompt_external_street,False,False
event_20250410_145303_bf28867c,25,motion_detected/event_20250410_145303_bf28867c/0000_robbery_20250410_145303_frame.jpg,robbery,2025-04-10 14:53:03,"Área externa durante o dia, cena bem iluminada. Local é um estacionamento frontal com um carro-forte presente.","Presença de um carro-forte, várias motocicletas estacionadas, uma caminhonete e algumas pessoas próximas e em movimento.","Pessoas em movimento rápido ao redor do carro-forte, uma pessoa parece cair ao chão, indicando possível situação de risco ou emergência. A caminhonete entra em cena rapidamente e para de forma abrupta.","Texto visível no carro-forte: ""PRESERVE"".","**Sim**, devido ao comportamento agitado e abrupto das pessoas e veículos, com indícios de potencial situação de emergência em torno do carro-forte.",camera_analyzer_prompt_external_street,True,True
event_20250408_154826_f4c9cc24,3,motion_detected/event_20250408_154826_f4c9cc24/0000_kick_20250408_154826_frame.jpg,kick,2025-04-08 15:48:26,"Cena externa à noite, com iluminação de rua. O local parece ser uma rua ou calçada em uma área urbana.","Aproximadamente cinco pessoas são visíveis, algumas no chão e outras em pé. Não há veículos visíveis nas imagens.","As imagens mostram várias pessoas no chão e algumas em pé próximas, sugerindo uma possível altercação ou situação de confronto.","Legenda ""MANCHESTER PLACE"" e marca ""CCTVX"" visível.","**Sim**, a situação parece ser de confronto físico, o que representa um risco à segurança.",camera_analyzer_prompt_external_street,True,True
event_20250403_091558_f5332a23,14,motion_detected/event_20250403_091558_f5332a23/0001_55408_20250302_230353_frame_20250403_091558_000102.jpg,55408,2025-03-02 23:03:53,"Ambientes externos à noite, com iluminação urbana. A cena acontece em uma rua residencial com um portão visível em primeiro plano.",A sequência mostra aproximadamente dois veículos passando pela rua. Não há presença de pessoas visíveis nas imagens.,Não há sinais óbvios de comportamento suspeito. Os veículos passam pela rua sem aparentar reduzir a velocidade ou parar.,"Há marca d'água indicando ""Camera 03"" no canto inferior direito.","**Não**, não foram observados comportamentos suspeitos ou sinais de risco nas imagens analisadas.",camera_analyzer_prompt_external_street,False,False
event_20250408_154828_da5febad,4,motion_detected/event_20250408_154828_da5febad/0000_run_20250408_154828_frame.jpg,run,2025-04-08 15:48:28,"Ambiente interno com vista para área externa privada, provavelmente um pátio ou garagem. Está à noite com iluminação artificial.",Três pessoas são vistas caminhando na área. Um carro estacionado é visível.,Não há comportamentos visivelmente suspeitos ou sinais claros de risco. As pessoas parecem apenas caminhar pela área.,"""VIKATAN TV"" no canto inferior direito.","**Não**, pois não há evidências de comportamento suspeito ou risco aparente.",camera_analyzer_prompt_external_street,True,False
event_20250410_145303_c7079205,9,motion_detected/event_20250410_145303_c7079205/0000_robbery_20250410_145303_frame.jpg,robbery,2025-04-10 14:53:03,"Ambiente interno residencial, iluminação noturna (visão noturna em uso), sala de estar.",Aproximadamente três pessoas visíveis; uma delas está sentada com as mãos levantadas enquanto outras pessoas ao redor parecem interagir de forma agressiva.,"Movimentação suspeita, pessoa sentada em postura defensiva (mãos levantadas), indica potencial situação de coação ou roubo.","#JornalDaRecord, data e hora no canto superior direito.","**Sim**, devido ao comportamento defensivo da pessoa sentada e a proximidade agressiva dos outros, sugere alto risco de segurança.",camera_analyzer_prompt_external_street,True,True
event_20250403_113741_80c81944,146,motion_detected/event_20250403_113741_80c81944/0001_7645_20250307_134155_frame_20250403_113736_000011.jpg,7645,2025-03-07 13:41:55,"A câmera está em um ambiente interno com vista para uma área externa privada, provavelmente um quintal ou entrada lateral. É dia, com iluminação solar intensa.",Nenhuma pessoa ou veículo é visível nas imagens.,"Não há presença de pessoas, nem sinais de comportamentos de risco como tentativas de abrir portões ou movimentação suspeita.","Intelbras, Portao entrada.","**Não**, nenhuma atividade suspeita detectada.",camera_analyzer_prompt_external_street,False,False
event_20250410_145302_1206a091,22,motion_detected/event_20250410_145302_1206a091/0000_robbery_20250410_145302_frame.jpg,robbery,2025-04-10 14:53:02,Consultório odontológico interno com boa iluminação; parece ser durante o dia.,"Cerca de cinco pessoas no local. Duas delas estão próximas à cadeira do paciente, enquanto outras estão na porta. Todos parecem preocupados, e uma pessoa em particular parece estar saindo rapidamente da cadeira odontológica.","Ações sugerem um certo nível de pânico ou confusão, possivelmente um assalto. Uma pessoa levanta rapidamente da cadeira odontológica, e outras estão próximas à entrada, observando.","#sbtnews, Ceilândia, DF, 11/11/2021 10:28.","**Sim**, devido ao comportamento suspeito e a presença de várias pessoas em uma situação de aparente preocupação ou pânico dentro de um consultório odontológico.",camera_analyzer_prompt_external_street,True,True
event_20250408_154826_2c927806,4,motion_detected/event_20250408_154826_2c927806/0000_kick_20250408_154826_frame.jpg,kick,2025-04-08 15:48:26,"Ambiente externo, iluminação noturna com auxílio de luzes de prédios, calçada em frente a um estabelecimento.","Aproximadamente quatro pessoas visíveis, sem veículos nas proximidades. Pessoas se aproximam e observam um prédio.",Permanência em frente ao imóvel e possível tentativa de entrar no local; a ação pode ser suspeita devido à observação próxima da entrada.,"CCTV, data e hora visíveis.","**Sim**, presença prolongada e interação com a entrada em horário noturno, podendo indicar comportamento suspeito.",camera_analyzer_prompt_external_street,True,True
event_20250410_145304_6ba77bed,1,motion_detected/event_20250410_145304_6ba77bed/0000_break-in_20250410_145304_frame.jpg,break-in,2025-04-10 14:53:04,Ambiente interno com iluminação diurna. A imagem mostra uma recepção de clínica ou escritório.,Três pessoas presentes na área interna próxima à saída. Parecem estar interagindo.,"Presença de pessoas dentro de um ambiente fechado, sem comportamentos visivelmente suspeitos. Uma pessoa se aproxima da porta de saída.",#PRIMEIROJORNAL,"**Não**, pessoas presentes em ambiente esperado sem ações suspeitas aparentes.",camera_analyzer_prompt_external_street,True,False
event_20250402_134602_e110db14,16,motion_detected/event_20250402_134602_e110db14/0001_6884_20250219_153904_frame_20250402_134602_000020.jpg,6884,2025-02-19 15:39:04,"- Ambiente externo nas primeiras imagens, com cenas internas de um elevador nas subsequentes.
  - Cena durante o dia, boa iluminação natural nas imagens externas.
  - Local da cena: rua residencial, calçada, e dentro de um elevador.","- Inicialmente, duas pessoas caminhando na calçada. Depois, uma pessoa vista dentro de um elevador.","- Nenhum comportamento suspeito visível nas imagens. Pessoas caminham normalmente na calçada.
  - Dentro do elevador, a pessoa não demonstra comportamento incomum.","""Câmera 96"" visível nas imagens.","**Não**, nenhum comportamento ou ação associada a risco foi observada.",camera_analyzer_prompt_external_street,False,False
event_20250408_154829_f8cfe6ef,4,motion_detected/event_20250408_154829_f8cfe6ef/0000_struggle_20250408_154829_frame.jpg,struggle,2025-04-08 15:48:29,"Ambiente interno, possivelmente uma sala de reuniões durante o dia, com boa iluminação.","Aproximadamente sete pessoas estão presentes. Algumas pessoas estão em pé ao redor de uma mesa, enquanto outras parecem estar envolvidas em uma interação no canto da sala.","A interação no canto da sala pode sugerir uma situação de atenção, mas os detalhes não são claros o suficiente para identificar um comportamento de risco explícito.",Nenhum,"**Não**, não há evidências claras de comportamento de risco ou agressivo nas imagens.",camera_analyzer_prompt_external_street,True,False
event_20250403_103119_7b8360f5,6,motion_detected/event_20250403_103119_7b8360f5/0001_17205_20250307_002852_frame_20250403_103119_000110.jpg,17205,2025-03-07 00:28:52,"Área externa à noite, com iluminação artificial. Local aparenta ser um espaço de armazenagem ou área de serviço.",Aproximadamente uma pessoa visível nas imagens. Não há veículos detectados.,A pessoa não parece estar realizando ações suspeitas. Nenhum comportamento de risco evidente.,"""Intelbras"", ""L.D. Fundos""","**Não**, nenhuma atividade suspeita observada.",camera_analyzer_prompt_external_street,False,False
event_20250408_154828_26a4cad8,7,motion_detected/event_20250408_154828_26a4cad8/0000_throw_20250408_154828_frame.jpg,throw,2025-04-08 15:48:28,"Ambiente externo à noite, iluminação de segurança presente. Local parece ser uma área próxima a uma rua ou fachada com alguma movimentação social.","Aproximadamente duas pessoas em foco imediato, com outras ao fundo. Nenhum veículo visível diretamente interagindo com a cena principal.","As pessoas identificadas parecem estar em movimento rápido, possivelmente indicando uma situação de conflito ou tentativa de evasão. A postura e a dinâmica podem sugerir uma situação de agitação ou confronto.","Presença de texto ""Camera 09"" e data/hora na parte superior do vídeo.","**Sim**, dada a movimentação rápida e possivelmente agressiva das pessoas, sugerindo uma situação de risco potencial ou de emergência em andamento.",camera_analyzer_prompt_external_street,True,True
event_20250410_145303_b6a2f2cd,9,motion_detected/event_20250410_145303_b6a2f2cd/0000_robbery_20250410_145303_frame.jpg,robbery,2025-04-10 14:53:03,"Ambiente interno, iluminação noturna por câmera de segurança, aparentemente um corredor ou depósito com armários.","Duas pessoas, uma delas mexendo nos armários, aparentam estar em busca de objetos de valor.","Forçam armários, retirando objetos de maneira acelerada, possível intenção de furto.",#JornalDaRecord,"**Sim**, comportamentos indicam tentativa de furto.",camera_analyzer_prompt_external_street,True,True
event_20250403_101212_7acf6727,11,motion_detected/event_20250403_101212_7acf6727/0001_17201_20250307_002851_frame_20250403_101212_000064.jpg,17201,2025-03-07 00:28:51,"Ambiente externo à noite com iluminação artificial. Local parece ser a entrada de uma propriedade, na calçada ou estacionamento frontal.",Presença de um carro que passa ao longo da rua.,"O carro passa e não parece realizar ações suspeitas, como parar ou reduzir a velocidade de forma suspeita.","""Frente,L,E"" e a marca d'água na parte superior.","**Não**, não há sinais objetivos de comportamento de risco observado nas imagens.",camera_analyzer_prompt_external_street,False,False
event_20250410_145301_0031b418,31,motion_detected/event_20250410_145301_0031b418/0000_burglary_20250410_145301_frame.jpg,burglary,2025-04-10 14:53:01,"Ambiente externo privado, à noite com iluminação de segurança. A área é um alpendre de casa com vista para um jardim.","Uma pessoa visível em repetidas imagens, interagindo com uma janela.","A pessoa parece estar tentando abrir a janela ou removendo itens através dela, o que sugere uma ação potencialmente suspeita ou de delito.","Intelbras, GAZ.","**Sim**, a atividade sugere possível tentativa de invasão ou furto, com manipulação da janela de forma suspeita.",camera_analyzer_prompt_external_street,True,True
event_20250402_152957_dcbadaac,6,motion_detected/event_20250402_152957_dcbadaac/0001_10785_20250228_101013_frame_20250402_152957_000010.jpg,10785,2025-02-28 10:10:13,Sem informação devido à falta de vídeo.,Não identificado.,Não identificado.,"""NO VIDEO""","**Não**, não há dados disponíveis para análise.",camera_analyzer_prompt_external_street,False,False
event_20250402_152728_27cf3018,7,motion_detected/event_20250402_152728_27cf3018/0001_10784_20250228_101013_frame_20250402_152728_000022.jpg,10784,2025-02-28 10:10:13,Área interna com vista para um corredor lateral. Iluminação artificial. Área interna de um prédio ou casa próxima a uma saída.,"Uma pessoa visível nas imagens iniciais, próxima à saída. A pessoa interage com a parede ou porta, aparenta estar saindo de dentro para fora.",Nenhum comportamento suspeito observado. A pessoa apenas parece estar saindo do local.,"Visível data e hora, ""Camera 15"".","**Não**, a ação observada parece ser rotineira e não indica risco.",camera_analyzer_prompt_external_street,False,False
event_20250408_154827_b5baa4eb,3,motion_detected/event_20250408_154827_b5baa4eb/0000_sit_20250408_154827_frame.jpg,sit,2025-04-08 15:48:27,"Ambiente interno, provavelmente uma sala de espera. A iluminação parece ser artificial, indicando que pode ser dia ou noite.","Aproximadamente 13 pessoas estão presentes. Algumas estão sentadas, outras em pé. As pessoas em pé parecem estar interagindo ou conversando com as sentadas.","Não há sinais aparentes de comportamento de risco, como agressão ou manipulação suspeita de objetos.",Nenhum,"**Não**, não há comportamentos ou ações que indiquem risco à segurança.",camera_analyzer_prompt_external_street,True,False
event_20250403_091718_718f1e23,16,motion_detected/event_20250403_091718_718f1e23/0001_55407_20250302_230353_frame_20250403_091718_000024.jpg,55407,2025-03-02 23:03:53,Ambiente interno com vista para área externa privada; período noturno com iluminação urbana; área visualizada parece ser a entrada de um pátio ou jardim com portão frontal.,"Inicialmente, não há pessoas. Posteriormente, uma pessoa é detectada próxima ao portão.",A pessoa parece estar caminhando na calçada e se aproxima do portão. Não há indicação de tentativa de acesso à propriedade.,"""Camera 02"", ""03-02-2025"", ""Mon"", ""29:03:xx"" (tempo), e código de data e hora.","**Não**, pois a pessoa apenas passa pelo local sem demonstrar comportamento suspeito ou tentativa de acesso.",camera_analyzer_prompt_external_street,False,False
event_20250402_135601_2503371e,12,motion_detected/event_20250402_135601_2503371e/0001_6895_20250219_153816_frame_20250402_135601_000059.jpg,6895,2025-02-19 15:38:16,"Ambiente interno semelhante a uma garagem ou estacionamento, com vista para uma área externa. A iluminação indica que é dia, e a área visualizada parece ser um local de passagem ou acesso restrito.","Uma pessoa foi vista nas imagens iniciais, se movendo próximo a uma grade, mas depois não apareceu mais nos frames seguintes.","A pessoa foi vista próxima a uma porta com grade, mas não há indicação clara de tentativas de invasão ou ações suspeitas nas imagens disponíveis.","Data e hora visíveis, câmera 13.","**Não**, não há evidências suficientes de comportamento arriscado ou suspeito nos frames disponíveis.",camera_analyzer_prompt_external_street,False,False
event_20250410_145301_bd360024,26,motion_detected/event_20250410_145301_bd360024/0000_car-break-in_20250410_145301_frame.jpg,car-break-in,2025-04-10 14:53:01,"Garagem interna, iluminação boa, visível à noite.","Uma pessoa, várias ações em direção a um veículo SUV.","Indivíduo tentando abrir o veículo de forma suspeita, possivelmente com intenção de furto, segurando um objeto vermelho removido do carro.","""Channel6"" e ""385K/s 2023-03-18 04:04:03"" visíveis.","**Sim**, comportamento claramente suspeito e indicativo de tentativa de arrombamento ou furto de veículo.",camera_analyzer_prompt_external_street,True,True
event_20250402_142408_54015820,11,motion_detected/event_20250402_142408_54015820/0001_6884_20250219_153816_frame_20250402_142408_000019.jpg,6884,2025-02-19 15:38:16,"- Ambiente externo, dia, iluminado.
  - Localização: Rua residencial.","- Aproximadamente duas pessoas visíveis.
  - Um carro estacionado.","- Indivíduos caminham normalmente pela calçada.
  - Não há sinais de comportamento suspeito (como tentar abrir portões ou olhar fixamente para a propriedade).","- ""Camera 02""","- **Não**, não há justificativa para risco baseado nas ações observadas.",camera_analyzer_prompt_external_street,False,False
event_20250408_154826_3040ec46,7,motion_detected/event_20250408_154826_3040ec46/0000_kick_20250408_154826_frame.jpg,kick,2025-04-08 15:48:26,"Cena externa durante o dia, com boa iluminação. Localizado próximo à entrada de um imóvel, possivelmente uma varanda ou calçada.","Duas pessoas são visíveis. Uma delas está próxima à porta, enquanto a outra está mais distante, próximo à calçada.","A pessoa mais próxima da porta parece estar engajando em ações que podem sugerir tentativa de entrada, como movimentos repetidos em direção à porta. A outra pessoa observa de uma distância segura, o que pode indicar um comportamento coordenado.","Presença de texto na imagem (""Copyright"").","**Sim**, o comportamento da pessoa mais próxima à porta é suspeito, aliado ao fato de haver uma segunda pessoa observando a uma distância que sugere coordenação.",camera_analyzer_prompt_external_street,True,True
event_20250408_154829_ce92d2ad,4,motion_detected/event_20250408_154829_ce92d2ad/0000_sneak_20250408_154829_frame.jpg,sneak,2025-04-08 15:48:29,Cena externa em um posto de gasolina durante a noite; iluminação artificial presente.,"- Vários carros estacionados próximos à loja.
  - Um carro está com a porta aberta, e uma pessoa está perto dele, parecendo estar agachada.
  - Outra pessoa está próxima à loja, movendo-se em direção à entrada.","- Veículo com a porta aberta e uma pessoa agachada pode indicar tentativa de furto ou manipulação de veículos.
  - Movimentação rápida de uma pessoa em direção à entrada pode ser suspeita.","CAM 11, data visível 2018-09-12.","**Sim**, existem comportamentos suspeitos como a presença da pessoa agachada próxima ao veículo com a porta aberta e movimentação rápida de outra pessoa, o que pode indicar atividades ilícitas ou preparações para tal.",camera_analyzer_prompt_external_street,True,True
event_20250410_145303_905c170e,10,motion_detected/event_20250410_145303_905c170e/0000_robbery_20250410_145303_frame.jpg,robbery,2025-04-10 14:53:03,"Ambiente interno, iluminação de loja, tipo do local é um comércio (mercado).","Aproximadamente 8 pessoas presentes. Notam-se duas pessoas com capuzes na área do caixa, uma delas atingindo a registradora. Ambientes com clientes e funcionários visíveis.","Pessoas com capuzes realizando ações que indicam roubo, como gestos agressivos e forçando a abertura do caixa. Clientes e funcionários parecem estar sob pressão ou intimidados.","Existem marcas d'água no canto superior direito e esquerdo indicando data, hora e possivelmente o nome da loja.","**Sim**, ações claras de roubo em andamento, presença de múltiplos indivíduos com comportamento suspeito, capuzes cobrindo rostos e possível intimidação.",camera_analyzer_prompt_external_street,True,True
event_20250403_115742_98c6dcb5,23,motion_detected/event_20250403_115742_98c6dcb5/0001_7639_20250307_134155_frame_20250403_115726_000099.jpg,7639,2025-03-07 13:41:55,"Ambiente externo durante o dia, com boa iluminação. A cena ocorre em uma rua residencial com calçada e veículos estacionados.","Aproximadamente dois a três carros visíveis em diferentes momentos, estacionados ou em movimento. Em uma parte da sequência, uma motocicleta pode ser vista passando pela rua.","Não há comportamentos claramente suspeitos ou associados a risco identificados. Os carros estão apenas passando ou estacionados, sem permanência prolongada ou ações suspeitas. A motocicleta apenas passa pela rua sem reduzir a velocidade ou parar.","Presença de um rótulo ""Intelbras"" e a data/hora no canto superior.","**Não**, não há justificativa para classificar a cena como de risco. Não foram observados comportamentos suspeitos.",camera_analyzer_prompt_external_street,False,False
event_20250403_111740_d2e012b2,7,motion_detected/event_20250403_111740_d2e012b2/0001_6990_20250307_101724_frame_20250403_111736_000127.jpg,6990,2025-03-07 10:17:24,"Ambiente interno, bem iluminado, similar a uma sala de espera ou recepção.",Aproximadamente duas pessoas estão visíveis em algumas imagens.,"Nenhum comportamento de risco notado. As pessoas parecem estar interagindo de maneira normal, sem sinais de ações suspeitas ou apressadas.","""Cam02_07""","**Não**, não há atividade suspeita ou risco aparente na cena observada.",camera_analyzer_prompt_external_street,False,False
event_20250408_154829_a5034a90,3,motion_detected/event_20250408_154829_a5034a90/0000_run_20250408_154829_frame.jpg,run,2025-04-08 15:48:29,"Ambiente externo, durante o dia, em uma rua residencial.",Três pessoas próximas a um carro branco estacionado na rua.,As pessoas parecem estar correndo e olhando continuamente em direção ao veículo.,"""NC"", ""news24 video""","**Sim**, pela presença de pessoas correndo e observando um veículo, o que pode indicar situação de risco.",camera_analyzer_prompt_external_street,True,True
event_20250402_173700_99de4379,6,motion_detected/event_20250402_173700_99de4379/0001_53862_20250301_082830_frame_20250402_173659_000073.jpg,53862,2025-03-01 08:28:30,"Ambiente interno com visão para um corredor lateral externo. A iluminação parece ser noturna, com pouca luz ambiente.",Nenhuma pessoa ou veículo visível nas imagens.,"Nenhum comportamento de risco observado, pois não há movimentação ou presença de pessoas na área.","Hora/Data e ""Camera 04"" visíveis.","**Não**, nenhum risco aparente devido à ausência de pessoas ou atividades suspeitas.",camera_analyzer_prompt_external_street,False,False
event_20250402_140508_b3297f10,7,motion_detected/event_20250402_140508_b3297f10/0001_6896_20250219_153816_frame_20250402_140502_000093.jpg,6896,2025-02-19 15:38:16,"Ambiente interno, com vista para uma garagem ou área de estacionamento. Iluminação diurna com presença de luz natural.",Nenhuma pessoa ou veículo presente nas imagens.,Nenhum comportamento de risco aparente observado. O portão está fechado e não há tentativas de acesso visíveis.,"""Camera 14""","**Não**, nenhuma atividade suspeita ou comportamento que indique risco foi detectado.",camera_analyzer_prompt_external_street,False,False
event_20250403_102756_6e6690ad,6,motion_detected/event_20250403_102756_6e6690ad/0001_17204_20250307_002852_frame_20250403_102756_000065.jpg,17204,2025-03-07 00:28:52,"Ambiente externo, à noite. Iluminação parece ser fornecida por luz artificial, possivelmente uma câmera de segurança com visão noturna. A cena se passa em uma área de calçada próxima a uma rua.",Não há pessoas ou veículos visíveis nas imagens além de um hidrante detectado em uma das imagens.,"Nenhum comportamento de risco identificado, pois não há presença de pessoas ou veículos exibindo comportamentos suspeitos.","""FRENTE L.D"" e marca d'água ""Intelbras"" visíveis.","**Não**, não há sinais objetivos de risco nas imagens apresentadas.",camera_analyzer_prompt_external_street,False,False
event_20250408_154827_5840dcfb,4,motion_detected/event_20250408_154827_5840dcfb/0000_sit_20250408_154827_frame.jpg,sit,2025-04-08 15:48:27,"Ambiente interno com um cofre ou armário na parede. Boa iluminação, provavelmente durante o dia. Parece ser uma pequena sala de segurança ou área de acesso restrito.","Três pessoas presentes. Um indivíduo em pé inicialmente, outro sentado em uma cadeira, e o terceiro agachado no final da sequência.","- O indivíduo em pé parece estar intimidando ou ameaçando o outro que está sentado.
  - O terceiro indivíduo se afasta posteriormente e um dos outros parece assustado ou intimidado.
  - Ações mostram tensão e possível coação.",Nenhum,"**Sim**, possível situação de ameaça ou coação entre os indivíduos, levantando preocupação sobre segurança pessoal.",camera_analyzer_prompt_external_street,True,True
event_20250410_145302_bc2a40d7,10,motion_detected/event_20250410_145302_bc2a40d7/0000_robbery_20250410_145302_frame.jpg,robbery,2025-04-10 14:53:02,"Ambiente externo durante o dia. A cena se passa em frente ao portão de uma propriedade, junto à calçada de uma rua residencial.","- Uma pessoa foi detectada próxima ao portão.
  - Presença de um veículo parado próximo ao portão.","- A pessoa está próxima ao portão e interage com ele.
  - Não há sinais claros de tentativa de forçar a entrada, mas a proximidade ao portão pode indicar vigilância ou intenção de abrir o portão.","Texto visível na imagem identificável: ""SPAGORA""","**Sim**, devido à aproximação ao portão sem ação clara de entrada e a presença de veículo parado.",camera_analyzer_prompt_external_street,True,True
event_20250410_145302_678f96dc,0,,,,N/A,N/A,N/A,N/A,N/A,camera_analyzer_prompt_external_street,False,False
event_20250410_145304_5df71c7c,11,motion_detected/event_20250410_145304_5df71c7c/0000_break-in_20250410_145304_frame.jpg,break-in,2025-04-10 14:53:04,"Ambiente externo à noite, com iluminação artificial na rua. A cena se passa em frente a um estabelecimento comercial com a fachada visível.",Aproximadamente duas pessoas visíveis próximas à entrada do estabelecimento.,"As pessoas presentes estão próximas à entrada, possivelmente manipulando a entrada do estabelecimento, permanecem paradas e direcionadas à mesma área por um período prolongado.","""Elétrico e Hidráulico"" com número de telefone visível.","**Sim**, comportamento das pessoas é suspeito devido à concentração prolongada e aparente tentativa de manipulação na entrada do estabelecimento à noite.",camera_analyzer_prompt_external_street,True,True
event_20250410_145302_ce327081,10,motion_detected/event_20250410_145302_ce327081/0000_robbery_20250410_145302_frame.jpg,robbery,2025-04-10 14:53:02,"Ambiente interno com vista para uma área externa privada, como um estacionamento. Iluminação artificial, indicando que é provável que seja noite.","Há várias pessoas no local, algumas próximas a mesas, outras se movimentando rapidamente. Há dois carros visíveis estacionados.","Pessoas levantando rapidamente de suas cadeiras e algumas correndo, possivelmente em fuga ou conflito. Indica comportamento de risco claro.",Marcação de data e hora no canto superior esquerdo.,"**Sim**, devido ao movimento repentino das pessoas, que pode indicar uma ameaça ou situação perigosa.",camera_analyzer_prompt_external_street,True,True
event_20250403_091449_291c9e77,10,motion_detected/event_20250403_091449_291c9e77/0001_55408_20250302_230353_frame_20250403_091449_000034.jpg,55408,2025-03-02 23:03:53,"Ambiente interno com vista para área externa privada. As imagens são noturnas, bem iluminadas por luz artificial. A área visualizada parece ser uma entrada com cobertura, dando acesso à rua através de um portão.",Não há pessoas visíveis. Apenas um carro em movimento na rua ao fundo.,Nenhum comportamento de risco visível. O carro na rua não interage com a área monitorada.,"""Camera 03"", ""03-02-2025 Mon 23:08:22""","**Não**, não há ações suspeitas ou atividades de risco observadas.",camera_analyzer_prompt_external_street,False,False
event_20250402_150013_48010d5c,11,motion_detected/event_20250402_150013_48010d5c/0001_8986_20250221_093219_frame_20250402_150013_000010.jpg,8986,2025-02-21 09:32:19,- Ambiente interno (imagens 1-5) com pouca iluminação; parece um depósito ou garagem. Mudança para externo (imagens 6-11) com boa iluminação natural. Tipo do local varia entre armazenamento interno e pátio externo.,- Nenhuma pessoa ou veículo detectado em ambas as sequências de imagens.,- Não há comportamentos de risco visíveis. As câmeras apresentam reinicialização (imagens 3-4 mostram tela de reinício).,"- Imagens 1-5 apresentam texto de versão de hardware/software; ""HIKVISION"" em imagem 4. Imagens 6-11 não possuem texto adicional além da data/hora e indicação de câmera.","- **Não**, a ausência de pessoas ou atividades indica nenhum risco aparente no momento.",camera_analyzer_prompt_external_street,False,False
event_20250402_140749_066ae6aa,17,motion_detected/event_20250402_140749_066ae6aa/0001_6883_20250219_153816_frame_20250402_140749_000048.jpg,6883,2025-02-19 15:38:16,"Rua residencial, durante o dia, com boa iluminação.","- Um carro branco com um ocupante que sai do veículo e reentra após um curto período.
  - Uma bicicleta passa pela rua.",Sem sinais objetivos de risco.,"Data e hora visíveis no canto superior esquerdo, ""Camera 01"" no canto inferior direito.","**Não**, o comportamento observado não sugere risco.",camera_analyzer_prompt_external_street,False,False
event_20250402_173805_511a00be,6,motion_detected/event_20250402_173805_511a00be/0001_53862_20250301_082830_frame_20250402_173801_000133.jpg,53862,2025-03-01 08:28:30,"Ambiente interno com vista para um corredor lateral. É noite, com iluminação artificial suficiente para visibilidade.",Nenhuma pessoa detectada.,"Nenhum comportamento suspeito visível, nenhuma interação ou presença incomum observada.","""Camera 04"" e data/hora visíveis na imagem.","**Não**, nenhuma atividade ou presença suspeita detectada nas imagens.",camera_analyzer_prompt_external_street,False,False
event_20250402_150548_d33720ea,9,motion_detected/event_20250402_150548_d33720ea/0001_40425_20250221_185342_frame_20250402_150548_000004.jpg,40425,2025-02-21 18:53:42,"Ambiente interno com vista para uma área externa privada. A imagem foi capturada durante o dia, com boa iluminação. A área visualizada parece ser um quintal ou corredor lateral com escadas.","Uma pessoa foi detectada na primeira imagem. Nas imagens seguintes, não há pessoas visíveis.",A presença de uma pessoa próxima às escadas em uma área que parece ser privada pode indicar um risco se essa presença for incomum para o local ou horário.,"Camera 04, data e hora no canto superior esquerdo.","**Sim**, a avaliação de risco é média. A presença de uma pessoa em uma área que pode ser restrita ou privada pode ser um comportamento suspeito, dependendo do contexto local.",camera_analyzer_prompt_external_street,False,True
event_20250410_145304_ec9c81a1,11,motion_detected/event_20250410_145304_ec9c81a1/0000_climbing-wall_20250410_145304_frame.jpg,climbing-wall,2025-04-10 14:53:04,"Ambiente externo, noturno com iluminação adequada, portão de entrada de prédio residencial.","Vários veículos estacionados, uma motocicleta na rua. Duas pessoas na calçada próximas ao portão.",A motocicleta aparece parada próximo ao portão com pessoas aparentemente aguardando. Não há ações agressivas ou tentativas de acesso ao imóvel visíveis. A cena não indica comportamento direto de risco além da presença prolongada.,"""Intelbras"" visível.","**Não**, os comportamentos detectados não apresentam sinais diretos de risco imediato, mas a presença e movimentação da motocicleta merecem atenção.",camera_analyzer_prompt_external_street,True,False
event_20250408_154828_93f6f29a,2,motion_detected/event_20250408_154828_93f6f29a/0000_gun_20250408_154828_frame.jpg,gun,2025-04-08 15:48:28,"Área de recepção interna, iluminação suficiente para visibilidade.",Três pessoas visíveis; duas na área de recepção e uma atrás do balcão.,"Uma pessoa está conforme a detecção aponta, em posição ameaçadora, possivelmente simulando estar armada e confrontando as outras pessoas, que exibem sinais de rendição.",Nenhum.,"**Sim**, devido à presença de um comportamento ameaçador, possivelmente simulando uso de arma.",camera_analyzer_prompt_external_street,True,True
event_20250403_091655_aab5dcac,13,motion_detected/event_20250403_091655_aab5dcac/0001_55407_20250302_230353_frame_20250403_091655_000002.jpg,55407,2025-03-02 23:03:53,"Ambiente externo à noite, iluminação pública presente. Cena em uma rua residencial com calçada e portão de entrada visíveis.","Presença de várias pessoas na calçada, uma pessoa andando em direção ao portão. Pelo menos um carro passando na rua em vários frames.","Não há comportamentos suspeitos visíveis, como tentativa de forçagem de entrada ou permanência prolongada em frente ao imóvel.","""Câmera 02"" e data/hora visíveis no canto superior.","**Não**, não há sinais de risco aparente baseados nas observações dos comportamentos.",camera_analyzer_prompt_external_street,False,False
event_20250410_145303_53f4d622,5,motion_detected/event_20250410_145303_53f4d622/0000_robbery_20250410_145303_frame.jpg,robbery,2025-04-10 14:53:03,"Ambiente interno, provavelmente uma sala ou escritório pequeno. Iluminação artificial evidenciada pelas sombras e claridade nos móveis.","Aproximadamente duas pessoas presentes, uma delas agachada próximo ao chão, outra manipulando algo na mesa.","Ações não claramente visíveis devido à posição das pessoas, mas a postura agachada e movimentação sugerem possível tentativa de abrir gavetas ou manipular objetos de forma disfarçada.",Brasília 21°C,"**Sim**, devido à postura e contexto de manipulação/abertura de gavetas que podem indicar comportamento suspeito em relação a segurança do local.",camera_analyzer_prompt_external_street,True,True
event_20250402_170453_c09018c0,12,motion_detected/event_20250402_170453_c09018c0/0001_4992_20250228_161321_frame_20250402_170453_000026.jpg,4992,2025-02-28 16:13:21,"Ambiente interno com vista para uma área externa privada, possivelmente um jardim ou quintal lateral. As imagens são captadas durante o dia com boa iluminação.",Nenhuma pessoa ou veículo visível nas imagens analisadas.,Nenhum comportamento suspeito ou sinal de risco visível nas imagens fornecidas.,Texto visível na parte superior indicando data e hora.,"**Não**, considerando que não há presença de pessoas nem comportamentos suspeitos nas imagens analisadas.",camera_analyzer_prompt_external_street,False,False
event_20250405_210823_c277677b,28,motion_detected/event_20250405_210823_c277677b/0001_videoplayback_frame_20250405_210822_000002.jpg,videoplayback,,"Dia claro, iluminação natural boa. Rua residencial com várias casas visíveis, carros estacionados nas calçadas.","Aproximadamente 10 carros, um caminhão e um pedestre. Um carro preto passa lentamente. Nada suspeito nos veículos estacionados. Uma pessoa sai de um carro, mas não apresenta comportamento suspeito.","Nenhum comportamento de risco observável, como permanência prolongada ou manipulação de entradas.",Nenhum,"**Não**, não foram observados comportamentos que indiquem risco à segurança.",camera_analyzer_prompt_external_street,True,False
event_20250408_154827_fa7d2be8,2,motion_detected/event_20250408_154827_fa7d2be8/0000_throw_20250408_154827_frame.jpg,throw,2025-04-08 15:48:27,"Ambiente externo privado visto por uma câmera interna, dia, iluminação clara, mostrando um quintal cercado.","Uma pessoa avistada no muro, aparentemente tentando subir ou descer.",A presença da pessoa no muro sugere movimentação não autorizada ou tentativa de invadir o espaço privado.,Cam 03,"**Sim**, a ação de escalar o muro é suspeita e representa um risco potencial.",camera_analyzer_prompt_external_street,True,True
event_20250408_154826_2a63d2a6,3,motion_detected/event_20250408_154826_2a63d2a6/0000_lying_down_20250408_154826_frame.jpg,lying,,"Ambiente externo durante o dia, com boa iluminação. Local é um estacionamento frontal.","Uma pessoa visível, deitada no chão ao lado de um carro azul com a porta aberta. Parece estar mexendo debaixo do veículo.","A posição da pessoa e a ação de se colocar debaixo do carro podem indicar manutenção ou reparo, mas não há sinais claros de atividade suspeita.","""FAIL ARMY""","**Não**, não há comportamentos objetivos associados a risco de segurança.",camera_analyzer_prompt_external_street,True,False
event_20250403_091957_b1140755,6,motion_detected/event_20250403_091957_b1140755/0001_55406_20250302_230353_frame_20250403_091957_000024.jpg,55406,2025-03-02 23:03:53,"Ambiente externo, à noite, com iluminação pública. Local na frente de um edifício residencial, incluindo rua e calçada.",- Aproximadamente 1 pessoa e 3 carros visíveis ao longo da sequência.,"- Uma pessoa é vista caminhando ao longo da calçada. Não há sinais claros de risco como olhar repetido para o imóvel ou tentativas de manipulação de portões.
  - Os veículos estão estacionados ou em movimento regular e não demonstram comportamentos suspeitos (como redução de velocidade visível ou repetição de passagem).","""Camera 01""","**Não**, os comportamentos observados não indicam risco significativo.",camera_analyzer_prompt_external_street,False,False
event_20250403_101142_7b6e80c2,8,motion_detected/event_20250403_101142_7b6e80c2/0001_17201_20250307_002851_frame_20250403_101142_000035.jpg,17201,2025-03-07 00:28:51,Ambiente externo durante a noite com iluminação baixa. A cena ocorre em uma rua residencial com calçada visível e portão à vista.,"Um veículo passa pela rua rapidamente, visível em apenas um dos frames.","Nenhum comportamento de risco foi observado, pois o veículo apenas trafega rapidamente pela rua sem sinais de hesitação ou observação.","Frente,L,E","**Não**, não há sinais objetivos de comportamento suspeito ou ameaça à segurança.",camera_analyzer_prompt_external_street,False,False
event_20250403_091629_66f321a3,8,motion_detected/event_20250403_091629_66f321a3/0001_55408_20250302_230353_frame_20250403_091629_000132.jpg,55408,2025-03-02 23:03:53,"Ambiente interno com vista para área externa privada. Aparente visão de um portão e a rua ao fundo. As imagens são noturnas, com iluminação adequada.",Não há pessoas visíveis. Apenas um veículo passa pela rua nos primeiros frames.,Nenhum comportamento suspeito observado. O veículo passa pela rua sem interação com a propriedade.,"Data e hora no canto superior esquerdo e ""Camera 03"" no canto inferior direito.","**Não**, não há ações suspeitas ou indícios de risco à segurança.",camera_analyzer_prompt_external_street,False,False
event_20250403_091507_668f82d1,30,motion_detected/event_20250403_091507_668f82d1/0001_55408_20250302_230353_frame_20250403_091505_000050.jpg,55408,2025-03-02 23:03:53,"Ambiente interno com vista para a área externa privada, câmeras apontadas para um portão e a rua em frente. A cena é à noite, com iluminação artificial das luzes externas.",Presença contínua de veículos visíveis na rua em frente à propriedade.,Nenhum comportamento suspeito observado próximo ao portão ou dentro da área monitorada.,"Datas e horas visíveis no canto superior esquerdo e a marca ""Camera 03"" no inferior direito.","**Não**, sem presença de pessoas ou ações suspeitas na área privada.",camera_analyzer_prompt_external_street,False,False
event_20250403_101234_154d0025,12,motion_detected/event_20250403_101234_154d0025/0001_17201_20250307_002851_frame_20250403_101234_000086.jpg,17201,2025-03-07 00:28:51,"Cena noturna em área externa, possivelmente uma rua em frente a uma residência ou propriedade. Iluminação artificial está presente.",Presença de um veículo semelhante a uma van que passa pela área rapidamente.,"Não há comportamentos suspeitos observados, como permanência prolongada ou movimentação incomum.","""Frente,L,E""","**Não**, o veículo apenas passa pela área sem apresentar comportamento suspeito.",camera_analyzer_prompt_external_street,False,False
event_20250408_154827_284d5dd6,6,motion_detected/event_20250408_154827_284d5dd6/0000_walk_20250408_154827_frame.jpg,walk,2025-04-08 15:48:27,"Ambiente externo, dia, iluminação clara. Local da cena é uma entrada de imóvel residencial ao lado da calçada.",Uma pessoa caminhando na calçada.,"Pessoa simplesmente passando, sem ações suspeitas ou sinais de risco.",Marca d'água visível no canto inferior esquerdo.,"**Não**, não há comportamentos suspeitos ou relevantes identificados.",camera_analyzer_prompt_external_street,True,False
event_20250403_110215_e1fda258,6,motion_detected/event_20250403_110215_e1fda258/0001_6984_20250307_101724_frame_20250403_110215_000004.jpg,6984,2025-03-07 10:17:24,"Cena externa durante o dia, com boa iluminação. A localização aparenta ser uma rua residencial ou comercial com calçada.","Uma pessoa visível sentada sob um guarda-sol, possivelmente em uma área de estacionamento ou entrada. Um carro branco passa na rua, mas não demonstra comportamento suspeito.","Não há comportamentos objetivos associados a risco. A pessoa sentada parece estar apenas aguardando ou descansando, e o carro passa sem reduzir a velocidade ou parar.","Data e hora visíveis e ""Camera: 01"".","**Não**, não há sinais de risco observáveis na cena.",camera_analyzer_prompt_external_street,False,False
event_20250410_145302_6b645c08,20,motion_detected/event_20250410_145302_6b645c08/0000_altercation_20250410_145302_frame.jpg,altercation,2025-04-10 14:53:02,"Ambiente externo, à noite, iluminação razoável, rua residencial.",Vários carros estacionados. Uma pessoa visível carregando um objeto longo. Outra pessoa presente mais tarde.,"- Pessoa caminhando pela rua segurando um objeto longo em direção a uma outra pessoa.
  - Certa interação agressiva perceptível entre as duas pessoas.
  - Há também uma motocicleta estacionada, mas sem movimento suspeito associado a ela.",intelbras,"**Sim**, devido à potencial altercação entre as duas pessoas, o que pode representar uma situação de risco.",camera_analyzer_prompt_external_street,True,True
event_20250403_114825_0411cb11,16,motion_detected/event_20250403_114825_0411cb11/0001_7640_20250307_134155_frame_20250403_114825_000030.jpg,7640,2025-03-07 13:41:55,"Ambiente externo com iluminação diurna. A cena ocorre em uma área estreita ao lado de um prédio, próxima a uma rampa.",Não há pessoas ou veículos visíveis nas imagens.,Nenhum comportamento de risco observável. Não há presença de pessoas ou veículos nas imagens analisadas.,"Intelbras, RAMPA, data e hora visíveis.","**Não**, não há indícios de comportamento suspeito ou risco na sequência analisada.",camera_analyzer_prompt_external_street,False,False
event_20250408_154828_a45f416a,4,motion_detected/event_20250408_154828_a45f416a/0000_run_20250408_154828_frame.jpg,run,2025-04-08 15:48:28,"Ambiente externo durante a noite, com iluminação artificial, parece uma área de estacionamento ou entrada frontal de um prédio.",Um carro e uma pessoa. A pessoa sai do veículo e se afasta do local.,"A pessoa sai do carro e se afasta, não aparenta comportamento suspeito imediato. Nenhuma tentativa de forçar entradas ou comportamento hesitante foi observado.","""Front Door"" e marca d'água com data e hora visíveis.","**Não**, não há sinais claros de comportamento suspeito ou risco imediato.",camera_analyzer_prompt_external_street,True,False
event_20250408_154830_8534a9f2,4,motion_detected/event_20250408_154830_8534a9f2/0000_sneak_20250408_154830_frame.jpg,sneak,2025-04-08 15:48:30,"Ambiente interno, iluminação noturna por infravermelho, parece ser uma sala de estar.","Duas pessoas visíveis, se deslocando de forma abaixada no ambiente.","Pessoas movendo-se furtivamente, aparentando evitar detecção, comportamento suspeito.",Nenhum.,"**Sim**, comportamento furtivo indica potencial risco à segurança.",camera_analyzer_prompt_external_street,True,True
event_20250408_154828_714f6d56,2,motion_detected/event_20250408_154828_714f6d56/0000_gun_20250408_154828_frame.jpg,gun,2025-04-08 15:48:28,"Ambiente interno, iluminação artificial, loja (possivelmente uma loja de conveniência).","Dois indivíduos visíveis. Um está vestido de forma casual, outro de capuz.",Nenhum comportamento de risco evidente capturado nesses frames.,Data e hora visíveis no canto inferior esquerdo.,"**Não**, sem sinais claros de ameaça ou comportamento suspeito nos frames fornecidos.",camera_analyzer_prompt_external_street,True,False
event_20250403_092010_6fe6424e,10,motion_detected/event_20250403_092010_6fe6424e/0001_55406_20250302_230353_frame_20250403_092005_000031.jpg,55406,2025-03-02 23:03:53,"Ambiente externo noturno com boa iluminação na rua. A cena ocorre em frente a um imóvel residencial, onde se vê um portão de entrada.",Aproximadamente duas pessoas e múltiplos carros presentes. Há pessoas caminhando pela calçada e veículos se movimentando de forma comum pela rua.,"Nenhum comportamento suspeito ou de risco evidente observado. As pessoas estão caminhando normalmente, e os veículos estão em trânsito regular.",Data e hora visíveis no canto superior esquerdo. Marca d'água da câmera no canto inferior direito.,"**Não**, não há comportamentos ou sinais aparentes que indiquem risco à segurança.",camera_analyzer_prompt_external_street,False,False
event_20250402_134706_4376a9ef,8,motion_detected/event_20250402_134706_4376a9ef/0001_6888_20250219_153816_frame_20250402_134706_000056.jpg,6888,2025-02-19 15:38:16,"Ambiente interno, iluminação adequada, tipo do local: elevador.",Nenhuma pessoa presente nas imagens analisadas.,Nenhum comportamento de risco observado.,"""Camera 06"" e a data e hora no canto superior esquerdo.","**Não**, sem atividade ou comportamento suspeito observado.",camera_analyzer_prompt_external_street,False,False
event_20250410_145302_e3f6e863,13,motion_detected/event_20250410_145302_e3f6e863/0000_robbery_20250410_145302_frame.jpg,robbery,2025-04-10 14:53:02,"Ambiente interno, sala de recepção. Bem iluminado, provavelmente dia.","Aproximadamente três pessoas inicialmente, aumentando para quatro no final. Ações indicam possível confronto; uma pessoa observada cobrindo parcialmente o rosto.","Indivíduos parecem estar pressionando ou controlando pessoas na sala. Movimentos rápidos e assertivos, potencialmente indicando um assalto.","#sbtnews, Ideal Futebol Clube, data e local (Ceilândia, DF).","**Sim**, ações sugerem situação de risco alto, possivelmente um roubo ou assalto em andamento.",camera_analyzer_prompt_external_street,True,True
event_20250410_145304_750feb15,21,motion_detected/event_20250410_145304_750feb15/0000_climbing-wall_20250410_145304_frame.jpg,climbing-wall,2025-04-10 14:53:04,"Ambiente externo, à noite, com iluminação baixa. Cena em rua residencial.","Aproximadamente duas pessoas são visíveis nas imagens. Um indivíduo carrega um objeto grande, possivelmente um saco, e outro parece estar tentando abrir algo próximo a um muro ou portão.","Um dos indivíduos aparentemente está tentando forçar ou manipular uma entrada, o que pode indicar uma tentativa de invasão.",Nenhum,"**Sim**, a presença e ação de um indivíduo tentando manipular uma entrada representa um risco potencial de segurança.",camera_analyzer_prompt_external_street,True,True
event_20250410_145303_9ad868ab,14,motion_detected/event_20250410_145303_9ad868ab/0000_robbery_20250410_145303_frame.jpg,robbery,2025-04-10 14:53:03,"Ambiente externo, durante o dia, iluminação natural. Localização em uma rua residencial.","Presença de um carro e duas pessoas. Uma pessoa sai do carro e corre na direção de outra pessoa, que está caminhando na calçada.","A pessoa que sai do carro parece usar capuz e se dirige rapidamente para a outra pessoa na calçada, que se afasta aparentando surpresa ou temor. O carro permanece com as portas abertas, aparentemente aguardando.",Hora e data visíveis na imagem.,"**Sim**, a ação aparenta ser uma abordagem suspeita, potencialmente uma tentativa de roubo ou assalto.",camera_analyzer_prompt_external_street,True,True
event_20250410_145304_2bed5305,12,motion_detected/event_20250410_145304_2bed5305/0000_climbing-wall_20250410_145304_frame.jpg,climbing-wall,2025-04-10 14:53:04,Ambiente externo durante o dia. A iluminação é natural. A cena ocorre em uma rua residencial com um muro com arame farpado.,"Uma pessoa está presente, aparentando estar escalando ou tentando ultrapassar um muro.","A pessoa está tentando escalar o muro, o que pode indicar uma tentativa de invasão ou acesso não autorizado.",Nenhum,"**Sim**, devido ao comportamento suspeito de escalar o muro, sugerindo potencial tentativa de invasão.",camera_analyzer_prompt_external_street,True,True
event_20250403_091138_c85f8cb2,12,motion_detected/event_20250403_091138_c85f8cb2/0001_55410_20250302_230353_frame_20250403_091138_000004.jpg,55410,2025-03-02 23:03:53,"Ambiente externo noturno, bem iluminado por luzes de rua. A cena ocorre em frente a um portão de entrada de uma propriedade, próximo a uma rua residencial.",Nenhuma pessoa ou veículo identificável aparece na sequência de imagens.,"Não há comportamentos suspeitos ou sinais de risco, pois não há detecção de pessoas ou veículos.","""Camera 05"" e data/horário visíveis.","**Não**, nenhum risco aparente já que não há presença de pessoas ou ações suspeitas.",camera_analyzer_prompt_external_street,False,False
event_20250408_154826_0a86d63c,4,motion_detected/event_20250408_154826_0a86d63c/0000_grab_20250408_154826_frame.jpg,grab,2025-04-08 15:48:26,"Ambiente interno, bem iluminado, provavelmente uma loja ou recepção.","Três pessoas visíveis, uma delas está interagindo com um balcão, aparentemente em uma situação de atendimento normal.","Não há comportamentos de risco evidentes, as pessoas estão próximas ao balcão, possivelmente sendo atendidas. Não há sinais de tentativa de abertura forçada ou retirada de objetos de forma suspeita.",Nenhum,"**Não**, ambiente parece seguro e controlado, sem ações suspeitas detectadas.",camera_analyzer_prompt_external_street,True,False
event_20250403_113409_13e3515e,35,motion_detected/event_20250403_113409_13e3515e/0001_7647_20250307_134155_frame_20250403_113409_000117.jpg,7647,2025-03-07 13:41:55,"Imagens externas durante o dia, com boa iluminação. A cena está localizada em uma rua residencial, na calçada próxima à entrada de propriedades.","Aproximadamente dois a quatro carros estão presentes em cada imagem, alguns veículos passam pela rua, incluindo uma motocicleta e veículos de serviço de cor amarela e preta. Não há indivíduos visíveis a pé.",Não há comportamento suspeito evidente. A motocicleta aparece somente em um dos frames e não parece estar se comportando de maneira suspeita.,"""frente esquerda"", timestamp e marca d'água da câmera ""intelbras"".","**Não**, não há sinais de atividade suspeita ou risco observado.",camera_analyzer_prompt_external_street,False,False
event_20250403_091909_dcb3fc90,35,motion_detected/event_20250403_091909_dcb3fc90/0001_55407_20250302_230353_frame_20250403_091906_000129.jpg,55407,2025-03-02 23:03:53,"Ambiente interno com vista para uma área externa privada, provavelmente de um quintal ou corredor lateral. As imagens mostram um portão e uma calçada movimentada. A iluminação indica que é noite, com luzes de rua e de prédios visíveis.",Há várias pessoas passando na calçada e alguns veículos na rua ao fundo. Detectou-se também uma bicicleta.,"Não há comportamentos suspeitos claros, como tentativas de invasão ou aproximação do portão de maneira suspeita. As pessoas e bicicletas aparentam apenas transitar pela calçada.","""Camera 02"", ""Camera 01"" e informações de data/hora visíveis.","**Não**, as ações observadas são normais para uma área externa próxima a uma calçada urbana movimentada.",camera_analyzer_prompt_external_street,False,False
event_20250403_110621_6b0b2685,43,motion_detected/event_20250403_110621_6b0b2685/0001_6985_20250307_101724_frame_20250403_110621_000090.jpg,6985,2025-03-07 10:17:24,"Ambiente externo durante o dia com boa iluminação, focado em uma rua residencial e um estacionamento frontal de um imóvel.","Observa-se um movimento constante de veículos (carros, ônibus e bicicleta) e várias pessoas caminhando. Inicialmente, duas pessoas caminham juntas e depois se separam. Uma pessoa é vista parada no local, olhando em direção à rua.","Não há comportamentos claros de risco imediato, como tentativas de forçar entradas ou motocicletas em atividade suspeita. A presença de diversas pessoas e veículos parece normal para o contexto urbano.","Câmera 02, marca d'água visível no canto da imagem.","**Não**, não há indicativos de comportamento suspeito ou ameaça à segurança observáveis nas imagens.",camera_analyzer_prompt_external_street,False,False
event_20250403_092056_211edf58,29,motion_detected/event_20250403_092056_211edf58/0001_55406_20250302_230353_frame_20250403_092056_000081.jpg,55406,2025-03-02 23:03:53,"Ambiente semiaberto, visão noturna de área externa privada; iluminação artificial visível na cena. A área externa parece ser similar a um quintal com vista para a rua.",Trânsito de veículos constante na rua. Presença de uma ou mais pessoas em diferentes momentos caminhando fora da área do portão.,"As pessoas observadas estão caminhando na calçada, não demonstrando comportamento suspeito em relação à propriedade monitorada.","""Camera 01"" visível no canto inferior direito das imagens.","**Não**, a movimentação observada é típica de uma área externa com trânsito regular de pedestres e veículos, sem sinais de risco direto à segurança da propriedade.",camera_analyzer_prompt_external_street,False,False
event_20250408_154827_aa517d3e,3,motion_detected/event_20250408_154827_aa517d3e/0000_hit_20250408_154827_frame.jpg,hit,2025-04-08 15:48:27,"Área de recepção interna, com boa iluminação, parece ser um hospital ou clínica devido à disposição das cadeiras e layout tipo sala de espera.","Aproximadamente cinco pessoas visíveis ao longo das imagens; observadas em interação aparentemente pacífica, sentadas ou caminhando.","Não há sinais claros de comportamento de risco, como tentativas de forçar gavetas ou movimentos suspeitos. As pessoas parecem estar agindo normalmente no contexto do ambiente.","""J. Trisap"" visível no canto superior esquerdo das imagens.","**Não**, as ações nas imagens não indicam comportamentos suspeitos ou de risco à segurança.",camera_analyzer_prompt_external_street,True,False
event_20250410_145304_dc57fbbf,13,motion_detected/event_20250410_145304_dc57fbbf/0000_robbery_20250410_145304_frame.jpg,robbery,2025-04-10 14:53:04,"Ambiente externo durante a noite, com iluminação proveniente de postes de luz. A cena ocorre em uma rua residencial, próxima a portões de entrada de residências.","Um carro estacionado em frente a uma das casas. Uma motocicleta com um ou dois ocupantes se aproxima e permanece na área. Presença de algumas pessoas próximas, com uma movimentação notável de uma pessoa se afastando rapidamente.","A motocicleta circula lentamente e para próximo da entrada de uma residência, o que pode ser suspeito. A pessoa que se afasta rapidamente pode indicar uma situação de risco ou fuga. A presença da motocicleta com luzes acesas e ocupantes pode implicar vigilância ou planejamento de ação suspeita.",Existe uma marca d'água visível de um canal de televisão.,"**Sim**, pelo comportamento da motocicleta e a reação das pessoas no local, indicando potencial situação de risco.",camera_analyzer_prompt_external_street,True,True
event_20250408_154828_d52e4f52,4,motion_detected/event_20250408_154828_d52e4f52/0000_fall_20250408_154828_frame.jpg,fall,2025-04-08 15:48:28,"Cena externa à noite, iluminação de rua presente, em uma calçada possivelmente em área urbana.","Cerca de cinco pessoas visíveis, um carro na rua.","Aparenta haver um confronto físico entre algumas pessoas, com movimentos bruscos e uma pessoa caindo no chão.",Data e horário (23 5 2008 22:45:28).,"**Sim**, devido ao confronto físico observado, que pode representar uma situação de risco ou violência.",camera_analyzer_prompt_external_street,True,True
event_20250408_154827_126ad03b,8,motion_detected/event_20250408_154827_126ad03b/0000_hit_20250408_154827_frame.jpg,hit,2025-04-08 15:48:27,"Ambiente externo à noite, em uma rua urbana iluminada com lojas ao redor.","Aproximadamente 8-10 pessoas na cena, com presença de motocicletas estacionadas. Pessoas envolvidas em uma briga ou tumulto.","Confronto físico evidente, com indivíduos se agredindo. Situação instável e possivelmente perigosa para transeuntes.","Marcas e textos visíveis no vídeo, não identificados.","**Sim**, devido ao confronto e comportamento violento, potencial para escalonamento ou danos a pessoas próximas.",camera_analyzer_prompt_external_street,True,True
event_20250408_154827_199ade09,3,motion_detected/event_20250408_154827_199ade09/0000_lying_down_20250408_154827_frame.jpg,lying,,"Ambiente interno, iluminado, parece ser uma sala de tribunal.","Aproximadamente nove pessoas, algumas estão em pé, outras estão no chão, aparentemente segurando uma pessoa.",Duas pessoas no chão em uma situação que parece ser de imobilização. Outras pessoas observam a situação.,Marca d'água visível.,"**Sim**, situação de imobilização no chão indica um risco à segurança, observada em um ambiente formal como um tribunal.",camera_analyzer_prompt_external_street,True,True
event_20250408_154827_d86737e3,6,motion_detected/event_20250408_154827_d86737e3/0000_walk_20250408_154827_frame.jpg,walk,2025-04-08 15:48:27,"Ambiente externo durante o dia, com iluminação natural. A cena ocorre em uma rua residencial ao lado de uma calçada.","Duas pessoas são vistas na rua, e há um carro circulando. As pessoas estão paradas ou se movendo lentamente.",Não há sinais claros de comportamento de risco. As pessoas estão apenas passando pela rua e um carro passa sem demonstrar comportamento suspeito.,Nenhum,"**Não**, o comportamento observado é típico de trânsito e pedestres em uma rua residencial sem sinais de ações suspeitas.",camera_analyzer_prompt_external_street,True,False
event_20250410_145302_b885e6c1,15,motion_detected/event_20250410_145302_b885e6c1/0000_robbery_20250410_145302_frame.jpg,robbery,2025-04-10 14:53:02,"Interior de uma residência ou local privado, com iluminação artificial, sugerindo ambiente noturno.","Aproximadamente quatro pessoas inicialmente, com dois indivíduos adicionais entrando posteriormente. Pessoas sentadas ao redor de uma mesa.",Entrada abrupta de dois indivíduos adicionais com comportamentos agressivos e sinais claros de tentativa de assalto. Pessoas ao redor da mesa estão sendo ameaçadas e uma delas parece estar sendo revistada.,"""JornalDaRecord"", data e hora visíveis nas imagens.","**Sim**, presença de indivíduos exibindo comportamento agressivo e ameaçador, indicando um assalto em progresso.",camera_analyzer_prompt_external_street,True,True
event_20250410_145304_dcaae9e4,8,motion_detected/event_20250410_145304_dcaae9e4/0000_climbing-wall_20250410_145304_frame.jpg,climbing-wall,2025-04-10 14:53:04,"Ambiente externo noturno; iluminação baixa, auxiliada por infravermelho. Área visualizada: quintal com piscina e vegetação.",Duas pessoas vistas na cena.,"- Primeira pessoa escalando o muro, tentativa de intrusão.
  - Segunda pessoa já presente no quintal, movendo-se rapidamente.","""Intelbras"" e ""#JornalDaRecord"" visíveis.","**Sim**, devido à presença de pessoas escalando o muro e se movendo na área privada durante a noite, caracterizando tentativa de invasão.",camera_analyzer_prompt_external_street,True,True
event_20250408_154828_5a4b81bc,5,motion_detected/event_20250408_154828_5a4b81bc/0000_run_20250408_154828_frame.jpg,run,2025-04-08 15:48:28,"Ambiente externo, noturno com iluminação de rua adequada. Localização em uma rua urbana com calçada próxima a um edifício.","- Vários carros estacionados e em movimento. 
  - Um grupo grande de pessoas se movendo pela rua.","- Grupo de pessoas caminhando próximo aos carros, mas sem sinais claros de comportamento suspeito em relação à segurança específica do imóvel.",FR0NT CM1,"**Não**, não há sinais objetivos de comportamento que indique risco à segurança com base nas observações.",camera_analyzer_prompt_external_street,True,False
event_20250410_145302_7293e8c6,10,motion_detected/event_20250410_145302_7293e8c6/0000_altercation_20250410_145302_frame.jpg,altercation,2025-04-10 14:53:02,"Ambiente externo durante o dia, com boa iluminação. Cena captada em uma rua residencial.","- Aproximadamente duas pessoas envolvidas em uma possível altercação.
  - Uma motocicleta visível nas proximidades.","- As duas pessoas parecem estar engajadas em uma altercação física.
  - A presença da motocicleta pode indicar um planejamento para fuga rápida ou uma situação pré-planejada.",Intelbras,"**Sim**, a interação física entre as pessoas e a presença da motocicleta indicam um risco potencial elevado.",camera_analyzer_prompt_external_street,True,True
event_20250403_091821_49781bba,46,motion_detected/event_20250403_091821_49781bba/0001_55407_20250302_230353_frame_20250403_091814_000079.jpg,55407,2025-03-02 23:03:53,"Ambiente interno com vista para área externa privada e rua. É noite, com boa iluminação pública.","Detecção de várias pessoas e carros nas proximidades do portão, ao lado de uma via movimentada.","Nenhum comportamento suspeito observado. As pessoas estão caminhando pela calçada, sem interação com a propriedade.",Texto de data e hora visível na câmera.,"**Não**, falta de comportamentos ou ações suspeitas.",camera_analyzer_prompt_external_street,False,False
event_20250402_142436_bcc6c37c,33,motion_detected/event_20250402_142436_bcc6c37c/0001_6884_20250219_153816_frame_20250402_142436_000046.jpg,6884,2025-02-19 15:38:16,"Ambiente externo durante o dia, com boa iluminação. A cena ocorre em uma rua residencial com calçada e árvores.","Inicialmente, há duas pessoas próximas a um carro branco estacionado. Uma delas entra no carro e o carro sai da cena. Posteriormente, há movimento de bicicletas e outros carros na rua.",Nenhum comportamento suspeito aparente foi observado. As pessoas utilizam o veículo de maneira usual e não há sinais de manipulação ou hesitação em relação à propriedade.,"Data e hora, ""Camera 02"".","**Não**, a cena não apresenta comportamentos suspeitos que indiquem risco à segurança.",camera_analyzer_prompt_external_street,False,False
event_20250410_145303_53a482af,9,motion_detected/event_20250410_145303_53a482af/0000_robbery_20250410_145303_frame.jpg,robbery,2025-04-10 14:53:03,Ambiente externo à noite com iluminação artificial. A cena ocorre em uma rua residencial em frente a um portão de entrada.,"- Um carro está estacionado na rua.
  - Pelo menos uma pessoa visível em movimento próximo ao veículo.","- Uma pessoa se move rapidamente em direção ao portão.
  - Outra pessoa surge de forma brusca próxima ao carro e entra.
  - O carro sai imediatamente após a entrada da pessoa, sugerindo ação coordenada.",#LoveToRecord,"**Sim**, a coordenação entre a pessoa se movimentando e o carro que sai rapidamente aponta para uma situação de potencial risco à segurança.",camera_analyzer_prompt_external_street,True,True
event_20250402_134858_0c08b61e,6,motion_detected/event_20250402_134858_0c08b61e/0001_6887_20250219_153904_frame_20250402_134858_000010.jpg,6887,2025-02-19 15:39:04,"Ambiente interno, bem iluminado, provavelmente durante o dia. Corredor fechado.",Nenhuma pessoa ou veículo identificado.,Nenhuma ação suspeita ou comportamento de risco detectado.,"Data e hora visíveis na imagem, além de ""Camera #5"".","**Não**, nenhum risco aparente observado.",camera_analyzer_prompt_external_street,False,False
event_20250410_145303_f653ab78,5,motion_detected/event_20250410_145303_f653ab78/0000_robbery_20250410_145303_frame.jpg,robbery,2025-04-10 14:53:03,Ambiente externo durante o dia. Rua residencial com boa visibilidade e céu claro.,"Presença de dois carros estacionados na entrada de uma residência, e duas pessoas em movimento rápido, aparentando fugir ou correr.","As pessoas parecem estar correndo, possivelmente em situação de conflito ou roubo, mas pode ser uma atividade normal como exercício. Não há sinais claros de comportamento suspeito como manipulação de portões ou veículos.","""RING"" e ""FOX TV STATIONS"" visíveis.","**Não**, não há evidências suficientes de risco; ausência de comportamento claramente suspeito.",camera_analyzer_prompt_external_street,True,False
event_20250403_103142_fb391f55,9,motion_detected/event_20250403_103142_fb391f55/0001_17205_20250307_002852_frame_20250403_103142_000133.jpg,17205,2025-03-07 00:28:52,Ambiente externo à noite. Iluminação baixa. Local parece ser um estacionamento ou área externa de armazenamento com muitos objetos.,Uma pessoa detectada em duas imagens; demais imagens sem detecções de veículos ou pessoas.,"A presença de uma pessoa pode indicar movimentação, mas sem mais ações detectáveis não aparenta comportamento de risco.",L.D.Fundos,"**Não**, pois não há comportamentos claramente associados a riscos observáveis nas imagens fornecidas.",camera_analyzer_prompt_external_street,False,False
event_20250408_154826_c294253d,2,motion_detected/event_20250408_154826_c294253d/0000_kick_20250408_154826_frame.jpg,kick,2025-04-08 15:48:26,"Dia, ambiente externo com iluminação clara, entrada de uma residência com calçada e carro estacionado.",Uma pessoa com capuz e máscara se aproximando rapidamente da entrada. Um carro branco estacionado próximo.,"A pessoa está encapuzada e mascarada, o que é suspeito em um ambiente residencial durante o dia. Sua aproximação rápida em direção à entrada pode sugerir intenção de invasão ou outro comportamento ameaçador.","""M"", ""SWNS"", ""West Midlands Police"".","**Sim**, a aproximação de uma pessoa mascarada e encapuzada diretamente para a entrada sugere um risco elevado de segurança.",camera_analyzer_prompt_external_street,True,True
event_20250403_101111_73ee91ec,6,motion_detected/event_20250403_101111_73ee91ec/0001_17201_20250307_002851_frame_20250403_101111_000004.jpg,17201,2025-03-07 00:28:51,"Ambiente externo, é noite com iluminação limitada. Localização parece ser uma entrada ou calçada em frente a uma propriedade.",Nenhuma pessoa ou veículo detectado nas imagens.,Sem sinais objetivos de comportamentos de risco observados.,"Frente, L, E","**Não**, sem atividade suspeita ou risco aparente.",camera_analyzer_prompt_external_street,False,False
event_20250403_110251_48dc17db,10,motion_detected/event_20250403_110251_48dc17db/0001_6984_20250307_101724_frame_20250403_110250_000039.jpg,6984,2025-03-07 10:17:24,"Ambiente externo em área urbana durante o dia, com iluminação natural. A cena ocorre na frente de um local com vaga de estacionamento, frente a uma calçada e rua.","- Veículo: Um carro passando pela rua.
  - Pessoas: Uma pessoa visível sentada sob um guarda-sol.","- Nenhum comportamento de risco detectado, como tentativas de invasão ou movimentação suspeita.","Data e hora visíveis no canto superior esquerdo, ""Camera 01"" no canto inferior direito.","**Não**, não há sinais de risco presentes nas imagens analisadas.",camera_analyzer_prompt_external_street,False,False
event_20250403_114910_ef2d8eb6,7,motion_detected/event_20250403_114910_ef2d8eb6/0001_7640_20250307_134155_frame_20250403_114910_000075.jpg,7640,2025-03-07 13:41:55,"Ambiente externo sob luz solar, provavelmente um corredor lateral ou fundos de uma propriedade residencial, com uma rampa visível.",Nenhuma pessoa ou veículo detectado.,Nenhum comportamento de risco aparente. O local está vazio e não há atividade suspeita.,"""intelbras"", ""RAMPA"", com data e hora visíveis.","**Não**, não há atividades suspeitas ou pessoas presentes nas imagens.",camera_analyzer_prompt_external_street,False,False
event_20250403_103035_5012da09,9,motion_detected/event_20250403_103035_5012da09/0001_17205_20250307_002852_frame_20250403_103034_000066.jpg,17205,2025-03-07 00:28:52,"Ambiente externo noturno, com iluminação artificial. Local aparenta ser um espaço aberto com materiais acumulados, possivelmente um terreno ou depósito.","Duas pessoas detectadas em diferentes frames, sem veículos visíveis.",Não há sinais claros de comportamento suspeito. As pessoas parecem estar apenas se movendo pelo local.,"Intelbras, L.D. Fundos, data e hora.","**Não**, devido à ausência de comportamentos atípicos ou suspeitos.",camera_analyzer_prompt_external_street,False,False
event_20250403_115717_1c794723,8,motion_detected/event_20250403_115717_1c794723/0001_7639_20250307_134155_frame_20250403_115717_000090.jpg,7639,2025-03-07 13:41:55,"Cenário externo durante o dia, com boa iluminação. A cena acontece em uma rua residencial, com calçada e alguns carros estacionados na via.",Presença de aproximadamente dois carros em movimento e mais um estacionado consistentemente ao longo das imagens.,"Não foram observados comportamentos suspeitos ou associados a risco. Os veículos se movem sem alterações incomuns, sem paradas abruptas ou movimentos hesitantes ao redor do imóvel. Não há motos ou pessoas observáveis em atitudes suspeitas.","""frente direita""","**Não**, pois não há comportamentos ou ações que indiquem risco ao imóvel.",camera_analyzer_prompt_external_street,False,False
event_20250403_111707_745eb95c,6,motion_detected/event_20250403_111707_745eb95c/0001_6990_20250307_101724_frame_20250403_111707_000098.jpg,6990,2025-03-07 10:17:24,"Ambiente interno iluminado, provavelmente um escritório ou loja.","Presença de uma pessoa próximo ao balcão, sem movimentação suspeita aparente.",Nenhum comportamento de risco visível.,"""Camera 87"" visível.","**Não**, não há ações suspeitas ou de risco observadas.",camera_analyzer_prompt_external_street,False,False
event_20250403_115036_e936a192,10,motion_detected/event_20250403_115036_e936a192/0001_16312_20250307_134155_frame_20250403_115036_000004.jpg,16312,2025-03-07 13:41:55,"Escritório interno, bem iluminado, durante o dia.","Uma pessoa visível, movimentando-se entre mesas de trabalho.","A pessoa está caminhando entre as mesas, mas sem sinais de comportamento suspeito ou agressivo.",Escritório,"**Não**, nenhuma ação suspeita ou de risco evidente observada.",camera_analyzer_prompt_external_street,False,False
