folder_name,image_count,first_image,cam_id,event_datetime,contexto,pessoas,comportamentos,label,avaliacao,scenario_type,real,predict
event_20250402_133726_41ca0095,8,motion_detected/event_20250402_133726_41ca0095/0001_6890_20250219_153816_frame_20250402_133726_000010.jpg,6890,2025-02-19 15:38:16,"Ambiente interno, provavelmente uma garagem ou estacionamento coberto. Dia, iluminação artificial adequada.","Uma pessoa é vista caminhando na área, carregando uma pasta ou bolsa. Dois veículos estão estacionados. A pessoa não interage com os veículos estacionados e parece estar saindo do local.",Nenhum comportamento suspeito observado. A pessoa parece estar saindo normalmente do local.,Câmera 08 e data/hora.,"**Não**, nenhuma atividade suspeita foi observada na sequência de imagens. A pessoa detectada parece estar simplesmente saindo do local.",camera_analyzer_prompt_external_street,False,False
event_20250402_142333_c72d52a0,9,motion_detected/event_20250402_142333_c72d52a0/0001_6890_20250219_153905_frame_20250402_142332_000010.jpg,6890,2025-02-19 15:39:05,"Ambiente externo, dia com boa iluminação, garagem/estacionamento frontal de um imóvel.","Uma pessoa é vista saindo do imóvel e caminhando em direção à rua, carregando uma pasta ou bolsa. Dois carros estão estacionados na garagem.",Nenhum comportamento suspeito observado. A pessoa parece estar saindo normalmente do imóvel.,Câmera 08 e data/hora.,"**Não**, nenhuma ação suspeita foi detectada. A cena aparenta ser de alguém saindo de casa ou do trabalho.",camera_analyzer_prompt_external_street,False,False
event_20250408_154828_92f9ba46,3,motion_detected/event_20250408_154828_92f9ba46/0000_stand_20250408_154828_frame.jpg,stand,2025-04-08 15:48:28,"Ambiente interno, loja, dia, iluminação artificial adequada. Parece ser uma ótica, com displays de óculos nas paredes.","Uma pessoa, vestindo um colete de segurança verde-limão por cima de outras roupas.  O indivíduo permanece parado perto de um display, olhando ao redor.","Nenhum comportamento suspeito explicitamente observado nestes frames. O indivíduo não interage com os produtos nem demonstra atitudes furtivas ou agressivas.  A simples presença com um colete de segurança pode ser comum em alguns contextos de trabalho, não necessariamente indicando risco.",CAM 1,"**Não**,  Nenhum comportamento de risco claro é identificado nos frames fornecidos.  A postura do indivíduo pode ser interpretada como observando os produtos ou o ambiente, sem indícios de intenção criminosa até o momento.  Monitoramento adicional é recomendado para avaliar se surge algum comportamento suspeito.",camera_analyzer_prompt_internal_closed,False,False
event_20250403_113340_c77d7f02,6,motion_detected/event_20250403_113340_c77d7f02/0001_7647_20250307_134155_frame_20250403_113340_000088.jpg,7647,2025-03-07 13:41:55,"Ambiente externo, dia, iluminação clara. Rua com árvores e um muro/grade, possivelmente residencial ou comercial, com carros estacionados. A câmera parece estar posicionada na fachada de um imóvel, voltada para a esquerda.",Vários carros estacionados e um carro branco parado próximo à câmera durante toda a sequência. Não há pessoas visíveis fora dos veículos.,Nenhum comportamento suspeito observado. Os carros estacionados permanecem no mesmo lugar e o carro branco também não realiza nenhuma ação que possa ser considerada suspeita.,"intelbras, frente esquerda, data e hora.","**Não**, nenhum comportamento suspeito foi observado nas imagens.",camera_analyzer_prompt_external_street,False,False
event_20250410_145304_58dfd8c0,15,motion_detected/event_20250410_145304_58dfd8c0/0000_climbing-wall_20250410_145304_frame.jpg,climbing-wall,2025-04-10 14:53:04,"Ambiente externo, noite, iluminação artificial adequada, portão de entrada de uma residência ou pequeno estabelecimento.","Uma pessoa visível, nenhum veículo. A pessoa pula o portão da propriedade.","Uma pessoa pula o portão da propriedade, configurando invasão.",Intelbras,"**Sim**, Invasão de propriedade.",camera_analyzer_prompt_external_street,True,True
event_20250408_154827_75a2a6c1,5,motion_detected/event_20250408_154827_75a2a6c1/0000_walk_20250408_154827_frame.jpg,walk,2025-04-08 15:48:27,"Ambiente interno, aparentemente uma loja, possivelmente de ótica, com iluminação artificial. Dia, pela data e hora na imagem.","Duas pessoas inicialmente. Uma terceira pessoa entra na cena e conversa com uma das que estavam presentes, que parece ser um funcionário. A primeira pessoa veste um colete verde e observa os produtos expostos (óculos), aparentemente sem interagir diretamente com eles ou com as outras pessoas por um breve período.","Nenhum comportamento explicitamente suspeito é observado. A pessoa com o colete observa os produtos, o que é comum em uma loja. A interação das outras duas pessoas parece normal.",CAM 1,"**Não**, não há ações que indiquem risco imediato à segurança ou patrimônio. A situação aparenta ser comum dentro de um comércio.",camera_analyzer_prompt_internal_closed,True,False
event_20250402_142629_1e214b45,16,motion_detected/event_20250402_142629_1e214b45/0001_6888_20250219_153904_frame_20250402_142629_000001.jpg,6888,2025-02-19 15:39:04,"Ambiente interno de um elevador. Dia, iluminação artificial adequada.","Inicialmente, uma pessoa dentro do elevador. Posteriormente, mais uma pessoa entra. Ambas saem juntas.",Nenhum comportamento de risco observado. As pessoas parecem estar apenas utilizando o elevador normalmente.,Camera 06,"Não, nenhum comportamento suspeito foi identificado nas imagens. As pessoas entram e saem do elevador de forma típica.",camera_analyzer_prompt_internal_closed,False,False
event_20250408_154827_fbf1558e,3,motion_detected/event_20250408_154827_fbf1558e/0000_lying_down_20250408_154827_frame.jpg,lying,,"Ambiente interno de uma loja, durante o dia com boa iluminação.","Duas pessoas visíveis. Uma parece estar agachada ou se abaixando no corredor central da loja, enquanto outra está em pé no fundo, perto do balcão.  Na última imagem, a pessoa que estava agachada está deitada no chão.","Uma pessoa se abaixa e depois deita no chão do corredor da loja, o que é um comportamento incomum e pode indicar um problema de saúde ou uma situação de perigo. A outra pessoa no fundo não parece reagir de forma visível. Não há sinais claros de agressão, roubo ou vandalismo.",CH8 e data/hora 31-10-2014 17:52:45 - 17:52:47.,"**Sim**, a queda repentina da pessoa no chão sugere um possível problema de saúde ou outra emergência, representando um risco à sua segurança. A falta de reação imediata da outra pessoa presente aumenta a preocupação.  A possibilidade de um evento criminoso, embora não evidente, não pode ser descartada com as informações disponíveis.",camera_analyzer_prompt_internal_closed,True,True
event_20250403_102654_82623f65,6,motion_detected/event_20250403_102654_82623f65/0001_17204_20250307_002852_frame_20250403_102654_000004.jpg,17204,2025-03-07 00:28:52,"Ambiente externo, noite, iluminação artificial presente, parece ser a entrada/estacionamento frontal de uma residência, com grade e portão.","Nenhuma pessoa ou veículo visível nas imagens fornecidas, exceto um objeto coberto por uma lona, possivelmente um veículo. Um veículo com luz de freio acesa é visto brevemente passando na rua ao fundo na primeira imagem.",Nenhum comportamento suspeito observado.,"Intelbras, FRENTE L.D.","**Não**, nenhum comportamento de risco foi observado nas imagens.",camera_analyzer_prompt_external_street,False,False
event_20250403_112220_0f05ffe1,6,motion_detected/event_20250403_112220_0f05ffe1/0001_6993_20250307_101724_frame_20250403_112220_000094.jpg,6993,2025-03-07 10:17:24,"Ambiente externo, dia, iluminação natural. A câmera parece estar obstruída por vegetação, focando em folhas e um caule, possivelmente próximo a uma parede. Não é possível visualizar a rua.",Nenhuma pessoa ou veículo visível.,Nenhum comportamento de risco observável devido à obstrução da câmera.,"""Camera 10"" e data/hora.","**Não**, a câmera está obstruída e não permite a avaliação da cena para identificar potenciais riscos. A vegetação impede a visualização da rua, invalidando a análise de segurança.",camera_analyzer_prompt_external_street,False,False
event_20250403_110345_d4895a53,40,motion_detected/event_20250403_110345_d4895a53/0001_6984_20250307_101724_frame_20250403_110345_000092.jpg,6984,2025-03-07 10:17:24,"Ambiente externo, dia, nublado,  parecendo ser a entrada/estacionamento frontal de um imóvel comercial, com uma rua ao fundo.","Um homem sentado em um banco sob um guarda-sol na entrada do imóvel durante todo o vídeo. Vários carros, ônibus e um caminhão passam pela rua. Algumas pessoas passam caminhando pela calçada. Uma bicicleta passa pela rua.",Nenhum comportamento suspeito observado. O tráfego de veículos e pedestres parece normal.,Câmera 01 e data/hora.,"**Não**, nenhum comportamento suspeito foi observado nas imagens. Tráfego normal de pessoas e veículos.",camera_analyzer_prompt_external_street,False,False
event_20250402_140834_8e7ff747,6,motion_detected/event_20250402_140834_8e7ff747/0001_6883_20250219_153816_frame_20250402_140834_000092.jpg,6883,2025-02-19 15:38:16,"Ambiente externo, dia com boa iluminação, rua/calçada provavelmente residencial.","Um carro estacionado do outro lado da rua. Não há pessoas visíveis na cena diretamente relacionadas ao imóvel monitorado, apesar de poder haver alguém no carro.",Nenhum comportamento suspeito observado.,Camera 01,"Não, nenhum comportamento suspeito foi observado nas imagens.",camera_analyzer_prompt_external_street,False,False
event_20250403_110902_b869b941,44,motion_detected/event_20250403_110902_b869b941/0001_6994_20250307_101724_frame_20250403_110902_000092.jpg,6994,2025-03-07 10:17:24,"Ambiente externo, dia, boa iluminação. A cena parece ser a entrada/estacionamento frontal de um imóvel, possivelmente residencial, com uma rua passando à frente.","Inicialmente, duas pessoas caminham pela rua e parecem conversar. Diversos carros passam pela rua durante a sequência. Um ônibus para momentaneamente na rua, e uma pessoa desembarca. Posteriormente, uma pessoa caminha pela rua em frente ao imóvel monitorado.","Nenhum comportamento suspeito é observado. As pessoas que passam em frente ao imóvel parecem estar transitando normalmente. Não há permanência prolongada, olhares repetidos, ou qualquer outra ação que indique risco à segurança.",Câmera 11,"Não, nenhum comportamento suspeito foi observado na sequência de imagens. O fluxo de pessoas e veículos parece normal para uma rua.",camera_analyzer_prompt_external_street,False,False
event_20250403_110529_22a621b0,11,motion_detected/event_20250403_110529_22a621b0/0001_6985_20250307_101724_frame_20250403_110529_000039.jpg,6985,2025-03-07 10:17:24,"Ambiente externo, dia com boa iluminação, rua residencial/estacionamento frontal de um imóvel.","Inicialmente, dois carros passam pela rua. Um carro prata estaciona do lado oposto da rua e permanece lá durante a maior parte da sequência. Uma pessoa de bicicleta passa pela rua. Posteriormente, um carro escuro passa pela rua.",Nenhum comportamento suspeito observado. Os veículos passam normalmente pela rua e a pessoa na bicicleta também. O carro prata estacionado não apresenta ocupantes interagindo com o imóvel monitorado.,"Câmera 02, data e hora.","**Não**, nenhum comportamento de risco foi identificado nas imagens.  A cena aparenta ser o registro do fluxo normal da rua.",camera_analyzer_prompt_external_street,False,False
event_20250410_145302_70a01170,11,motion_detected/event_20250410_145302_70a01170/0000_altercation_20250410_145302_frame.jpg,altercation,2025-04-10 14:53:02,"Ambiente externo, noite com iluminação artificial, posto de gasolina.","Várias pessoas e veículos presentes. Uma motocicleta com um único ocupante se aproxima e para próximo a um grupo de pessoas perto de um carro. Um indivíduo desce da motocicleta e parece interagir com as pessoas no carro e ao redor.  Posteriormente, o indivíduo volta para a moto e sai do local.","Aproximação de motocicleta, parada próxima a um grupo de pessoas, interação não totalmente clara entre o motociclista e as outras pessoas. A baixa qualidade da imagem e a distância da câmera dificultam a avaliação precisa da interação.",Marca d'água de emissora de TV.,"**Sim**, a combinação de ambiente noturno, envolvimento de motocicleta e interação pouco clara entre o motociclista e as outras pessoas levanta suspeita, mesmo que não haja evidência clara de crime. A prudência recomenda classificar como risco devido à possibilidade de assalto ou outro evento indesejado. Adicionalmente, nas imagens, o indivíduo que chega de moto parece estar armado, o que eleva consideravelmente o risco da situação.",camera_analyzer_prompt_external_street,True,True
event_20250408_154826_a42130eb,3,motion_detected/event_20250408_154826_a42130eb/0000_lying_down_20250408_154826_frame.jpg,lying,,"Ambiente externo, dia, iluminação clara. A cena parece ser uma rua ou estacionamento em frente a um imóvel, possivelmente residencial, com carros estacionados.",Duas pessoas em uma motocicleta caem na rua. Diversos carros estacionados são visíveis.,"Apesar da presença de uma motocicleta, a queda não indica, por si só, um comportamento suspeito relacionado à segurança do imóvel. Aparentemente, trata-se de um acidente. Não há indícios de comportamentos típicos de risco, como observação prolongada do imóvel, circulação lenta ou ações coordenadas com outros indivíduos.",@1stMirC,"**Não**, a cena sugere um acidente de moto e não há indicadores de ameaça à segurança da propriedade.",camera_analyzer_prompt_external_street,True,False
event_20250410_145302_1de172a2,9,motion_detected/event_20250410_145302_1de172a2/0000_robbery_20250410_145302_frame.jpg,robbery,2025-04-10 14:53:02,"Ambiente interno com vista para a rua e portão da propriedade. Dia, com boa iluminação. A área visualizada é a entrada/saída da propriedade.",Duas pessoas em uma motocicleta se aproximam do portão. O indivíduo na garupa desce e força a entrada na propriedade. Um segundo indivíduo sai da propriedade aparentemente sob coação.,"Aproximação ao portão, invasão da propriedade,  e possível sequestro/coação de um morador.",fdatenaoficial,"**Sim**, Invasão de propriedade e possível sequestro.  A ação de forçar o portão e render uma pessoa que sai da residência indica alto risco à segurança.",camera_analyzer_prompt_internal_to_outside,True,True
event_20250403_092022_f63db61a,34,motion_detected/event_20250403_092022_f63db61a/0001_55406_20250302_230353_frame_20250403_092017_000043.jpg,55406,2025-03-02 23:03:53,"Ambiente externo à noite, com iluminação artificial de postes na rua. A cena parece ser uma rua residencial ou em frente a um condomínio, mostrando a calçada, portão de entrada e estacionamento frontal.","Várias pessoas transitam pela calçada, algumas individualmente e outras em pequenos grupos. Há carros estacionados e passando pela rua.  Em alguns frames, aparecem duas pessoas caminhando juntas, e em outros momentos, pessoas caminham sozinhas.","Nenhum comportamento explicitamente suspeito foi observado. As pessoas parecem estar transitando normalmente, e os veículos trafegando sem comportamento anômalo. Não há indícios de tentativas de forçar entradas, permanência prolongada em frente ao imóvel, olhares repetidos ou circulação lenta e suspeita.",Câmera 01,"**Não**, não foram observados comportamentos ou sinais objetivos que indiquem risco à segurança.",camera_analyzer_prompt_external_street,False,False
event_20250408_154826_7490d4e4,2,motion_detected/event_20250408_154826_7490d4e4/0000_lying_down_20250408_154826_frame.jpg,lying,,"Ambiente externo, dia, iluminação diurna, gramado frontal de uma residência, rua residencial com carros estacionados.","Uma pessoa visível, interagindo com uma pequena piscina inflável.  Três carros estacionados na rua.",Nenhum comportamento suspeito observado. A pessoa parece estar se divertindo ou se refrescando na piscina.,FAILARMY ULTIMATE SECURITY CAMERA FAILS,"**Não**, Nenhum comportamento que indique risco à segurança foi observado. A cena sugere uma situação corriqueira e não apresenta indícios de ameaça.",camera_analyzer_prompt_external_street,True,False
event_20250403_110825_c72ce50a,21,motion_detected/event_20250403_110825_c72ce50a/0001_6994_20250307_101724_frame_20250403_110825_000056.jpg,6994,2025-03-07 10:17:24,"Ambiente externo, dia, boa iluminação. A cena parece ser a entrada/estacionamento de um imóvel, possivelmente residencial, com a câmera posicionada em um andar superior, voltada para a rua e o portão de entrada.","Vários carros transitam pela rua durante os primeiros segundos. Entre os frames 12 e 15, duas pessoas caminham pela rua e entram no imóvel.","Nenhum comportamento suspeito é observado. As pessoas que entram no imóvel parecem fazê-lo de forma natural, sem hesitação ou olhares repetidos para os arredores.  O tráfego de veículos parece normal para o horário.","Câmera 11, data e hora.","**Não**, nenhum comportamento de risco foi identificado nas imagens. As atividades observadas parecem ser o trânsito normal de veículos e a entrada de pessoas no imóvel.",camera_analyzer_prompt_external_street,False,False
event_20250403_115614_921a5ad2,8,motion_detected/event_20250403_115614_921a5ad2/0001_7639_20250307_134155_frame_20250403_115614_000028.jpg,7639,2025-03-07 13:41:55,"Ambiente externo, dia com boa iluminação, rua/estacionamento frontal de um imóvel.",Dois carros estacionados na rua. Um carro branco estaciona em frente ao imóvel monitorado e permanece parado durante toda a sequência. Não há pessoas visíveis.,Nenhum comportamento suspeito observado. Os carros permanecem estacionados sem movimentação ou interação com o imóvel.,"Intelbras, frente direita","**Não**, nenhum comportamento de risco identificado. Carros estacionados sem interação suspeita com a propriedade.",camera_analyzer_prompt_external_street,False,False
event_20250408_154827_a5c783c9,3,motion_detected/event_20250408_154827_a5c783c9/0000_sit_20250408_154827_frame.jpg,sit,2025-04-08 15:48:27,"Ambiente interno, iluminado artificialmente, aparentemente durante o dia. O local parece ser uma sala de tribunal ou similar, com uma mesa central e assentos.","Cinco pessoas estão presentes. Duas estão sentadas à mesa, aparentemente em depoimento ou consulta. Três outras pessoas estão sentadas em bancos ao fundo. Não há movimentação suspeita ou interação entre elas nos frames fornecidos.",Nenhum comportamento de risco observado nos frames fornecidos. As pessoas presentes permanecem sentadas e não interagem com objetos ou o ambiente de forma suspeita.,"""and sisters who lost their brother and their best friend.""","**Não**, Nenhum comportamento suspeito ou indicativo de risco à segurança foi observado nas imagens fornecidas. As pessoas presentes parecem estar participando de um processo formal.",camera_analyzer_prompt_internal_closed,True,False
event_20250408_154827_20d6eb21,5,motion_detected/event_20250408_154827_20d6eb21/0000_hit_20250408_154827_frame.jpg,hit,2025-04-08 15:48:27,"Ambiente externo à noite, com iluminação artificial. A cena parece ser uma rua ou viela estreita, possivelmente residencial, com um portão visível ao fundo.","Há um carro parado com os faróis acesos e pelo menos duas motocicletas estacionadas. Duas pessoas são visíveis, possivelmente mais, devido à baixa qualidade da imagem. Uma pessoa parece estar manipulando uma das motos. A outra pessoa parece estar agachada ou abaixada próximo ao portão. A presença do carro com os faróis acesos pode indicar que ele está dando cobertura para a ação dos indivíduos nas motos.","A ação de manipular a moto e a presença de uma pessoa agachada perto do portão à noite sugerem uma possível tentativa de roubo ou arrombamento. A baixa qualidade da imagem dificulta a análise precisa, mas as ações são suspeitas o suficiente para levantar um alerta.",Nenhum,"**Sim**, A combinação de ações suspeitas à noite, com motos envolvidas, e a possível manipulação de uma moto e do portão, configura um cenário de risco, mesmo com a imagem de baixa qualidade. A presença do carro com faróis ligados reforça a suspeita de que se trata de uma ação coordenada.",camera_analyzer_prompt_external_street,True,True
event_20250403_110951_999c970a,21,motion_detected/event_20250403_110951_999c970a/0001_6994_20250307_101724_frame_20250403_110947_000137.jpg,6994,2025-03-07 10:17:24,"Ambiente externo, dia, boa iluminação. Rua/estacionamento frontal de um imóvel, com calçada e portão visíveis.",Um pedestre caminha pela calçada e atravessa a rua. Diversos carros transitam pela rua.,Nenhum comportamento suspeito observado. O pedestre caminha normalmente e os veículos transitam sem interação com o imóvel monitorado.,Câmera 11,"**Não**, nenhum comportamento de risco identificado.",camera_analyzer_prompt_external_street,False,False
event_20250410_145303_c8185c7c,8,motion_detected/event_20250410_145303_c8185c7c/0000_robbery_20250410_145303_frame.jpg,robbery,2025-04-10 14:53:03,"Ambiente externo, dia, boa iluminação. Entrada/estacionamento de uma residência ou estabelecimento comercial, com vegetação ao redor e um carro estacionado próximo à entrada.","Inicialmente, uma pessoa é vista próxima à entrada, com um carro branco estacionado ao fundo. Em seguida, mais duas pessoas se aproximam, uma delas vestindo um moletom escuro com capuz. As três pessoas interagem na entrada, e parece haver algum tipo de contato físico ou luta corporal.  O carro permanece estacionado durante toda a sequência.","A chegada de duas pessoas adicionais à cena, a interação física e a presença de um indivíduo com capuz levantado (possível tentativa de ocultar a identidade) sugerem uma situação de assalto ou confronto.",Nenhum,"**Sim**, Alto risco de assalto ou violência devido à interação física agressiva entre os indivíduos na entrada da propriedade e a presença de um carro parado que pode ser usado para fuga. A vestimenta com capuz reforça a suspeita de atividade criminosa.",camera_analyzer_prompt_external_street,True,True
event_20250410_145304_a69efbc6,5,motion_detected/event_20250410_145304_a69efbc6/0000_break-in_20250410_145304_frame.jpg,break-in,2025-04-10 14:53:04,"Ambiente externo, noite com iluminação infravermelha, o que sugere baixa luminosidade natural. A cena parece ser um estacionamento ou pátio, possivelmente industrial ou comercial, com um portão de metal.","No primeiro frame, há uma pessoa e um carro visíveis. Nos frames subsequentes, não há detecção clara de pessoas ou veículos, exceto por um caminhão no último frame, mas a qualidade da imagem e a iluminação dificultam a confirmação e avaliação precisa da situação.  Pessoas parecem estar manipulando o portão.","Indivíduos manipulando o portão à noite em um local aparentemente comercial ou industrial, sem iluminação adequada. Isso sugere uma possível tentativa de acesso não autorizado.",Nenhum,"**Sim**, a manipulação do portão à noite, com baixa visibilidade e em contexto que sugere acesso não autorizado, representa um risco potencial à segurança. A baixa qualidade da imagem e a dificuldade em identificar claramente as ações contribuem para a avaliação de risco.",camera_analyzer_prompt_external_street,True,True
event_20250408_154827_5dbc25b2,5,motion_detected/event_20250408_154827_5dbc25b2/0000_hit_20250408_154827_frame.jpg,hit,2025-04-08 15:48:27,"Ambiente externo, diurno, com boa iluminação. A cena se passa em uma rua, possivelmente residencial ou comercial, com a câmera posicionada em um imóvel voltado para a via.","Há várias pessoas na cena, aproximadamente 6. Há também duas motocicletas. Um homem está sendo retirado à força de uma motocicleta por outro homem. Há outras pessoas na calçada observando.","Um homem está puxando outro de cima de uma motocicleta, indicando um possível assalto ou conflito. A ação agressiva e a presença de outras pessoas observando, sem intervir, reforçam a suspeita de uma situação de risco.",Shared by HỘI GÀ MỸ MIỀN NAM,"**Sim**, a ação de retirar à força uma pessoa de uma motocicleta indica um alto risco de assalto, violência ou conflito, representando uma ameaça à segurança.",camera_analyzer_prompt_external_street,True,True
event_20250408_154828_05caaa12,2,motion_detected/event_20250408_154828_05caaa12/0000_throw_20250408_154828_frame.jpg,throw,2025-04-08 15:48:28,"Ambiente externo, diurno, rua residencial com carros estacionados.","Diversos carros estacionados na rua. Um indivíduo caminhando na rua e se aproximando de um carro da polícia. Na primeira imagem, uma pessoa parece estar entre os carros.","Nenhum comportamento explicitamente suspeito é observado nos dois frames fornecidos. A presença policial e a legenda sugerem um evento ocorrido, mas as imagens não mostram ações de risco à segurança de residências. A pessoa caminhando em direção ao carro policial poderia ser interpretada como suspeita dependendo do contexto maior do vídeo, mas com apenas dois frames, não é possível afirmar.","ERIN LESLIE,  A 43-YEAR-OLD TORONTO MAN IS FACING A SLEW OF CHARGES AFTER A SHOCKING ATTACK ON A TORONTO POLICE OFFICER WAS CAUGHT ON VIDEO.","**Não**, com base nos frames fornecidos, não há indícios de risco à segurança. Mais informações seriam necessárias para uma avaliação completa.",camera_analyzer_prompt_external_street,True,False
event_20250403_111752_4930dd6b,10,motion_detected/event_20250403_111752_4930dd6b/0001_6990_20250307_101724_frame_20250403_111751_000141.jpg,6990,2025-03-07 10:17:24,"Ambiente interno, possivelmente uma clínica ou sala de estética, durante o dia com boa iluminação. O local possui macas, equipamentos, armários e plantas.","Uma pessoa visível, possivelmente funcionário(a), executando tarefas rotineiras atrás de um balcão/mesa.",Nenhum comportamento suspeito observado. A pessoa parece estar organizando ou trabalhando com os itens no balcão.,03-07-2025 Sex 07:22:05 (e variação no horário a cada frame) Camera 07,"**Não**, Nenhum risco aparente. A cena sugere atividades normais dentro do ambiente.",camera_analyzer_prompt_internal_closed,False,False
event_20250402_140721_e4453231,12,motion_detected/event_20250402_140721_e4453231/0001_6883_20250219_153816_frame_20250402_140721_000021.jpg,6883,2025-02-19 15:38:16,"Ambiente externo, dia com boa iluminação, rua/calçada em frente a um imóvel com portão/grade.","Inicialmente duas pessoas caminhando pela calçada, e um carro branco estacionado. As pessoas se afastam e somem do campo de visão da câmera. O carro permanece estacionado.",Nenhum comportamento suspeito observado. As pessoas parecem estar apenas caminhando pela rua.,Câmera 01,"**Não**, nenhum comportamento de risco foi identificado. As pessoas passam em frente ao imóvel sem demonstrar interesse ou qualquer ação suspeita. O carro estacionado não apresenta ocupantes observando o local.",camera_analyzer_prompt_external_street,False,False
event_20250410_145302_a6bcedf2,24,motion_detected/event_20250410_145302_a6bcedf2/0000_robbery_20250410_145302_frame.jpg,robbery,2025-04-10 14:53:02,"Ambiente externo, dia, boa iluminação. Calçada/estacionamento frontal de um imóvel com fachada laranja.","Inicialmente duas pessoas em duas motocicletas. Um indivíduo de camisa vermelha parece tentar roubar uma motocicleta estacionada enquanto o outro, de preto e capacete, aguarda em sua própria moto.  Posteriormente, mais motocicletas e pessoas aparecem brevemente na cena, mas não interagem com o roubo.","Dois indivíduos em motocicletas param próximo a uma terceira motocicleta estacionada. Um deles tenta, aparentemente, roubá-la, forçando a ignição. O outro indivíduo aguarda em sua motocicleta, observando os arredores, o que sugere uma ação coordenada.",intelbras,"**Sim**, alta probabilidade de roubo de motocicleta, com ação coordenada entre dois indivíduos em motocicletas, configurando um cenário típico para esse tipo de crime. A permanência prolongada em frente ao imóvel e a manipulação da motocicleta estacionada reforçam a suspeita.",camera_analyzer_prompt_external_street,True,True
event_20250410_145303_28abe440,5,motion_detected/event_20250410_145303_28abe440/0000_robbery_20250410_145303_frame.jpg,robbery,2025-04-10 14:53:03,"Ambiente externo, dia, entrada/calçada de imóvel residencial.",Quatro pessoas em três motocicletas entram na propriedade. Um indivíduo corre em direção ao portão.,"Múltiplas motocicletas entram rapidamente na propriedade, sugerindo invasão. Um indivíduo corre à frente, possivelmente para interceptar alguém ou facilitar a entrada.",BRASILIA 22°C,"**Sim**, Invasão de propriedade com múltiplas motocicletas é um forte indicativo de roubo ou assalto. A ação coordenada e rápida dos indivíduos reforça a suspeita.",camera_analyzer_prompt_external_street,True,True
event_20250408_154830_a2a34495,5,motion_detected/event_20250408_154830_a2a34495/0000_sneak_20250408_154830_frame.jpg,sneak,2025-04-08 15:48:30,"Ambiente externo, noite, iluminação ruim por infravermelho, parece ser um pátio ou corredor lateral de uma residência, com um portão ao fundo.","Uma pessoa visível, possivelmente mais escondidas atrás de objetos. Nenhum veículo completamente visível, apenas a traseira de uma motocicleta.","Uma pessoa visível parece estar mexendo em algo perto do portão/entrada. A baixa iluminação e a presença da motocicleta, mesmo que parcialmente visível, aumentam o nível de suspeita.  Não é possível discernir com clareza a ação da pessoa, o que configura um cenário incerto e potencialmente perigoso.",CH4 2012/05/05 00:04:04,"**Sim**, a presença de uma pessoa à noite, em um local que parece ser a entrada lateral de uma residência, manipulando algo próximo ao portão em conjunto com uma motocicleta próxima, mesmo com pouca visibilidade, levanta suspeita de possível tentativa de invasão ou furto. A impossibilidade de identificar claramente as ações devido à baixa qualidade da imagem reforça a necessidade de cautela e classificação como risco.",camera_analyzer_prompt_external_street,True,True
event_20250408_154830_d10056f5,5,motion_detected/event_20250408_154830_d10056f5/0000_sneak_20250408_154830_frame.jpg,sneak,2025-04-08 15:48:30,"Ambiente externo, noite com pouca iluminação, parece ser a lateral de uma casa ou estabelecimento, próximo a um estacionamento ou garagem.","Três pessoas agachadas e usando moletons com capuz, possivelmente tentando arrombar algo próximo a um veículo utilitário e um carro branco. Nenhuma motocicleta visível.","Três indivíduos com capuzes à noite, agachados e manipulando algo em uma área pouco iluminada, sugerindo uma possível tentativa de arrombamento ou vandalismo. A ação coordenada entre os três também é um indicativo de risco.",I.CAM1,"**Sim**,  Alto risco devido à presença de três pessoas com capuzes à noite, manipulando objetos em local com pouca iluminação e de forma coordenada, indicando forte suspeita de atividade criminosa como arrombamento ou vandalismo.",camera_analyzer_prompt_external_street,True,True
event_20250403_113729_6e0a44fe,6,motion_detected/event_20250403_113729_6e0a44fe/0001_7645_20250307_134155_frame_20250403_113729_000004.jpg,7645,2025-03-07 13:41:55,Ambiente interno com vista para uma área externa privada que parece ser a entrada lateral/garagem de uma residência. A iluminação é diurna e com boa visibilidade.,Nenhuma pessoa ou veículo é detectado nas imagens.,Nenhum comportamento suspeito observado.,"intelbras, portao entrada","Não, nenhum risco aparente.",camera_analyzer_prompt_internal_to_outside,False,False
event_20250408_154827_550cbaa0,2,motion_detected/event_20250408_154827_550cbaa0/0000_walk_20250408_154827_frame.jpg,walk,2025-04-08 15:48:27,"Ambiente interno, possivelmente comercial, com iluminação diurna. Não há vista para área externa.","Uma pessoa é detectada na segunda imagem, caminhando pelo ambiente interno. Não há veículos.","Nenhum comportamento de risco observado nas imagens fornecidas. A pessoa parece estar circulando dentro do ambiente, sem interagir com portas, janelas ou áreas restritas.",LiveLeak,"Não, a cena não apresenta risco aparente com base nas informações disponíveis. As imagens mostram apenas uma pessoa caminhando em um ambiente interno, sem indícios de atividade suspeita. A falta de visão para áreas externas limita a avaliação completa de segurança perimetral, mas dentro do contexto interno observado, não há sinal de risco.",camera_analyzer_prompt_internal_to_outside,True,False
event_20250408_154828_2b362832,3,motion_detected/event_20250408_154828_2b362832/0000_fall_20250408_154828_frame.jpg,fall,2025-04-08 15:48:28,"Ambiente interno, possivelmente um hall de entrada, com vista para uma área externa à noite. A iluminação é artificial e moderada. As portas de vidro permitem visualizar parte da rua ao fundo.",Duas pessoas entram rapidamente no ambiente. Uma delas parece carregar algo nas mãos. Não há veículos visíveis dentro do enquadramento da câmera.,A entrada rápida e a forma como uma das pessoas se abaixa logo após entrar podem indicar uma tentativa de evitar ser visto ou de se esconder. Este comportamento é suspeito.,Nenhum,"**Sim**, a entrada apressada e o ato de se abaixar logo em seguida sugerem um comportamento suspeito que precisa ser investigado.  A falta de detecções pelo YOLOv8 pode ser devido à velocidade dos movimentos e à baixa qualidade da imagem, não descartando a possibilidade de risco.",camera_analyzer_prompt_internal_to_outside,True,True
event_20250403_101251_f265bb7e,16,motion_detected/event_20250403_101251_f265bb7e/0001_17201_20250307_002851_frame_20250403_101250_000102.jpg,17201,2025-03-07 00:28:51,"Ambiente externo, noite, iluminação artificial presente, aparentemente em frente a um portão/entrada de um imóvel, possivelmente rua residencial ou comercial.","Nenhuma pessoa visível.  Tráfego de veículos na rua, incluindo um carro passando no frame 0008.",Nenhum comportamento suspeito observado.,"intelbras, Frente, L, E","Não, nenhum comportamento suspeito foi identificado nas imagens. Nada indica manipulação de fechaduras, permanência prolongada, olhares direcionados ao imóvel ou movimentação suspeita de pessoas ou veículos.",camera_analyzer_prompt_external_street,False,False
event_20250403_110712_5aa7d505,21,motion_detected/event_20250403_110712_5aa7d505/0001_6985_20250307_101724_frame_20250403_110706_000134.jpg,6985,2025-03-07 10:17:24,"Ambiente externo, dia, boa iluminação. Rua com estacionamento frontal de um imóvel, possivelmente residencial ou comercial.","Um pedestre caminha pela rua e atravessa em frente ao imóvel. Diversos carros passam pela rua durante a sequência. Nas imagens finais, o mesmo pedestre caminha em direção à entrada do imóvel.","Nenhum comportamento suspeito observado. O pedestre parece estar caminhando normalmente, e o fluxo de veículos é típico de uma rua. Não há permanência prolongada, olhares repetidos, ou qualquer outra ação que indique risco à segurança.","Câmera 02, Câmera 11","**Não**, Nenhum comportamento de risco identificado na sequência de imagens. O pedestre parece estar simplesmente passando ou retornando ao imóvel.",camera_analyzer_prompt_external_street,False,False
event_20250410_145303_7f97b2f6,25,motion_detected/event_20250410_145303_7f97b2f6/0000_robbery_20250410_145303_frame.jpg,robbery,2025-04-10 14:53:03,"Ambiente externo, dia, boa iluminação. Posto de gasolina.","Inicialmente, um carro (picape) e uma pessoa (motorista) são visíveis. Em seguida, duas pessoas se aproximam do veículo, usando máscaras e portando armas de fogo.  Elas abordam o motorista e um passageiro que sai do veículo. Outros carros e pessoas aparecem brevemente na rua ao fundo.","Dois indivíduos mascarados se aproximam de um veículo parado e abordam os ocupantes com armas de fogo, indicando um assalto.  A ação coordenada, o uso de máscaras e armas configuram um alto risco à segurança.",canaluol,"**Sim**, Assalto à mão armada em andamento. Alto risco devido à presença de armas e ação coordenada dos indivíduos.",camera_analyzer_prompt_external_street,True,True
event_20250408_154828_7e69c268,3,motion_detected/event_20250408_154828_7e69c268/0000_throw_20250408_154828_frame.jpg,throw,2025-04-08 15:48:28,"Ambiente interno, aparentemente um escritório ou loja pequena, durante o dia com iluminação artificial.","Inicialmente, três pessoas são visíveis. Uma mulher parece estar discutindo com um homem sentado em uma cadeira atrás de um balcão/mesa. Uma segunda mulher está sentada em uma cadeira em frente ao balcão.  Posteriormente, a mulher em pé joga objetos no homem e na outra mulher.  No último frame, não há pessoas visíveis, sugerindo uma fuga rápida após a ação agressiva.","A mulher em pé demonstra comportamento agressivo, jogando objetos nos outros indivíduos presentes. Essa ação, combinada com a rápida saída de cena de todos os envolvidos, sugere um alto risco de conflito e violência.",Cameramanager,"**Sim**, a agressão física visível, jogando objetos em outras pessoas, configura um alto risco à segurança dos indivíduos presentes no local.",camera_analyzer_prompt_internal_closed,True,True
event_20250408_154829_ae55aced,5,motion_detected/event_20250408_154829_ae55aced/0000_struggle_20250408_154829_frame.jpg,struggle,2025-04-08 15:48:29,"Ambiente interno, provavelmente um quarto ou cela, com pouca iluminação, possivelmente noturna ou em um local com janelas bloqueadas. A imagem é em preto e branco, sugerindo gravação noturna com infravermelho.","Duas pessoas são visíveis. Uma parece estar imobilizando ou agredindo a outra.  A qualidade da imagem e o ângulo da câmera dificultam a determinação precisa da natureza da interação, mas há indícios de luta ou agressão física.","Uma pessoa está sobre a outra em uma posição que sugere dominação ou agressão.  Há movimento consistente entre as duas figuras, indicando uma luta ou ato de violência.",WE WANT MORE FACTS,"**Sim**, a interação física agressiva entre as duas pessoas, em um ambiente fechado e com pouca iluminação, configura um alto risco de violência e perigo para a segurança de pelo menos uma das pessoas envolvidas. A impossibilidade de discernir detalhes devido à baixa qualidade da imagem reforça a necessidade de cautela e a classificação de alto risco.",camera_analyzer_prompt_internal_closed,True,True
event_20250408_154826_22dc91e2,3,motion_detected/event_20250408_154826_22dc91e2/0000_kick_20250408_154826_frame.jpg,kick,2025-04-08 15:48:26,"Ambiente interno de uma academia, iluminada artificialmente, durante a noite.","Diversas pessoas presentes na academia, aproximadamente 10-12, a maioria se exercitando. Duas pessoas em destaque, uma aparentemente agredindo a outra no chão.","Uma pessoa é vista em cima de outra no chão, aparentando imobilizá-la e possivelmente agredindo-a. Esse comportamento é suspeito e indica um possível conflito físico ou agressão.  As outras pessoas na academia parecem não notar ou não interferir na situação.",@BAHIJKADDOURA e TCR 11-10 19:37:18,"**Sim**, a agressão física aparente representa um alto risco à segurança da pessoa sendo atacada. A falta de reação das outras pessoas presentes também é preocupante.",camera_analyzer_prompt_internal_closed,True,True
event_20250403_110809_e9b8e587,11,motion_detected/event_20250403_110809_e9b8e587/0001_6994_20250307_101724_frame_20250403_110809_000040.jpg,6994,2025-03-07 10:17:24,"Ambiente interno com vista para uma área externa privada que parece ser um estacionamento e parte de uma rua. Dia, com boa iluminação. A área visualizada é a entrada/estacionamento da propriedade, com visão parcial da rua.",Carros trafegando na rua. Não há pessoas visíveis dentro da área privada monitorada.,Nenhum comportamento suspeito observado.  Trânsito normal de veículos na rua.,"Câmera 11, data e hora.","**Não**, Nenhum risco aparente. Apenas tráfego normal de veículos na rua adjacente à propriedade. Nenhuma pessoa detectada na área privada monitorada apresentando comportamento suspeito.",camera_analyzer_prompt_internal_to_outside,False,False
event_20250408_154826_0a85b8b5,4,motion_detected/event_20250408_154826_0a85b8b5/0000_grab_20250408_154826_frame.jpg,grab,2025-04-08 15:48:26,"Ambiente interno, iluminado, parece ser um escritório ou depósito, com uma escada, mesa com equipamentos eletrônicos, e algumas caixas. Dia.",Duas pessoas. Um indivíduo entrega um saco ou pacote para o outro.,"Nenhum comportamento explicitamente suspeito observado nos frames fornecidos. A troca do pacote poderia ser uma transação normal, mas sem mais contexto, não é possível descartar totalmente um risco potencial.","1080P VIDEO CAMERA, HTTP://EFFORTINC.","**Não**, A interação entre as pessoas parece normal à primeira vista, mas a falta de contexto adicional impede uma avaliação definitiva da situação.  Mais informações são necessárias para determinar a natureza da troca do pacote.",camera_analyzer_prompt_internal_closed,True,False
event_20250403_091404_c34755c2,22,motion_detected/event_20250403_091404_c34755c2/0001_55410_20250302_230353_frame_20250403_091404_000146.jpg,55410,2025-03-02 23:03:53,"Ambiente interno com vista para área externa privada à noite. A iluminação é noturna, fornecida pela câmera de segurança. A área visualizada parece ser um quintal/entrada de garagem com um portão, e parte da rua é visível ao fundo. As imagens de 0001 a 0006 mostram uma área, enquanto as imagens de 0007 a 0022 mostram outra área, provavelmente da mesma propriedade.",Nenhuma pessoa é detectada nas imagens. Veículos passam na rua ao fundo em alguns frames.,Nenhum comportamento suspeito observado.,Câmera 65 (imagens 0001 a 0006) e Câmera 83 (imagens 0007 a 0022),"Não, nenhum risco aparente. Nenhuma pessoa foi detectada e nenhum comportamento suspeito foi observado nas imagens.",camera_analyzer_prompt_internal_to_outside,False,False
event_20250403_110744_338b958b,15,motion_detected/event_20250403_110744_338b958b/0001_6994_20250307_101724_frame_20250403_110744_000016.jpg,6994,2025-03-07 10:17:24,"Ambiente externo, dia, boa iluminação. A cena parece ser a entrada/estacionamento frontal de um imóvel, possivelmente residencial, com uma rua passando em frente.","No primeiro frame, duas motocicletas passam pela rua, cada uma com um ocupante.  Diversos carros trafegam pela rua nos frames subsequentes. Não há pessoas paradas ou demonstrando interesse particular pelo imóvel.","Nenhum comportamento suspeito é observado. As motocicletas passam normalmente pela rua, sem reduzir a velocidade ou demonstrar qualquer interesse pelo imóvel. O tráfego de carros parece normal para o contexto.",Câmera 11,"**Não**, nenhum comportamento de risco foi observado nas imagens. O tráfego de veículos parece normal para uma rua, e não há interação suspeita com a propriedade monitorada.",camera_analyzer_prompt_external_street,False,False
event_20250403_103057_3dd4eced,7,motion_detected/event_20250403_103057_3dd4eced/0001_17205_20250307_002852_frame_20250403_103057_000088.jpg,17205,2025-03-07 00:28:52,"Ambiente externo, noite, iluminação infravermelho, parece ser um pátio ou área de depósito nos fundos de um imóvel.","Não é possível identificar claramente pessoas ou veículos devido à baixa qualidade da imagem e à iluminação infravermelha. Há alguns objetos que podem ser veículos ou equipamentos, mas não há movimento que indique presença humana.",Nenhum comportamento de risco observado.,"Intelbras, L.D.Fundos","**Não**, Nenhum movimento suspeito ou presença de pessoas identificadas nas imagens. A baixa qualidade da imagem impede uma análise mais precisa, mas não há indicativos de risco aparentes.",camera_analyzer_prompt_external_street,False,False
event_20250408_154829_43c0b5c1,2,motion_detected/event_20250408_154829_43c0b5c1/0000_struggle_20250408_154829_frame.jpg,struggle,2025-04-08 15:48:29,"Ambiente externo, dia, com boa iluminação. A cena parece ser a entrada/estacionamento de um imóvel, possivelmente comercial, com um portão de metal e calçada. Há uma rua e outros carros visíveis ao fundo.","Três pessoas são visíveis. Duas parecem estar envolvidas em uma altercação física na entrada do imóvel, enquanto uma terceira pessoa se afasta, caminhando pela calçada. Não há veículos diretamente envolvidos na cena, mas carros estacionados são visíveis na rua ao fundo.",Altercação física entre duas pessoas na entrada da propriedade. Um indivíduo parece estar agredindo o outro. A terceira pessoa se distancia do local.,Camera 1,"**Sim**,  A briga física em frente à propriedade representa um alto risco à segurança, indicando um possível ato de violência ou agressão. A presença de uma terceira pessoa que se afasta pode sugerir seu envolvimento no incidente, ou que se retirou para evitar o confronto, mas ainda assim levanta suspeitas.",camera_analyzer_prompt_external_street,True,True
event_20250410_145304_211eddc9,11,motion_detected/event_20250410_145304_211eddc9/0000_climbing-wall_20250410_145304_frame.jpg,climbing-wall,2025-04-10 14:53:04,"Ambiente externo, dia nublado, rua residencial com asfalto, visão da calçada, portão e muro da residência monitorada.",Uma motocicleta estacionada na calçada oposta ao imóvel monitorado. Um carro branco estacionado mais à frente na rua. Um indivíduo pula o muro de uma residência vizinha.,"Um indivíduo pula o muro da residência vizinha à monitorada. Apesar da motocicleta estar estacionada na rua e não apresentar comportamento suspeito por si só, sua presença em conjunto com a ação do indivíduo pulando o muro, levanta suspeita de um possível envolvimento entre ambos.",Intelbras,"**Sim**, a ação de pular o muro de uma residência vizinha é um forte indicativo de atividade suspeita, possivelmente relacionada a invasão ou roubo. A presença da motocicleta próxima, mesmo estacionada, aumenta a suspeita e o risco potencial.",camera_analyzer_prompt_external_street,True,True
event_20250408_154829_68936014,4,motion_detected/event_20250408_154829_68936014/0000_sneak_20250408_154829_frame.jpg,sneak,2025-04-08 15:48:29,"Ambiente interno, noturno, iluminação por infravermelho de câmera de segurança, sala de estar/sala de tv com sofá, mesa de centro e parte de uma bancada visível.","Aproximadamente 3 pessoas, possivelmente crianças, interagindo no sofá e ao redor dele. Não é possível discernir ações específicas devido à baixa qualidade da imagem e à iluminação infravermelha.",Não é possível identificar comportamentos de risco específicos devido à baixa qualidade da imagem e à iluminação infravermelha.  As ações parecem ser brincadeiras ou interação comum entre pessoas num sofá.,Nenhum,"**Não**,  A baixa qualidade da imagem e a iluminação noturna impedem uma avaliação precisa, mas não há indícios claros de comportamento de risco. A interação parece ser lúdica e condizente com um ambiente familiar.",camera_analyzer_prompt_internal_closed,True,False
event_20250402_140812_81b82a7a,7,motion_detected/event_20250402_140812_81b82a7a/0001_6883_20250219_153816_frame_20250402_140808_000066.jpg,6883,2025-02-19 15:38:16,"Ambiente externo, dia com boa iluminação, rua/calçada provavelmente residencial.","Um carro passa pela rua no início da sequência. Posteriormente, uma pessoa caminha pela calçada, passando em frente ao imóvel monitorado. Outros veículos e pessoas podem ser vistos ao fundo, mas sem interação direta com a área de interesse.",Nenhum comportamento suspeito observado. O carro trafega normalmente e a pessoa caminha pela calçada sem demonstrar interesse particular pelo imóvel.,Camera 91,"**Não**, nenhum comportamento de risco foi observado nas imagens. A passagem do carro e do pedestre parecem ser ocorrências normais em uma via pública.",camera_analyzer_prompt_external_street,False,False
event_20250403_115819_956b2299,14,motion_detected/event_20250403_115819_956b2299/0001_7639_20250307_134155_frame_20250403_115805_000137.jpg,7639,2025-03-07 13:41:55,"Ambiente externo, dia com boa iluminação, rua com estacionamento frontal, possivelmente residencial.",Vários carros estacionados e em movimento na rua. Um pedestre caminha pela calçada no final da sequência.,"Nenhum comportamento suspeito observado. Os veículos transitam e estacionam normalmente, e o pedestre caminha sem demonstrar hesitação ou interesse específico pelo imóvel monitorado.","intelbras, frente direita","Não, nenhum comportamento suspeito foi observado nas imagens. Tráfego normal de veículos e pedestres.",camera_analyzer_prompt_external_street,False,False
event_20250410_145304_b48dca52,10,motion_detected/event_20250410_145304_b48dca52/0000_break-in_20250410_145304_frame.jpg,break-in,2025-04-10 14:53:04,"Ambiente interno, noturno, com iluminação artificial fraca. Parece ser a recepção/entrada de um escritório ou loja, com uma catraca/torniquete visível. Vidro quebrado no chão.","Uma pessoa visível,  quebrando o vidro da porta de entrada com algum objeto.","Invasão à propriedade, quebra de vidro da porta de entrada.",#BalancoGeralSE,"**Sim**, Invasão e vandalismo em andamento. Alto risco à segurança do patrimônio.",camera_analyzer_prompt_internal_closed,True,True
event_20250402_142524_574db192,16,motion_detected/event_20250402_142524_574db192/0001_6884_20250219_153816_frame_20250402_142514_000083.jpg,6884,2025-02-19 15:38:16,"Ambiente externo, dia com boa iluminação, rua residencial com calçada, árvores e portões de entrada de imóveis visíveis.","Um carro estacionado no início da sequência, que permanece por alguns segundos e depois sai. Outros carros passam pela rua durante a sequência. Nenhuma pessoa é visível nas imagens.",Nenhum comportamento suspeito observado. Os carros que passam pela rua mantém velocidade normal e não demonstram interesse específico pelo imóvel monitorado.,Camera 02,"**Não**, nenhum comportamento de risco identificado na sequência de imagens.",camera_analyzer_prompt_external_street,False,False
event_20250403_113354_c8cf51c7,14,motion_detected/event_20250403_113354_c8cf51c7/0001_7647_20250307_134155_frame_20250403_113347_000095.jpg,7647,2025-03-07 13:41:55,"Ambiente externo, dia, boa iluminação. Rua com estacionamento, possivelmente residencial, com muro/grade e árvores.",Diversos carros estacionados e em movimento na rua. Um carro branco estacionado próximo à câmera permanece parado durante toda a sequência.  Um táxi passa pela rua. Outros veículos transitam normalmente. Não é possível identificar claramente pessoas além do motorista do carro branco parado e do motorista do táxi.,Nenhum comportamento suspeito observado. Os veículos transitam normalmente e o carro branco estacionado não apresenta movimentação suspeita.,"intelbras, frente esquerda","Não, nenhum comportamento de risco identificado na sequência de imagens. Tráfego normal de veículos.",camera_analyzer_prompt_external_street,False,False
event_20250402_164111_69dfa316,7,motion_detected/event_20250402_164111_69dfa316/0001_18250_20250228_124222_frame_20250402_164111_000068.jpg,18250,2025-02-28 12:42:22,"Ambiente externo durante o dia com boa iluminação. A cena parece ser um estacionamento frontal ou entrada de um prédio comercial/industrial, com gramado, calçada, e vagas demarcadas.","Há carros e um caminhão estacionados dentro do que parece ser o estacionamento da propriedade. Nenhuma pessoa é visível na cena. Os veículos não apresentam movimento suspeito, e o caminhão parece estar realizando carga e descarga normalmente.",Nenhum comportamento suspeito observado.,RACK - P2 ZONA 01,"**Não**, nenhum comportamento de risco foi identificado nas imagens. Os veículos presentes parecem estar estacionados ou em atividades normais para o local. Nenhuma pessoa é vista exibindo comportamentos suspeitos.",camera_analyzer_prompt_external_street,False,False
event_20250403_091224_4da7849c,71,motion_detected/event_20250403_091224_4da7849c/0001_55410_20250302_230353_frame_20250403_091221_000046.jpg,55410,2025-03-02 23:03:53,"Ambiente interno com vista para área externa privada à noite. A iluminação é noturna, provavelmente infravermelho, e a área visualizada parece ser a entrada/frente da propriedade, com portão e rua visíveis ao fundo.",Nenhuma pessoa é detectada dentro da área privada monitorada. Veículos passam pela rua ao fundo.,Nenhum comportamento suspeito observado.,Câmera 65,"Não, nenhum risco aparente.",camera_analyzer_prompt_internal_to_outside,False,False
event_20250402_150700_3c793a13,24,motion_detected/event_20250402_150700_3c793a13/0001_40427_20250221_185342_frame_20250402_150655_000004.jpg,40427,2025-02-21 18:53:42,"Ambiente externo, dia, iluminação natural, rua residencial com calçada, árvores e um veículo estacionado. Posteriormente, ambiente interno com vista para a rua.","Inicialmente, um indivíduo em uma motocicleta e um carro estacionado.  Posteriormente, uma pessoa passa caminhando pela calçada.  Dois indivíduos são observados conversando próximos à motocicleta e ao carro estacionado. Nas imagens subsequentes,  a câmera muda para um ambiente interno mostrando a rua através de uma porta de vidro, onde a motocicleta e algumas pessoas ainda são visíveis.","A motocicleta para próximo a um carro estacionado, e duas pessoas interagem perto dos veículos. A mudança para a visão interna dificulta a observação completa da interação, mas a permanência e a proximidade com a propriedade, especialmente com uma motocicleta envolvida,  justificam uma avaliação de risco.",Camera Nº,"**Sim**, a presença da motocicleta parada com duas pessoas próximas a um carro estacionado em frente à residência, e a posterior mudança de ângulo de câmera dificultando a observação completa da interação,  gera suspeita e configura um risco potencial. A falta de clareza sobre o que ocorre após a mudança de câmera reforça a necessidade de cautela.",camera_analyzer_prompt_external_street,False,True
event_20250402_171319_5435f854,7,motion_detected/event_20250402_171319_5435f854/0001_4990_20250228_161321_frame_20250402_171318_000023.jpg,4990,2025-02-28 16:13:21,"Ambiente externo, dia com boa iluminação, possivelmente rua residencial ou calçada em frente a um imóvel, com árvores e plantas na frente da câmera.","É possível ver um carro passando na rua no frame 0005. Devido à obstrução da câmera por plantas, não é possível identificar com clareza outras pessoas ou veículos.",Nenhum comportamento suspeito visível devido à obstrução da visão pela vegetação. A passagem do carro parece normal.,Câmera 04,"**Não**, a visão obstruída impede a avaliação completa, porém, nas partes visíveis da rua não há indicativos de risco. A presença de um carro transitando normalmente não configura, por si só, um risco à segurança.",camera_analyzer_prompt_external_street,False,False
event_20250408_154826_76dbc5b4,5,motion_detected/event_20250408_154826_76dbc5b4/0000_grab_20250408_154826_frame.jpg,grab,2025-04-08 15:48:26,"Ambiente interno de uma loja, possivelmente uma joalheria ou relojoaria, devido à presença de relógios e objetos brilhantes atrás de um balcão de vidro. Noite, com iluminação artificial adequada.","Inicialmente, duas pessoas são visíveis: uma atrás do balcão, possivelmente um funcionário, e outra na frente do balcão, possivelmente um cliente.  Um terceiro indivíduo entra na loja no quarto frame. O indivíduo atrás do balcão parece estar usando um capuz ou máscara.","O indivíduo que entra na loja no quarto frame levanta os braços de maneira que pode ser interpretada como agressiva ou ameaçadora.  A pessoa atrás do balcão, com o rosto coberto, também levanta as mãos em um gesto que pode ser de rendição ou parte da interação com o cliente e o terceiro indivíduo. A presença de um indivíduo com o rosto coberto em um estabelecimento comercial, juntamente com a entrada de um terceiro indivíduo com possível comportamento ameaçador, aumenta a suspeita de um assalto.",CAM02,"**Sim**, a combinação de um indivíduo com rosto coberto atrás do balcão e a entrada de uma terceira pessoa com gestos que podem ser interpretados como agressivos, cria forte suspeita de uma situação de roubo ou assalto, representando alto risco à segurança das pessoas presentes e ao patrimônio da loja.",camera_analyzer_prompt_internal_closed,True,True
event_20250402_140451_25399fec,9,motion_detected/event_20250402_140451_25399fec/0001_6896_20250219_153816_frame_20250402_140451_000082.jpg,6896,2025-02-19 15:38:16,"Ambiente interno, provavelmente uma garagem, com vista para a área externa durante o dia. A iluminação é boa. A área externa visualizada parece ser a saída da garagem para a rua.",Um veículo sai da garagem. Não há pessoas visíveis.,Nenhum comportamento de risco observado. O veículo sai da garagem de forma normal.,Camera H,"Não, nenhum comportamento suspeito foi observado nas imagens. Um veículo sai da garagem, o que é uma atividade normal.",camera_analyzer_prompt_internal_to_outside,False,False
event_20250408_154828_fe8760c3,4,motion_detected/event_20250408_154828_fe8760c3/0000_gun_20250408_154828_frame.jpg,gun,2025-04-08 15:48:28,"Ambiente interno, possivelmente um estabelecimento comercial, com vista para uma área externa à noite. A iluminação é artificial e moderada. A área externa visualizada parece ser um estacionamento ou entrada.","Duas pessoas são visíveis. Uma pessoa parece estar dentro do estabelecimento, próxima à entrada. Uma segunda pessoa se aproxima de um veículo estacionado. Há um veículo estacionado em frente ao estabelecimento.","A segunda pessoa se aproxima do veículo e parece interagir com ele, mas não há informações suficientes para determinar a natureza dessa interação.  Sem outros comportamentos suspeitos aparentes nas imagens fornecidas.",Camera0,Não. Não há ações observadas que indiquem explicitamente um risco à segurança nas imagens fornecidas. A interação com o veículo precisa de mais contexto para ser avaliada.,camera_analyzer_prompt_internal_to_outside,True,False
event_20250402_150632_eb875975,6,motion_detected/event_20250402_150632_eb875975/0001_40426_20250221_185342_frame_20250402_150632_000001.jpg,40426,2025-02-21 18:53:42,"Ambiente externo, dia, iluminação adequada. A cena parece ser o portão de entrada de um imóvel, possivelmente residencial, com vegetação ao lado.",Nenhuma pessoa ou veículo visível.,Nenhum comportamento de risco observado.,Camera 05,"**Não**, nenhum indício de atividade suspeita foi detectado nas imagens.",camera_analyzer_prompt_external_street,False,False
event_20250408_154828_6ca93aa5,3,motion_detected/event_20250408_154828_6ca93aa5/0000_gun_20250408_154828_frame.jpg,gun,2025-04-08 15:48:28,Ambiente externo durante o dia com boa iluminação. A cena parece ser em uma estrada ou estacionamento próximo a uma área com árvores e uma estrutura de madeira.,"Há uma pessoa (policial) visível fora de um veículo policial e pelo menos uma pessoa dentro de uma caminhonete. Há outros veículos presentes, incluindo uma caminhonete e um carro da polícia. O policial está apontando uma arma para a caminhonete.",O policial apontando uma arma para a caminhonete é um forte indicador de uma situação de alto risco.,MAINE AG'S OFFICE,"**Sim**, a presença de uma arma sendo apontada indica uma situação de alto risco, potencialmente perigosa.",camera_analyzer_prompt_external_street,True,True
event_20250403_102825_0ffbeda4,6,motion_detected/event_20250403_102825_0ffbeda4/0001_17204_20250307_002852_frame_20250403_102824_000093.jpg,17204,2025-03-07 00:28:52,"Ambiente externo, noite com iluminação artificial, estacionamento/calçada frontal de um imóvel.",Nenhuma pessoa visível. Um veículo estacionado e coberto dentro da propriedade.  Nenhum veículo em movimento observado na rua durante o curto período da gravação.,Nenhum comportamento suspeito observado.,"Intelbras, FRENTE L.D.","**Não**, nenhum comportamento suspeito foi observado nas imagens.",camera_analyzer_prompt_external_street,False,False
event_20250410_145303_26161e43,33,motion_detected/event_20250410_145303_26161e43/0000_robbery_20250410_145303_frame.jpg,robbery,2025-04-10 14:53:03,"Ambiente externo, dia, com boa iluminação. A cena parece ser uma rua residencial ou comercial, com calçada e estacionamento frontal visíveis.","Várias pessoas e carros passam pela rua durante a sequência. Uma pessoa com uma camisa verde-água anda pela calçada, carregando algo que parece ser um saco de lixo.  Há carros estacionados e em movimento.",Nenhum comportamento suspeito é observado. A pessoa na calçada parece estar simplesmente caminhando e carregando um objeto.  O fluxo de trânsito parece normal.,2019-05-16 08:03:26,"Não, nenhum comportamento de risco é observado na sequência. A cena aparenta ser de atividade cotidiana normal.",camera_analyzer_prompt_external_street,True,False
event_20250410_145303_22890143,7,motion_detected/event_20250410_145303_22890143/0000_robbery_20250410_145303_frame.jpg,robbery,2025-04-10 14:53:03,"Ambiente interno de uma farmácia, iluminado artificialmente, à noite.","Duas pessoas, possivelmente homens, entram na farmácia. Um deles usa um capuz/máscara cobrindo o rosto e o outro um boné.","Os indivíduos entram com os rostos cobertos, o que é um forte indicador de possível intenção criminosa.  Um deles parece direcionar/ coagir o outro.",RPPRIMEIROJORNAL,"**Sim**, entrada de indivíduos com rostos cobertos em um estabelecimento comercial à noite configura forte suspeita de roubo.",camera_analyzer_prompt_internal_closed,True,True
event_20250403_110435_2ec98035,18,motion_detected/event_20250403_110435_2ec98035/0001_6984_20250307_101724_frame_20250403_110430_000136.jpg,6984,2025-03-07 10:17:24,"Ambiente externo, dia, aparentemente nublado. A cena se passa em uma calçada/estacionamento frontal de um imóvel, em uma rua que parece ser residencial ou comercial.","Uma pessoa sentada em uma cadeira na calçada do imóvel, próxima à entrada, visível nos primeiros 16 frames. Diversos carros e uma motocicleta passam pela rua durante esse período. Nos últimos dois frames, uma pessoa com uma pasta atravessa a rua em direção à entrada do imóvel.","Nenhum comportamento suspeito é observado. A pessoa sentada parece estar apenas esperando ou descansando, e o fluxo de veículos é normal. A pessoa que atravessa a rua nos frames finais parece estar se dirigindo ao imóvel de forma natural.",Câmera 01 (nos primeiros 16 frames) e Câmera 02 (nos últimos 2 frames).,Não. Nenhum comportamento de risco foi observado nas imagens. O movimento de pessoas e veículos parece ser o fluxo normal da rua.,camera_analyzer_prompt_external_street,False,False
event_20250410_145304_84c6a861,9,motion_detected/event_20250410_145304_84c6a861/0000_break-in_20250410_145304_frame.jpg,break-in,2025-04-10 14:53:04,"Ambiente interno com vista para uma área externa privada, possivelmente um corredor lateral ou saída de emergência. Noite, com iluminação precária infravermelho da câmera de segurança.","Uma pessoa é visível, forçando a abertura de uma porta que dá acesso à área externa. A pessoa entra parcialmente pela porta, mas devido à baixa qualidade da imagem e à iluminação insuficiente, não é possível identificar detalhes sobre a mesma. Não há veículos visíveis.","Tentativa de arrombamento e entrada não autorizada na propriedade através da porta. O indivíduo força a abertura da porta e acessa a área interna, caracterizando uma invasão.",Nenhum,"**Sim**, alta probabilidade de arrombamento e invasão. A ação da pessoa forçando a porta e entrando no ambiente em horário noturno indica uma clara violação de segurança e possível crime em andamento.",camera_analyzer_prompt_internal_to_outside,True,True
event_20250408_154827_bcf6e29e,3,motion_detected/event_20250408_154827_bcf6e29e/0000_hit_20250408_154827_frame.jpg,hit,2025-04-08 15:48:27,"Ambiente interno, aparentemente uma loja ou pequeno mercado, durante o dia, iluminação artificial ligada. A cena sugere um evento catastrófico, possivelmente uma inundação repentina, pela presença de água em movimento e objetos sendo arrastados.","No primeiro frame, não há pessoas visíveis. No segundo frame, não há pessoas visíveis. No terceiro frame, aparecem pelo menos três pessoas, possivelmente mais, sendo arrastadas pela água em movimento.  Não é possível discernir ações individuais devido à situação caótica.","A principal situação de risco é o evento em si, que parece ser uma inundação repentina e violenta dentro do estabelecimento, colocando em risco a vida das pessoas presentes. Não há comportamentos individuais discerníveis além da luta pela sobrevivência na correnteza.",Nenhum.,"**Sim**, altíssimo risco devido à inundação repentina e violenta, colocando em risco a vida das pessoas presentes e causando danos materiais ao estabelecimento. A força da água e a dificuldade de locomoção indicam uma situação de perigo iminente.",camera_analyzer_prompt_internal_closed,True,True
event_20250403_110546_a69dc7b4,20,motion_detected/event_20250403_110546_a69dc7b4/0001_6985_20250307_101724_frame_20250403_110546_000055.jpg,6985,2025-03-07 10:17:24,"Ambiente externo, dia com boa iluminação, rua/calçada em frente a um imóvel com portão e estacionamento frontal.","Vários carros transitando pela rua. Uma motocicleta passa pela rua. Um pedestre caminha pela calçada em frente ao imóvel, mas não interage com ele. Um carro estacionado na rua por um período prolongado.","Nenhum comportamento de risco explicitamente observado. Embora um carro fique estacionado na rua por um tempo, não há indícios de que os ocupantes estejam observando o imóvel ou agindo de forma suspeita.  A motocicleta passa pela rua sem reduzir a velocidade ou demonstrar qualquer outro comportamento suspeito. O pedestre também não exibe comportamentos que indiquem risco.",Câmera 02,"**Não**, Nenhum comportamento suspeito observado que justifique uma avaliação de risco médio ou alto. Tráfego normal de veículos e pedestres.",camera_analyzer_prompt_external_street,False,False
event_20250410_145301_4de8a0e3,23,motion_detected/event_20250410_145301_4de8a0e3/0000_burglary_20250410_145301_frame.jpg,burglary,2025-04-10 14:53:01,"Ambiente interno, noturno, com iluminação fraca em infravermelho. Parece ser um escritório ou sala similar, com mesas, cadeiras e um computador visível.","Duas pessoas. Uma entra na sala carregando o que parece ser um notebook ou objeto similar debaixo do braço, e a outra pessoa age como se estivesse mexendo em algo no canto da sala, possivelmente no computador.",Entrada não autorizada no ambiente durante a noite. Uma pessoa carrega um objeto que parece ser retirado do local. A outra pessoa parece estar mexendo no computador. Ações combinadas e o horário sugerem roubo.,13/07/2018 01:05:48 - 13/07/2018 01:06:33 e 13:25 (provavelmente horário da câmera),"**Sim**, Forte indício de roubo devido à entrada noturna, retirada de objeto e manipulação de equipamento.",camera_analyzer_prompt_internal_closed,True,True
event_20250402_152207_a112c0ac,9,motion_detected/event_20250402_152207_a112c0ac/0001_10774_20250228_101013_frame_20250402_152207_000018.jpg,10774,2025-02-28 10:10:13,"Ambiente interno, provavelmente garagem ou estacionamento coberto de um edifício. Iluminação artificial, aparentemente diurna. A câmera está posicionada de frente para uma porta de entrada.","Inicialmente, uma pessoa é vista caminhando em direção à porta e dois carros estacionados. A pessoa sai do quadro e os carros permanecem parados.",Nenhum comportamento suspeito observado. A pessoa parece estar saindo do prédio normalmente.,Camera 85,"**Não**, nenhuma atividade suspeita é identificada nas imagens. A cena retrata uma situação cotidiana em um ambiente interno. A descrição inicial induziu ao erro pois menciona se tratar de ambiente externo.",camera_analyzer_prompt_external_street,False,False
event_20250408_154828_98b432bf,1,motion_detected/event_20250408_154828_98b432bf/0000_gun_20250408_154828_frame.jpg,gun,2025-04-08 15:48:28,"Ambiente externo, noite com iluminação artificial limitada, calçada/entrada de imóvel.","Uma pessoa visível, vestida com roupas claras e capuz,  sem veículos aparentes. A pessoa se aproxima da entrada do imóvel.","Indivíduo usando capuz à noite se aproximando da entrada da propriedade, sem motivo aparente.",Nenhum,"**Sim**, a presença de um indivíduo encapuzado à noite se aproximando da entrada de um imóvel, sem razão visível, configura um comportamento suspeito e potencialmente ameaçador, justificando uma avaliação de risco.",camera_analyzer_prompt_external_street,True,True
event_20250410_145304_31ef96d4,8,motion_detected/event_20250410_145304_31ef96d4/0000_break-in_20250410_145304_frame.jpg,break-in,2025-04-10 14:53:04,"Ambiente interno, noturno, com iluminação infravermelha da câmera de segurança. Parece ser um bar ou restaurante, com mesas, cadeiras e um balcão com chopeira.",Duas pessoas entram no ambiente.  Eles parecem estar carregando mochilas ou sacolas.,"Duas pessoas entram no local, que aparenta estar fechado e sem outros indivíduos presentes.  Eles se movem pelo ambiente, e um deles parece procurar algo em um armário ou gaveta. A situação noturna, a ausência de outras pessoas e o ato de vasculhar o local sugerem uma possível invasão/furto.",#DomingoEspetacular,"**Sim**,  A presença de duas pessoas não autorizadas em um estabelecimento fechado durante a noite, vasculhando o local, configura alto risco de roubo ou vandalismo.",camera_analyzer_prompt_internal_closed,True,True
event_20250408_154826_d9cb453c,5,motion_detected/event_20250408_154826_d9cb453c/0000_grab_20250408_154826_frame.jpg,grab,2025-04-08 15:48:26,"Ambiente externo, noite, iluminação noturna infravermelho, provavelmente estacionamento frontal ou garagem.","Dois veículos visíveis, um com o porta-malas aberto. Duas pessoas são vistas manipulando objetos dentro do porta-malas do veículo. Uma motocicleta passa pela rua.","A baixa qualidade da imagem e a iluminação noturna dificultam a análise precisa. Embora as pessoas estejam manipulando objetos no porta-malas à noite, não há indícios claros de comportamento suspeito, como ocultação, movimentos rápidos ou olhar direcionado para a câmera/imóvel. A passagem da motocicleta parece ser normal, sem redução de velocidade ou outras ações suspeitas.",RickCams,"**Não**, Apesar do horário e da manipulação de objetos no porta-malas, não há comportamentos observáveis que indiquem, objetivamente, um risco à segurança.  A situação poderia ser perfeitamente normal, como pessoas guardando compras ou arrumando o carro.  A falta de detalhes visuais impede uma avaliação mais precisa, mas com base no que é possível observar, não há justificativa para classificar como risco.",camera_analyzer_prompt_external_street,True,False
event_20250403_113241_df74149a,10,motion_detected/event_20250403_113241_df74149a/0001_7647_20250307_134155_frame_20250403_113241_000030.jpg,7647,2025-03-07 13:41:55,"Ambiente externo, dia, boa iluminação. Rua com residências/edifícios, com carros estacionados na via. A câmera parece estar posicionada na fachada/portão de um imóvel.","Vários carros estacionados na rua. Um carro branco permanece parado próximo ao portão/entrada do imóvel durante toda a sequência, com o motorista visível dentro. Outros carros passam pela rua ocasionalmente. Não há pessoas visíveis fora dos veículos.","O carro branco parado em frente ao imóvel por um período prolongado, com o motorista visível dentro, pode ser considerado um comportamento suspeito, principalmente pela falta de outras ações (ex.: o motorista não sai do carro, não interage com ninguém).","intelbras, frente esquerda","**Sim**, permanência prolongada de um veículo com ocupante em frente ao imóvel, sem aparente motivo, configura um risco potencial.",camera_analyzer_prompt_external_street,False,True
event_20250402_153119_5e731392,9,motion_detected/event_20250402_153119_5e731392/0001_10785_20250228_101013_frame_20250402_153119_000089.jpg,10785,2025-02-28 10:10:13,"Ambiente interno, possivelmente um corredor ou área de armazenamento, com iluminação noturna muito escura ou infravermelho. A visibilidade é muito ruim nas primeiras imagens e nula nas demais.",Não é possível identificar pessoas ou veículos devido à baixa qualidade e posterior ausência de imagem.,Não é possível identificar comportamentos de risco devido à falta de visibilidade.,"""Camera 16"" e ""NO VIDEO"".","**Não**, devido à impossibilidade de visualizar qualquer atividade nas imagens, não há como avaliar a presença de riscos.  A qualidade da imagem impossibilita qualquer análise. É crucial corrigir o problema da câmera para garantir a segurança do local.",camera_analyzer_prompt_internal_closed,False,False
event_20250410_145302_abaccd09,24,motion_detected/event_20250410_145302_abaccd09/0000_robbery_20250410_145302_frame.jpg,robbery,2025-04-10 14:53:02,"Ambiente externo, noite, iluminação infravermelho em uma rua residencial.","Inicialmente, um carro branco estaciona na rua. Um indivíduo sai do carro e caminha pela calçada. Logo depois, outro indivíduo se aproxima em uma motocicleta.","Um carro para na rua à noite e uma pessoa desce, enquanto outra chega de moto, sugerindo possível encontro planejado. A baixa qualidade da imagem e a iluminação noturna dificultam a plena identificação das ações, mas a natureza do encontro em local e horário incomuns levanta suspeita.",21/01/2018 23:13:52,"**Sim**, O encontro noturno entre os indivíduos, um em carro e outro em moto, em circunstâncias que não ficam claras pelas imagens, levanta suspeita e, considerando o contexto brasileiro e a ênfase em motos como fator de risco, justifica uma avaliação de risco.  A falta de clareza das imagens contribui para a avaliação de risco por precaução.",camera_analyzer_prompt_external_street,True,True
event_20250402_153028_6d75d183,7,motion_detected/event_20250402_153028_6d75d183/0001_10785_20250228_101013_frame_20250402_153028_000040.jpg,10785,2025-02-28 10:10:13,"Ambiente externo, aparentemente durante o dia com iluminação variável (inicialmente clara, depois escura/com interferência), possivelmente entrada/portão de um imóvel com grades laterais e calçamento de blocos.",Nenhuma pessoa ou veículo visível.,Nenhum comportamento de risco observado.,Nenhum.,"**Não**, nenhuma pessoa ou veículo detectado, e nenhuma atividade suspeita observada nas imagens. A mudança na iluminação e a possível interferência/degradação da imagem não indicam, por si só, um risco à segurança.",camera_analyzer_prompt_external_street,False,False
event_20250403_091207_eb29739f,9,motion_detected/event_20250403_091207_eb29739f/0001_55410_20250302_230353_frame_20250403_091207_000032.jpg,55410,2025-03-02 23:03:53,"Ambiente interno com vista para a área externa privada à noite. A iluminação é noturna, fornecida provavelmente por refletores próximos à câmera e pela iluminação pública da rua, que é visível ao fundo. A área visualizada parece ser a entrada/garagem da propriedade, com um portão fechado e um pequeno jardim.",Nenhuma pessoa visível nas imagens. Veículos trafegam na rua ao fundo.,Nenhum comportamento de risco observado.,Câmera 65,"Não, nenhum comportamento suspeito detectado nas imagens. Nenhuma pessoa presente na área privada.",camera_analyzer_prompt_internal_to_outside,False,False
event_20250403_091347_31d8b0de,9,motion_detected/event_20250403_091347_31d8b0de/0001_55410_20250302_230353_frame_20250403_091347_000129.jpg,55410,2025-03-02 23:03:53,"Ambiente interno com vista para área externa privada à noite. A iluminação é noturna, fornecida provavelmente por um sistema de segurança com infravermelho. A área visualizada parece ser a entrada/garagem da propriedade, com visão parcial da rua e portão fechado.","Nenhuma pessoa visível na área privada. Há carros passando na rua, visíveis através do portão. Um carro branco está estacionado na rua em frente ao portão durante a maior parte da sequência.",Nenhum comportamento suspeito observado dentro da área monitorada.,Câmera 65,"Não, nenhum comportamento suspeito foi detectado nas imagens. Trânsito normal de veículos na rua não representa risco à propriedade em si.",camera_analyzer_prompt_internal_to_outside,False,False
event_20250408_154828_00fee1e5,2,motion_detected/event_20250408_154828_00fee1e5/0000_fall_20250408_154828_frame.jpg,fall,2025-04-08 15:48:28,"Ambiente interno (varanda coberta) com vista para área externa privada (rua em frente à residência). Dia, com boa iluminação natural. Neve no chão. Área visualizada é a frente da casa, incluindo a rua e calçada.","Duas pessoas, provavelmente mulheres jovens, saindo da residência. Um carro estacionado visível na rua.",Nenhum comportamento suspeito observado. As pessoas parecem estar saindo da casa normalmente.,Brinks Home Security,"Não, as imagens mostram uma cena cotidiana sem indícios de risco à segurança.",camera_analyzer_prompt_internal_to_outside,True,False
event_20250408_154829_617a7b45,4,motion_detected/event_20250408_154829_617a7b45/0000_struggle_20250408_154829_frame.jpg,struggle,2025-04-08 15:48:29,"Ambiente externo, dia, rua residencial com carros estacionados.","Várias pessoas e carros visíveis.  Na sequência, um indivíduo de moletom escuro ataca uma pessoa perto de um carro vermelho. Uma pessoa de jaqueta bege tenta intervir. Uma moto passa pela rua, mas não parece estar diretamente envolvida no confronto.","Agressão física clara entre indivíduos na rua. Embora uma moto esteja presente, ela não demonstra comportamento suspeito diretamente ligado ao confronto. O foco principal de risco aqui é a briga.",NewsDog media/M,"**Sim**, devido à agressão física ocorrendo na rua. Apesar da presença de uma motocicleta, o risco principal é derivado da violência física observada.",camera_analyzer_prompt_external_street,True,True
event_20250402_171342_cc7e5892,6,motion_detected/event_20250402_171342_cc7e5892/0001_4990_20250228_161321_frame_20250402_171342_000046.jpg,4990,2025-02-28 16:13:21,"Ambiente externo, dia, iluminação clara. A cena parece ser a entrada/calçada de um imóvel, com vegetação e uma parede visível.","Uma pessoa é visível na rua, possivelmente varrendo a calçada. Não há veículos claramente identificáveis.",Nenhum comportamento suspeito observado. A pessoa parece estar realizando uma atividade cotidiana.,Camera 04,"Não, nenhum comportamento suspeito foi observado nas imagens. A pessoa visível parece estar varrendo a rua, o que não configura um risco à segurança.",camera_analyzer_prompt_external_street,False,False
event_20250403_091742_afe052f2,35,motion_detected/event_20250403_091742_afe052f2/0001_55407_20250302_230353_frame_20250403_091735_000041.jpg,55407,2025-03-02 23:03:53,"Ambiente interno com vista para uma área externa privada à noite. A iluminação é artificial, proveniente de postes na rua e possivelmente de alguma luz interna refletindo no pátio. A área visualizada parece ser um pequeno pátio ou jardim frontal, com mesas e cadeiras, um portão de metal e um muro baixo com grades, além de uma visão parcial da rua.","Várias pessoas transitam pela rua ao fundo, algumas passando próximas ao portão da propriedade. Um indivíduo é detectado próximo ao portão em alguns frames (16, 17, 22, 26, 30, 35), mas parece estar apenas caminhando pela rua.  Carros trafegam pela rua durante toda a sequência.","Nenhum comportamento suspeito é observado. As pessoas detectadas parecem estar apenas transitando pela rua, sem interagir com a propriedade. Não há aproximação suspeita ao portão, janelas, ou muros, nem tentativas de acesso.",Câmera 02.,Não. Nenhum comportamento de risco foi observado nas imagens. A atividade detectada é consistente com o tráfego normal de pedestres e veículos em uma via pública.,camera_analyzer_prompt_internal_to_outside,False,False
event_20250402_154309_d17a8c21,6,motion_detected/event_20250402_154309_d17a8c21/0001_10771_20250228_101013_frame_20250402_154309_000007.jpg,10771,2025-02-28 10:10:13,"Ambiente interno com vista para uma área externa privada que parece ser uma varanda ou corredor lateral. Dia, com iluminação natural, aparentemente nublado.",Nenhuma pessoa ou veículo detectado.,Nenhum comportamento de risco observado.,Camera 02,"Não, nenhum risco aparente.",camera_analyzer_prompt_internal_to_outside,False,False
event_20250402_170432_a89dcd4a,6,motion_detected/event_20250402_170432_a89dcd4a/0001_4992_20250228_161321_frame_20250402_170432_000006.jpg,4992,2025-02-28 16:13:21,"Ambiente interno com vista para uma área externa privada que parece ser um jardim ou quintal. Dia, com iluminação clara.  A câmera parece estar posicionada em uma varanda ou área coberta.",Nenhuma pessoa ou veículo visível.,Nenhum comportamento suspeito observado.,Camera 06,"Não, nenhum risco aparente.",camera_analyzer_prompt_internal_to_outside,False,False
event_20250408_154828_d3eda1a7,2,motion_detected/event_20250408_154828_d3eda1a7/0000_fall_20250408_154828_frame.jpg,fall,2025-04-08 15:48:28,"Ambiente interno, parece ser um escritório ou sala de segurança, com iluminação artificial. Dia, provavelmente tarde, baseado no carimbo de data/hora (2014-10-06 07:48:xx PM).","Quatro pessoas visíveis. Três parecem ser funcionários ou guardas, usando uniformes escuros. Uma quarta pessoa, uma mulher, está sendo contida pelos outros três contra a parede.",Uma pessoa está sendo fisicamente contida contra a parede. Um dos indivíduos envolvidos parece estar realizando uma busca na pessoa contida. A situação sugere um conflito ou uma detenção.,2014-10-06 07:48:xx PM MST (e outro carimbo ilegível),"**Sim**, Alto risco devido à agressão física e contenção de uma pessoa. A situação sugere um incidente de segurança em andamento.",camera_analyzer_prompt_internal_closed,True,True
event_20250408_154829_ed9143f6,3,motion_detected/event_20250408_154829_ed9143f6/0000_run_20250408_154829_frame.jpg,run,2025-04-08 15:48:29,"Ambiente interno com vista para uma rua e um quintal/jardim frontal de uma casa. Dia, iluminação natural.","Uma pessoa andando de skate na rua, dois cachorros no quintal da casa, um caminhão e um carro estacionados na rua.","Nenhum comportamento de risco observado. A pessoa está andando de skate na rua, o que parece ser uma atividade normal em um ambiente residencial. Os cachorros estão no quintal da casa e os veículos estão estacionados.",FAILARMY,"Não, nenhuma atividade suspeita foi observada nas imagens. A cena retrata uma situação cotidiana em um ambiente residencial.",camera_analyzer_prompt_internal_to_outside,True,False
event_20250403_110501_6729df14,21,motion_detected/event_20250403_110501_6729df14/0001_6985_20250307_101724_frame_20250403_110453_000004.jpg,6985,2025-03-07 10:17:24,"Ambiente externo, dia, boa iluminação. Rua residencial/comercial com portão de entrada e estacionamento frontal visíveis.",Uma pessoa caminha em frente ao imóvel e entra. Diversos carros passam pela rua. Uma motocicleta com um ocupante passa pela rua.,"Nenhum comportamento suspeito observado. A pessoa que caminha em frente à propriedade entra normalmente, sugerindo que seja morador ou funcionário. Os veículos trafegam normalmente pela rua.",Câmera 02 e data/hora.,"**Não**, nenhum comportamento de risco foi identificado nas imagens. Tráfego normal de veículos e pedestres.",camera_analyzer_prompt_external_street,False,False
event_20250408_154826_2c1ec565,5,motion_detected/event_20250408_154826_2c1ec565/0000_grab_20250408_154826_frame.jpg,grab,2025-04-08 15:48:26,"Ambiente externo, noite, iluminação ruim devido à baixa luminosidade, rua residencial, estacionamento frontal de um imóvel.","Um carro parado em frente à residência com as portas abertas. Há pelo menos uma pessoa dentro do veículo, possivelmente mexendo em algo no painel ou console central. Outro carro está estacionado na rua, mais distante.","Permanência prolongada do veículo em frente ao imóvel com as portas abertas durante a noite. A baixa iluminação dificulta a visualização completa das ações da pessoa dentro do carro, tornando a situação potencialmente suspeita.",IPC,"**Sim**, a permanência prolongada em frente à residência durante a noite, com baixa visibilidade das ações do ocupante do veículo, levanta suspeita e justifica uma classificação de risco, mesmo que moderado. A falta de clareza sobre o que a pessoa está fazendo dentro do carro contribui para a avaliação de risco.",camera_analyzer_prompt_external_street,True,True
event_20250402_173754_467058ed,6,motion_detected/event_20250402_173754_467058ed/0001_53862_20250301_082830_frame_20250402_173754_000126.jpg,53862,2025-03-01 08:28:30,"Ambiente interno, corredor com vista para uma área externa privada, possivelmente um pequeno quintal ou escada de acesso. Noite, com iluminação artificial visível na área externa.",Nenhuma pessoa ou veículo visível.,Nenhum comportamento de risco observado.,Câmera 04,"Não, nenhum risco aparente.",camera_analyzer_prompt_internal_to_outside,False,False
event_20250408_154828_79d7aceb,2,motion_detected/event_20250408_154828_79d7aceb/0000_throw_20250408_154828_frame.jpg,throw,2025-04-08 15:48:28,"Ambiente externo, dia, aparentemente nublado. Local da cena: passarela/viaduto sobre trilhos de trem ou via similar.","Duas pessoas são visíveis na passarela, sem veículos presentes. Uma delas parece jogar algo (possivelmente pedras, conforme a marca d'água sugere) em direção aos trilhos/via abaixo.",Ato de jogar objetos de uma passarela sobre uma via representa um risco à segurança de veículos e pessoas que possam estar trafegando abaixo.  Ação potencialmente criminosa e perigosa.,"13 CRIME BEAT, ROCKS THROWN FROM OVERPASS, MUNCIE, WTHR","**Sim**,  lançar objetos de uma passarela representa um claro risco à segurança do tráfego e de pessoas que possam estar na área abaixo.  Apesar da YOLOv8 não ter detectado objetos, a ação do indivíduo e o texto da marca d'água indicam um forte indício de comportamento de risco.",camera_analyzer_prompt_external_street,True,True
event_20250408_154827_6620de67,4,motion_detected/event_20250408_154827_6620de67/0000_sit_20250408_154827_frame.jpg,sit,2025-04-08 15:48:27,"Interior de um veículo, provavelmente um táxi ou carro de aplicativo, durante o dia com iluminação natural adequada.","Uma pessoa visível, sentada no banco de trás do veículo.","Nenhum comportamento de risco aparente. A pessoa está sentada e parece estar conversando ou pensando.  A presença de uma ""suitcase"" detectada em um frame é normal dentro deste contexto.","Informações de data, hora, e possivelmente velocidade e localização estão presentes na parte superior direita das imagens.","**Não**, nenhum comportamento suspeito ou ameaçador foi observado. A cena aparenta ser rotineira dentro de um veículo.",camera_analyzer_prompt_internal_closed,True,False
event_20250402_150531_3b752641,9,motion_detected/event_20250402_150531_3b752641/0001_40424_20250221_185342_frame_20250402_150531_000008.jpg,40424,2025-02-21 18:53:42,"Ambiente externo, dia, boa iluminação. A cena parece ser a entrada/portão de um imóvel, possivelmente residencial, com um portão gradeado e uma escada. Há vegetação ao lado do portão.","Uma pessoa aparece brevemente nos primeiros frames, carregando uma mochila/bolsa, e saindo pelo portão. Nenhum veículo é visível.",Nenhum comportamento suspeito é observado. A pessoa parece estar saindo normalmente do local.,Câmera 03 e data/hora.,"**Não**, nenhuma atividade suspeita foi detectada. A pessoa visível age de forma natural ao sair pelo portão.",camera_analyzer_prompt_external_street,False,False
event_20250408_154828_3dd50747,3,motion_detected/event_20250408_154828_3dd50747/0000_stand_20250408_154828_frame.jpg,stand,2025-04-08 15:48:28,"Ambiente externo, dia, iluminação clara. A cena parece ser um estacionamento ou área de acesso a um imóvel, com um muro branco ao fundo.","Uma pessoa visível, possivelmente saindo de um carro prata. Há outros carros estacionados e uma motocicleta/bicicleta.  Não há indícios de interação entre a pessoa e os outros veículos ou com o imóvel além do carro em que parece estar.",Nenhum comportamento suspeito é observado nas imagens fornecidas. A pessoa parece estar simplesmente saindo de um veículo estacionado.,CH48,"**Não**, nenhuma atividade suspeita foi observada na curta sequência fornecida. A pessoa parece estar realizando uma ação cotidiana (saindo do carro).  Mais imagens seriam necessárias para uma avaliação completa.",camera_analyzer_prompt_external_street,False,False
event_20250410_145303_1cfc3a0f,16,motion_detected/event_20250410_145303_1cfc3a0f/0000_robbery_20250410_145303_frame.jpg,robbery,2025-04-10 14:53:03,"Ambiente externo, dia, boa iluminação. Rua residencial com carros estacionados.","Inicialmente, vários carros estacionados e em movimento na rua. Um indivíduo sai de um carro prata e corre em direção a um carro estacionado (BMW azul escuro).  Ele aborda o motorista e parece haver uma interação forçada.",A corrida do indivíduo em direção ao carro e a rápida interação sugerem um assalto ou abordagem agressiva.,amadoprogramador,"**Sim**, a ação rápida e a interação forçada entre o indivíduo que saiu do carro prata e o motorista do BMW indicam alto risco de assalto.",camera_analyzer_prompt_external_street,True,True
event_20250403_115120_668de0a1,17,motion_detected/event_20250403_115120_668de0a1/0001_16312_20250307_134155_frame_20250403_115120_000048.jpg,16312,2025-03-07 13:41:55,"Ambiente interno, dia, boa iluminação, escritório.","Uma pessoa visível, aparentemente trabalhando em uma mesa.",Nenhum comportamento de risco observado. A pessoa parece estar realizando atividades normais de escritório.,"intelbras, Escritorio","**Não**, Nenhum risco aparente.",camera_analyzer_prompt_internal_closed,False,False
event_20250408_154829_826e1905,4,motion_detected/event_20250408_154829_826e1905/0000_struggle_20250408_154829_frame.jpg,struggle,2025-04-08 15:48:29,"Ambiente externo, noturno, com iluminação artificial. A cena parece ser a entrada de um estabelecimento, possivelmente uma casa noturna ou bar, com uma calçada na frente.","Múltiplas pessoas estão presentes, algumas envolvidas em uma altercação física. Seguranças identificados pela inscrição ""SECURITY"" em suas roupas estão presentes e parecem estar contendo ou expulsando um indivíduo. Não há veículos claramente visíveis nas imagens.","Altercação física na entrada do estabelecimento. Os seguranças estão envolvidos, sugerindo um comportamento disruptivo por parte de pelo menos um indivíduo.",14/06/2009 1:45:07.749 (e subsequentes nos demais frames),"**Sim**, a altercação física representa um risco à segurança do local e das pessoas presentes. Embora não se trate de um risco diretamente relacionado à segurança patrimonial no sentido de roubo ou invasão, a briga pode resultar em danos físicos aos envolvidos e perturbação da ordem pública.",camera_analyzer_prompt_external_street,True,True
event_20250408_154828_138fb57f,3,motion_detected/event_20250408_154828_138fb57f/0000_fall_20250408_154828_frame.jpg,fall,2025-04-08 15:48:28,"Ambiente externo, dia, nublado, entrada/calçada de uma residência.","Um entregador da FedEx, um caminhão da FedEx e um carro estacionado. O entregador se aproxima da porta de entrada da residência carregando pacotes.",Nenhum comportamento suspeito observado. O entregador está realizando uma entrega.,ring.com,"**Não**, entrega regular da FedEx sem sinais de risco à segurança.",camera_analyzer_prompt_external_street,True,False
event_20250402_134640_5c3ec297,11,motion_detected/event_20250402_134640_5c3ec297/0001_6888_20250219_153816_frame_20250402_134640_000031.jpg,6888,2025-02-19 15:38:16,"Ambiente interno de um elevador, dia, iluminação artificial adequada.","Uma pessoa, aparentemente do sexo masculino, dentro do elevador. Ele segura o que parece ser um molho de chaves e/ou um celular.",Nenhum comportamento de risco observado. A pessoa parece estar utilizando o elevador normalmente.,Camera 06,"**Não**, nenhum comportamento suspeito ou ação que indique risco à segurança foi observado. A pessoa parece estar apenas esperando o elevador chegar ao seu destino.",camera_analyzer_prompt_internal_closed,False,False
event_20250402_141414_61adc9a9,6,motion_detected/event_20250402_141414_61adc9a9/0001_6887_20250219_153816_frame_20250402_141414_000009.jpg,6887,2025-02-19 15:38:16,"Ambiente interno, provavelmente um hall de entrada de edifício, com vista para uma área externa durante o dia com boa iluminação. A área externa aparenta ser a entrada do edifício, possivelmente com um estacionamento.","Uma pessoa é vista brevemente na área externa, aparentemente saindo do prédio. Não há veículos claramente visíveis, apesar de parte de um possível veículo ser vista através da porta aberta.",Nenhum comportamento de risco observado. A pessoa vista parece estar saindo do prédio normalmente.,Camera 05,"Não, nenhum comportamento suspeito foi observado nas imagens. A pessoa visível aparenta estar saindo do prédio de forma normal.",camera_analyzer_prompt_internal_to_outside,False,False
event_20250403_110227_40dfdb1b,13,motion_detected/event_20250403_110227_40dfdb1b/0001_6984_20250307_101724_frame_20250403_110227_000016.jpg,6984,2025-03-07 10:17:24,"Ambiente externo, dia chuvoso, calçada/estacionamento frontal de um imóvel. A iluminação é diurna, mas afetada pela chuva.",Uma pessoa sentada em um banco sob um guarda-sol na calçada/estacionamento. Diversos carros passam pela rua durante o vídeo.,Nenhum comportamento suspeito é observado. A pessoa parece estar apenas esperando ou descansando. Os carros trafegam normalmente.,Câmera 01 e data/hora.,"**Não**, nenhum comportamento de risco identificado. A cena aparenta ser rotineira.",camera_analyzer_prompt_external_street,False,False
event_20250408_154828_a4352938,2,motion_detected/event_20250408_154828_a4352938/0000_stand_20250408_154828_frame.jpg,stand,2025-04-08 15:48:28,"Ambiente externo, noite, iluminação artificial, parece ser uma calçada em frente a um estabelecimento comercial com escada de acesso.","Três pessoas e uma motocicleta. Duas pessoas estão na motocicleta, uma delas desembarca e se aproxima da entrada do estabelecimento enquanto a outra permanece na moto.  Uma terceira pessoa caminha pela calçada, aparentemente sem interagir com os outros. Há carros estacionados e em movimento na rua.","A permanência da motocicleta com um ocupante aguardando próximo ao local, enquanto o outro se aproxima da entrada, pode ser um indicativo de risco, especialmente no contexto brasileiro onde motos são frequentemente usadas em roubos.  A ação, embora comum em alguns casos (como entrega por aplicativo), requer atenção. Não há outros comportamentos explicitamente suspeitos, como olhares repetidos, movimentos hesitantes, ou tentativas de manipular entradas.",TITANVORTEX,"**Sim**, Baixo. A presença da motocicleta com um ocupante aguardando, enquanto o outro desce e interage com o local, configura um cenário com baixo risco potencial,  justificado pela possibilidade de ser uma situação corriqueira (como uma entrega), porém que merece atenção devido ao contexto de segurança no Brasil.  A ausência de outros comportamentos suspeitos contribui para classificar o risco como baixo, mas não o elimina completamente.",camera_analyzer_prompt_external_street,False,True
event_20250408_154828_fabdce01,3,motion_detected/event_20250408_154828_fabdce01/0000_stand_20250408_154828_frame.jpg,stand,2025-04-08 15:48:28,"Ambiente interno, provavelmente um quarto, com pouca iluminação, noturna.","Duas pessoas visíveis. Uma parece estar cuidando de uma terceira pessoa deitada em uma cama, possivelmente uma criança ou idoso. A outra pessoa se aproxima e parece interagir com a primeira. Não há veículos.","Nenhum comportamento explicitamente suspeito é observado nas imagens fornecidas.  As interações parecem normais dentro do contexto de um quarto, possivelmente familiar.",Nenhum,"**Não**,  As ações observadas parecem ser de interação e cuidado com uma pessoa deitada na cama.  Não há indicativos visuais de ameaça ou comportamento de risco à segurança das pessoas ou patrimônio.  A baixa iluminação dificulta uma análise mais precisa, mas nas imagens disponíveis, não há motivos para suspeita.",camera_analyzer_prompt_internal_closed,False,False
event_20250403_110306_2a4c2741,12,motion_detected/event_20250403_110306_2a4c2741/0001_6984_20250307_101724_frame_20250403_110306_000054.jpg,6984,2025-03-07 10:17:24,"Ambiente externo, dia, aparentemente nublado. A cena se passa em uma calçada/estacionamento frontal de um imóvel, com uma rua ao fundo.",Uma pessoa sentada sob um guarda-sol próximo à entrada do imóvel. Diversos carros e um caminhão passam pela rua ao fundo. Uma pessoa atravessa a rua na faixa de pedestres.,"Nenhum comportamento suspeito observado. A pessoa próxima à entrada parece estar parada no local, possivelmente esperando ou descansando. O tráfego na rua parece normal.",Câmera 01 e data/hora.,"Não, nenhum comportamento de risco foi observado nas imagens. A cena aparenta ser de um dia normal com tráfego regular e uma pessoa sentada próxima à entrada do imóvel sem demonstrar qualquer atitude suspeita.",camera_analyzer_prompt_external_street,False,False
event_20250410_145302_fd512be8,11,motion_detected/event_20250410_145302_fd512be8/0000_robbery_20250410_145302_frame.jpg,robbery,2025-04-10 14:53:02,"Ambiente externo, dia, boa iluminação. Rua residencial com calçada, portão de entrada visível.","Inicialmente, uma pessoa em uma moto vermelha e duas pessoas em uma moto preta. A pessoa na moto vermelha parece ser abordada pelas duas pessoas na moto preta.  Posteriormente, a pessoa da moto vermelha é derrubada e fica caída no chão. A moto preta deixa o local. A pessoa da moto vermelha permanece no chão.","Abordagem por indivíduos em motocicleta, derrubada da vítima da moto, fuga dos agressores. Forte indício de roubo ou agressão.",11-07-2023 TOP 09:57:06 (e sequência no canto superior esquerdo de cada frame),"**Sim**,  Assalto/agressão evidente com uso de motocicletas, caracterizando alto risco à segurança.",camera_analyzer_prompt_external_street,True,True
event_20250410_145304_8ec3e678,25,motion_detected/event_20250410_145304_8ec3e678/0000_break-in_20250410_145304_frame.jpg,break-in,2025-04-10 14:53:04,"Ambiente interno, noturno, com iluminação infravermelha da câmera de segurança. Parece ser um depósito ou área de estoque, com prateleiras metálicas visíveis.",Duas pessoas entram na área. Uma delas parece estar usando um capuz ou algo similar na cabeça.,"Indivíduos não identificados adentrando um local fechado durante a noite. Um deles usa um capuz, o que sugere tentativa de ocultar a identidade.  Embora não haja ação explícita de roubo ou vandalismo visível, a situação e o horário são suspeitos.",11/07/2018 00:44:40 (e subsequentes nos frames),"**Sim**, presença de pessoas não identificadas em local fechado fora do horário comercial, com indícios de ocultação de identidade, configura alto risco de atividade ilícita.",camera_analyzer_prompt_internal_closed,True,True
event_20250402_150847_2875d9f1,6,motion_detected/event_20250402_150847_2875d9f1/0001_40428_20250221_185342_frame_20250402_150847_000004.jpg,40428,2025-02-21 18:53:42,"Ambiente externo, dia, com boa iluminação. A cena se passa em uma rua com calçada, possivelmente residencial ou comercial, mostrando a fachada e portão/entrada de um imóvel.",Um carro vermelho estaciona brevemente em frente ao imóvel e depois sai. Outros veículos passam pela rua normalmente. Nenhuma pessoa é vista fora dos veículos.,"Nenhum comportamento suspeito observado. O carro estacionado por um curto período não apresenta indícios de risco, parecendo uma parada rápida sem interação com o imóvel monitorado.",Câmera 07,"**Não**, nenhum comportamento suspeito foi observado nas imagens. O carro estacionado e saindo logo em seguida é uma ocorrência comum em vias públicas.",camera_analyzer_prompt_external_street,False,False
event_20250402_150644_65cf02b1,9,motion_detected/event_20250402_150644_65cf02b1/0001_40426_20250221_185342_frame_20250402_150640_000009.jpg,40426,2025-02-21 18:53:42,"Ambiente externo, dia, boa iluminação. Local da cena: portão de entrada de um imóvel, com vista para a rua/calçada.","Uma pessoa visível no início, abrindo o portão e saindo do imóvel. Posteriormente, um carro estacionado na rua e uma moto com um ocupante passando pela rua.",Nenhum comportamento suspeito observado. A pessoa sai do imóvel normalmente. O carro estacionado e a moto passando não demonstram qualquer interação com o imóvel ou comportamento que indique risco.,Câmera 05,"**Não**, nenhuma ação suspeita foi observada na sequência de imagens. A pessoa sai do imóvel de forma normal, e os veículos na rua não apresentam comportamento de risco.",camera_analyzer_prompt_external_street,False,False
event_20250402_153052_8400b28d,11,motion_detected/event_20250402_153052_8400b28d/0001_10785_20250228_101013_frame_20250402_153052_000063.jpg,10785,2025-02-28 10:10:13,"Ambiente interno, parece ser um corredor ou área de passagem fechada, com grades laterais. A iluminação varia entre baixa/sem iluminação e alguns momentos com luz, possivelmente diurna.","Nenhuma pessoa detectada pela YOLOv8. A qualidade da imagem é ruim e há momentos com a mensagem ""NO VIDEO"", dificultando a visualização.",Não é possível identificar comportamentos de risco devido à má qualidade das imagens e à falta de detecção de pessoas.,"""Camera 16""","**Não**, devido à impossibilidade de avaliar a cena adequadamente pela má qualidade do vídeo e falta de detecção de pessoas ou objetos.  A  presença de  ""NO VIDEO"" em vários frames sugere problemas com a câmera ou a gravação. É necessário verificar o sistema de monitoramento.",camera_analyzer_prompt_internal_closed,False,False
event_20250402_154239_6901bc0d,7,motion_detected/event_20250402_154239_6901bc0d/0001_10782_20250228_101013_frame_20250402_154239_000133.jpg,10782,2025-02-28 10:10:13,"Ambiente externo, dia, boa iluminação. A cena parece ser a calçada e rua em frente a um imóvel, possivelmente comercial, com palmeiras e uma via com múltiplas faixas.",Uma pessoa em uma motocicleta trafegando pela rua. Outros veículos passam ao fundo. Uma pessoa é detectada brevemente na calçada no frame 0004.,Nenhum comportamento suspeito é observado. A motocicleta passa pela rua sem reduzir a velocidade ou demonstrar interesse pelo imóvel. A pessoa na calçada não interage com a propriedade.,Camera: 13,"**Não**, nenhum comportamento de risco foi observado na sequência. A passagem da motocicleta e da pessoa parecem ser tráfego normal.",camera_analyzer_prompt_external_street,False,False
event_20250408_154827_489da73b,3,motion_detected/event_20250408_154827_489da73b/0000_sit_20250408_154827_frame.jpg,sit,2025-04-08 15:48:27,"Ambiente interno, possivelmente um escritório, com vista parcial para uma área externa, provavelmente durante o dia, dada a iluminação. A área externa não é claramente visível, mas parece ser uma entrada ou recepção.",Uma pessoa adulta visível na porta e uma criança pequena no interior. A criança segura um livro. Não há veículos visíveis.,Nenhum comportamento suspeito observado. A cena aparenta ser de uma interação normal entre um adulto e uma criança.,Broward Sheriff's Office,"Não, nenhuma atividade suspeita foi detectada nas imagens. A presença do adulto e da criança sugere uma situação normal.",camera_analyzer_prompt_internal_to_outside,True,False
event_20250408_154827_df4d752d,5,motion_detected/event_20250408_154827_df4d752d/0000_walk_20250408_154827_frame.jpg,walk,2025-04-08 15:48:27,"Ambiente interno, possivelmente uma varanda coberta, com vista para uma área externa privada que parece ser um quintal ou pátio. Dia, com iluminação natural, aparentemente no início da manhã, considerando o horário indicado na imagem (05:12).",Uma pessoa visível a partir do frame 0002. A pessoa move uma cadeira pelo pátio. Não há veículos.,"A pessoa parece estar reorganizando ou limpando o pátio, movendo uma cadeira. Não há interação com portões, muros, janelas ou áreas restritas. O comportamento observado não sugere, por si só, risco à segurança.",camera2,"**Não**, a pessoa parece estar realizando atividades comuns em um ambiente privado, sem apresentar comportamentos suspeitos ou ameaçadores.",camera_analyzer_prompt_internal_to_outside,True,False
event_20250403_110122_9008d0c2,6,motion_detected/event_20250403_110122_9008d0c2/0001_6987_20250307_101724_frame_20250403_110122_000108.jpg,6987,2025-03-07 10:17:24,"Ambiente interno, dia, iluminação artificial e natural (parece ser um escritório ou recepção com uma janela com vidro fosco/adesivo).","Duas pessoas. Uma sentada em uma cadeira em frente à mesa/balcão e outra pessoa atrás da mesa, aparentemente conversando e/ou trabalhando em um computador.",Nenhum comportamento de risco observado. As pessoas parecem estar em uma interação normal de escritório/recepção.,Câmera D4,"**Não**, nenhuma ação suspeita foi detectada. As pessoas presentes parecem estar realizando atividades normais em um ambiente de trabalho.",camera_analyzer_prompt_internal_closed,False,False
event_20250403_101317_ac64b50b,14,motion_detected/event_20250403_101317_ac64b50b/0001_17201_20250307_002851_frame_20250403_101317_000129.jpg,17201,2025-03-07 00:28:51,"Ambiente externo, noite, iluminação infravermelha da câmera, parece ser a entrada/portão de um imóvel, possivelmente residencial ou comercial, com cerca e concertina.","Nenhuma pessoa visível. Um veículo passa pela rua na distância, mas sem interação com a propriedade monitorada.",Nenhum comportamento suspeito observado.,"intelbras, Frente, L, E","Não, nenhum comportamento suspeito foi identificado nas imagens. O veículo que passa pela rua não demonstra interação com o imóvel.",camera_analyzer_prompt_external_street,False,False
event_20250403_111720_8438ede2,13,motion_detected/event_20250403_111720_8438ede2/0001_6990_20250307_101724_frame_20250403_111720_000111.jpg,6990,2025-03-07 10:17:24,"Ambiente interno, iluminado artificialmente, aparentemente durante o dia. O local parece ser uma clínica estética ou consultório, com macas, equipamentos e armários.","Uma pessoa é visível a partir do frame 0006, aparentemente realizando algum procedimento em outra pessoa deitada em uma maca.  Não é possível determinar o número exato de pessoas, pois a segunda pessoa está parcialmente obstruída.",Nenhum comportamento de risco é observado. A pessoa em pé parece estar executando tarefas normais dentro do contexto de uma clínica.,Camera 97 e data/hora no canto superior esquerdo.,"**Não**, Nenhum risco aparente. As atividades observadas parecem ser rotineiras para o ambiente.",camera_analyzer_prompt_internal_closed,False,False
event_20250408_154828_0ef99938,9,motion_detected/event_20250408_154828_0ef99938/0000_stand_20250408_154828_frame.jpg,stand,2025-04-08 15:48:28,"Ambiente interno, possivelmente um comércio, com iluminação artificial. Noite. A câmera está voltada para a entrada/saída do estabelecimento. Não há vista para área externa privada.","Uma pessoa, aparentemente uma mulher, é visível na área da entrada. Ela interage com a porta, abrindo-a e fechando-a algumas vezes, mas sem sair do estabelecimento.","Não há comportamentos de risco observados que indiquem uma ameaça à segurança. A pessoa parece estar apenas manuseando a porta, possivelmente verificando se está trancada ou fechando-a corretamente.",CAM 3,"Não. A ação observada não sugere risco imediato à segurança. A pessoa permanece dentro do estabelecimento e não exibe comportamentos suspeitos como observar o entorno ou tentar forçar a entrada. A interação com a porta parece normal, possivelmente checando o fechamento.",camera_analyzer_prompt_internal_to_outside,False,False
event_20250402_135631_93a32206,11,motion_detected/event_20250402_135631_93a32206/0001_6895_20250219_153816_frame_20250402_135623_000080.jpg,6895,2025-02-19 15:38:16,"Ambiente interno, aparentemente uma garagem ou estacionamento coberto. Dia, com iluminação natural vinda de uma saída/entrada.",Um carro sai da garagem. Não há pessoas visíveis após a saída do veículo.,Nenhum comportamento de risco observado. O carro sai normalmente da garagem.,Câmera 13,"**Não**, Nenhum risco aparente.  A cena mostra apenas um carro saindo de uma garagem, sem indícios de comportamento suspeito.",camera_analyzer_prompt_internal_closed,False,False
event_20250403_115050_7683df45,19,motion_detected/event_20250403_115050_7683df45/0001_16312_20250307_134155_frame_20250403_115049_000017.jpg,16312,2025-03-07 13:41:55,"Ambiente interno, dia, boa iluminação, escritório com baias e área comum com armários.","Uma pessoa visível, realizando atividades que parecem ser de organização ou limpeza em sua baia.",Nenhum comportamento de risco observado. A pessoa parece estar organizando ou limpando sua área de trabalho.,"intelbras, Escritorio","Não, nenhum comportamento suspeito ou que indique risco à segurança foi observado. A pessoa presente demonstra comportamento típico de funcionário em ambiente de trabalho.",camera_analyzer_prompt_internal_closed,False,False
event_20250403_092133_a41a7e4e,15,motion_detected/event_20250403_092133_a41a7e4e/0001_55406_20250302_230353_frame_20250403_092127_000111.jpg,55406,2025-03-02 23:03:53,"Ambiente interno com vista para uma rua com movimentação de carros e pedestres à noite. A iluminação é artificial, proveniente de postes de luz na rua. A área externa visualizada parece ser a entrada/frente da propriedade, com um portão de metal.","Várias pessoas transitam pela calçada em frente ao portão, algumas individualmente, outras em grupos de dois ou três. Carros passam e estacionam na rua.  Ninguém interage diretamente com a propriedade monitorada.","Nenhum comportamento suspeito observado. As pessoas parecem estar apenas transitando pela rua normalmente. Não há aproximação suspeita ao portão, nem tentativas de observar o interior da propriedade.",Câmera 01,"Não.  O movimento de pessoas e veículos é consistente com o que se espera de uma rua, especialmente à noite. Nenhuma interação com a propriedade em si foi detectada.",camera_analyzer_prompt_internal_to_outside,False,False
event_20250403_092148_f7aec939,20,motion_detected/event_20250403_092148_f7aec939/0001_55406_20250302_230353_frame_20250403_092148_000132.jpg,55406,2025-03-02 23:03:53,"Ambiente interno com vista para uma rua através de um portão gradeado. Noite, iluminação artificial presente na rua e dentro da propriedade monitorada. A área visualizada é a entrada/frente da propriedade.","Duas pessoas passam em frente ao portão na rua, uma delas de bicicleta. Diversos carros transitam pela rua.",Nenhum comportamento suspeito observado. As pessoas passam pela rua sem interagir com a propriedade.,Câmera 01,"Não, nenhum comportamento suspeito foi observado nas imagens. Trânsito normal de pessoas e veículos na rua.",camera_analyzer_prompt_internal_to_outside,False,False
event_20250410_145303_bf28867c,25,motion_detected/event_20250410_145303_bf28867c/0000_robbery_20250410_145303_frame.jpg,robbery,2025-04-10 14:53:03,"Ambiente externo durante o dia, com boa iluminação. A cena parece ser um estacionamento ou área de carga e descarga em frente a um edifício, possivelmente comercial.",Um caminhão de valores está estacionado com a porta traseira aberta. Diversas pessoas (aproximadamente 4-6) em motos chegam ao local. Algumas pessoas saem das motos e abordam o caminhão. Há outras motos e alguns carros estacionados na rua adjacente.,"Múltiplas motos chegam simultaneamente e param próximas ao caminhão de valores. Indivíduos saem das motos e se aproximam do caminhão, indicando uma ação coordenada. Há uma pessoa caída no chão perto do caminhão, sugerindo um ato de violência.",Globo,"**Sim**, Alto risco de assalto ao caminhão de valores devido à abordagem coordenada de múltiplas motos, à presença de indivíduos armados e à pessoa caída no chão, indicando possível confronto. A situação apresenta forte indício de crime em andamento.",camera_analyzer_prompt_external_street,True,True
event_20250408_154826_f4c9cc24,3,motion_detected/event_20250408_154826_f4c9cc24/0000_kick_20250408_154826_frame.jpg,kick,2025-04-08 15:48:26,"Ambiente externo, noite com iluminação artificial, aparentemente uma rua ou praça pública.","Diversas pessoas são visíveis na cena. No primeiro frame, um grupo de aproximadamente 4 pessoas parece agredir uma pessoa caída no chão. Há outras pessoas caminhando ao redor, algumas próximas à cena, mas não interferindo. Não há veículos claramente identificáveis.",Agressão física em via pública por um grupo de indivíduos contra uma pessoa no chão.  A cena sugere violência e potencial lesão corporal.,"CCTV, C3 MANFORD PLACE","**Sim**,  Há clara evidência de violência física na cena, representando alto risco à segurança da vítima.",camera_analyzer_prompt_external_street,True,True
event_20250403_091558_f5332a23,14,motion_detected/event_20250403_091558_f5332a23/0001_55408_20250302_230353_frame_20250403_091558_000102.jpg,55408,2025-03-02 23:03:53,"Ambiente externo, noite, iluminação artificial presente, parece ser a entrada/portão de um imóvel residencial ou comercial.",Um ou dois carros passam pela rua durante o vídeo. Não há pessoas visíveis.,Nenhum comportamento suspeito observado.,Câmera 83,"Não, nenhum comportamento de risco identificado nas imagens. Nenhuma pessoa detectada próxima à propriedade e os veículos que passam pela rua o fazem de forma normal, sem reduzir a velocidade ou parar.",camera_analyzer_prompt_external_street,False,False
event_20250408_154828_da5febad,4,motion_detected/event_20250408_154828_da5febad/0000_run_20250408_154828_frame.jpg,run,2025-04-08 15:48:28,"Ambiente externo, noturno com iluminação artificial, o que parece ser um estacionamento ou garagem.","Dois indivíduos e um carro. Os indivíduos parecem estar rondando o carro, e um deles se aproxima e entra no veículo, enquanto o outro age como olheiro.  Embora as detecções iniciais indiquem dois carros, apenas um é visível na cena e parece ser o alvo dos indivíduos.","Dois indivíduos rondando um carro estacionado à noite, com um agindo como olheiro enquanto o outro se aproxima e entra no veículo.  Isso sugere uma possível tentativa de roubo ou furto.","VIKATAN TV, CAM 2","**Sim**,  O comportamento dos indivíduos, rondando o veículo à noite e um deles entrando no carro enquanto o outro observa os arredores, configura forte indício de atividade criminosa.",camera_analyzer_prompt_external_street,True,True
event_20250410_145303_c7079205,9,motion_detected/event_20250410_145303_c7079205/0000_robbery_20250410_145303_frame.jpg,robbery,2025-04-10 14:53:03,"Ambiente interno, noturno, com pouca iluminação infravermelha. Parece ser uma sala de jantar/estar em uma residência.","Duas pessoas visíveis. Uma parece estar colocando objetos em uma mochila na mesa de jantar. A outra pessoa, usando um capuz, anda pela sala.","Dois indivíduos não identificados em uma residência à noite, com um deles colocando itens em uma mochila. Isso sugere fortemente um roubo em andamento.","#JornalDaRecord, interlas","**Sim**, Forte indicação de roubo devido ao horário, comportamento dos indivíduos e o uso de capuz por um deles. A ação de colocar itens em uma mochila sugere a retirada de pertences da residência.",camera_analyzer_prompt_internal_closed,True,True
event_20250403_113741_80c81944,146,motion_detected/event_20250403_113741_80c81944/0001_7645_20250307_134155_frame_20250403_113736_000011.jpg,7645,2025-03-07 13:41:55,"Ambiente interno com vista para a área externa privada. Dia, com boa iluminação. A área visualizada parece ser a entrada/garagem da propriedade, com um portão fechado e uma árvore/planta à esquerda. Há um muro à direita e o que parece ser outra parede ao fundo.",Nenhuma pessoa ou veículo visível.,Nenhum comportamento suspeito observado.,"Intelbras, portao entrada","Não, nenhum risco aparente.",camera_analyzer_prompt_internal_to_outside,False,False
event_20250410_145302_1206a091,22,motion_detected/event_20250410_145302_1206a091/0000_robbery_20250410_145302_frame.jpg,robbery,2025-04-10 14:53:02,"Ambiente interno de um consultório odontológico, dia, iluminação artificial adequada.","Inicialmente, três pessoas são visíveis: um paciente deitado na cadeira e duas pessoas, possivelmente funcionários, em pé. Posteriormente, mais duas pessoas entram na sala, aparentemente ameaçadoras.  No total, aproximadamente cinco pessoas são observadas. As duas pessoas que entram posteriormente agem de forma suspeita e agressiva com o paciente e os funcionários. O paciente é retirado da cadeira e jogado no chão.",Dois indivíduos entram no consultório e abordam o paciente e os funcionários de forma agressiva. O paciente é retirado à força da cadeira e derrubado no chão. Há indícios de que se trata de um assalto ou outro tipo de violência.,"#sbtnews, Ceilândia, DF, e data e hora.","**Sim**, há forte indício de assalto ou agressão com violência física contra o paciente e potencialmente contra os funcionários. A ação rápida e agressiva dos indivíduos que entram posteriormente configura um alto risco à segurança das pessoas presentes.",camera_analyzer_prompt_internal_closed,True,True
event_20250408_154826_2c927806,4,motion_detected/event_20250408_154826_2c927806/0000_kick_20250408_154826_frame.jpg,kick,2025-04-08 15:48:26,"Ambiente externo, noite com iluminação artificial de rua e letreiros, fachada de um estabelecimento comercial com porta de entrada na calçada.","Inicialmente, três pessoas são visíveis perto da entrada do estabelecimento. No segundo frame, surge uma quarta pessoa. Um indivíduo sem camisa parece estar sendo expulso ou retirado à força do local por outra pessoa. Há um veículo estacionado parcialmente visível na parte inferior esquerda do frame.  Outras duas pessoas parecem observar a situação à distância.","Um indivíduo é retirado à força de um estabelecimento por outro, indicando um possível conflito ou alteração da ordem.  A presença de outras pessoas observando, embora não diretamente intervenientes, pode indicar envolvimento ou testemunho da situação.",CCTV,"**Sim**, justificativa:  A ação de retirar à força um indivíduo sem camisa de um estabelecimento à noite sugere um evento de segurança, possivelmente um conflito ou ato de violência. A presença de observadores contribui para a percepção de risco, mesmo sem ações explícitas de ameaça. A natureza exata do evento não pode ser totalmente determinada pelas imagens, mas os indícios apontam para um risco potencial.",camera_analyzer_prompt_external_street,True,True
event_20250410_145304_6ba77bed,1,motion_detected/event_20250410_145304_6ba77bed/0000_break-in_20250410_145304_frame.jpg,break-in,2025-04-10 14:53:04,"Ambiente interno, parece ser uma recepção ou escritório de uma clínica médica, dia, iluminação artificial adequada.",Três pessoas. Dois indivíduos parecem estar forçando uma terceira pessoa a entrar no local. Um deles segura o que parece ser um galão vermelho.,"Dois indivíduos forçam uma terceira pessoa a entrar no local, possivelmente contra sua vontade.  A situação sugere um sequestro ou assalto.",#PRIMEIROJORNAL,"**Sim**,  A ação de forçar alguém a entrar em um ambiente demonstra alto risco de violência e perigo para a vítima e potencialmente para outros presentes no local. A presença do galão vermelho levanta suspeitas adicionais.",camera_analyzer_prompt_internal_closed,True,True
event_20250402_134602_e110db14,16,motion_detected/event_20250402_134602_e110db14/0001_6884_20250219_153904_frame_20250402_134602_000020.jpg,6884,2025-02-19 15:39:04,"Ambiente externo durante o dia, com boa iluminação. A cena parece ser uma rua ou calçada, possivelmente residencial ou comercial, com árvores e carros estacionados.  A câmera está posicionada em um local elevado, possivelmente em uma fachada ou portão.","Nas imagens iniciais, há duas pessoas caminhando pela calçada e alguns carros estacionados. Nas imagens subsequentes, a cena muda para o interior de um elevador, com uma pessoa realizando atividades que parecem ser de limpeza.","Nenhum comportamento suspeito é observado nas imagens da rua. As pessoas caminham normalmente e não demonstram interesse particular pelo imóvel monitorado. A mudança de cena para o interior de um elevador sugere um erro na sequência de imagens ou uma mudança abrupta de câmera, não representando risco em si.",Câmera 02 e Câmera 06,"**Não**, nenhum comportamento suspeito observado na rua. A mudança de cena para o elevador é irrelevante para a avaliação de risco na rua.",camera_analyzer_prompt_external_street,False,False
event_20250408_154829_f8cfe6ef,4,motion_detected/event_20250408_154829_f8cfe6ef/0000_struggle_20250408_154829_frame.jpg,struggle,2025-04-08 15:48:29,"Ambiente interno, iluminado artificialmente, parece ser de dia, em uma sala de escritório ou reunião com mesa, cadeiras, portas de vidro e um quadro branco.","Aproximadamente 4-5 pessoas. Um grupo parece estar envolvido em uma luta ou altercação física perto da porta de vidro.  Duas pessoas, uma delas aparentemente feminina,  permanecem próximas à mesa, observando ou se afastando do confronto.",Altercação física entre um grupo de pessoas na sala.,Nenhum,"**Sim**,  a briga física visível representa um alto risco à segurança das pessoas envolvidas.",camera_analyzer_prompt_internal_closed,True,True
event_20250403_103119_7b8360f5,6,motion_detected/event_20250403_103119_7b8360f5/0001_17205_20250307_002852_frame_20250403_103119_000110.jpg,17205,2025-03-07 00:28:52,"Ambiente externo, noturno com iluminação infravermelha, aparentemente área de fundos de um imóvel, possivelmente um depósito ou estacionamento.","Uma pessoa é detectada brevemente nos frames 3, 4 e 5, mas a baixa qualidade da imagem e a iluminação noturna dificultam a análise precisa de suas ações. Não há veículos claramente visíveis.","Devido à baixa qualidade da imagem e à iluminação insuficiente, não é possível identificar comportamentos de risco específicos. A presença de uma pessoa detectada por alguns frames não é, por si só, indicativo de risco.","Intelbras, L.D.Fundos","**Não**, a qualidade da imagem impede a confirmação de qualquer atividade suspeita. Embora haja a detecção de uma pessoa, não há informações suficientes para classificar a situação como de risco. A  iluminação prejudica a análise precisa.",camera_analyzer_prompt_external_street,False,False
event_20250408_154828_26a4cad8,7,motion_detected/event_20250408_154828_26a4cad8/0000_throw_20250408_154828_frame.jpg,throw,2025-04-08 15:48:28,"Ambiente externo, noite com iluminação infravermelha da câmera, rua/calçada em frente a um imóvel com portão fechado.","Duas pessoas são vistas inicialmente, possivelmente jogando algum objeto contra o portão. Há outras pessoas e o que parecem ser motocicletas mais ao fundo, mas a baixa qualidade da imagem e iluminação dificultam a análise precisa. As duas pessoas mais próximas somem do quadro e retornam brevemente. Não é possível identificar tentativas claras de forçar a entrada, mas a ação de arremessar objetos contra o portão é suspeita.","Arremesso de objetos contra o portão do imóvel à noite.  Presença de outras pessoas e possíveis motocicletas ao fundo, sugerindo possível apoio ou vigilância. A baixa visibilidade impede a confirmação de outros comportamentos suspeitos.",Camera 03,"**Sim**, o ato de atirar objetos contra o portão, especialmente à noite e com outras pessoas presentes, levanta suspeita de vandalismo ou tentativa de reconhecimento/teste de segurança do imóvel, justificando uma avaliação de risco. A falta de clareza das imagens aumenta a incerteza e, portanto, o risco potencial.",camera_analyzer_prompt_external_street,True,True
event_20250410_145303_b6a2f2cd,9,motion_detected/event_20250410_145303_b6a2f2cd/0000_robbery_20250410_145303_frame.jpg,robbery,2025-04-10 14:53:03,"Ambiente interno, noturno, iluminação através de visão noturna infravermelha. Parece ser um corredor ou despensa, com armários em ambos os lados.",Duas pessoas visíveis. Elas abrem e vasculham armários. Uma das pessoas parece carregar algo enquanto a outra observa.,"Duas pessoas não identificadas invadem armários em um ambiente interno à noite, sugerindo roubo ou invasão.  A ação de abrir e vasculhar os armários reforça a suspeita de roubo.",#JornalDaRecord,"**Sim**,  Forte indício de roubo/invasão devido ao contexto noturno, ao ato de forçar armários, e à movimentação furtiva.",camera_analyzer_prompt_internal_closed,True,True
event_20250403_101212_7acf6727,11,motion_detected/event_20250403_101212_7acf6727/0001_17201_20250307_002851_frame_20250403_101212_000064.jpg,17201,2025-03-07 00:28:51,"Ambiente externo, noite com iluminação artificial da câmera de segurança em infravermelho, em frente a um portão/entrada de um imóvel, possivelmente residencial ou comercial, com cerca e arame farpado. Rua visível ao fundo.",Um carro passando pela rua nos frames 3 e 4. Nenhuma pessoa visível.,Nenhum comportamento suspeito observado. O carro passa pela rua normalmente.,"intelbras, Frente, L, E","**Não**, nenhum comportamento de risco identificado nas imagens.  Tráfego normal de veículo.",camera_analyzer_prompt_external_street,False,False
event_20250410_145301_0031b418,31,motion_detected/event_20250410_145301_0031b418/0000_burglary_20250410_145301_frame.jpg,burglary,2025-04-10 14:53:01,"Ambiente externo, noite, iluminação noturna infravermelho em frente a uma residência/casa.","Uma pessoa é detectada nas imagens iniciais. Após alguns segundos sem detecções, a pessoa reaparece carregando o que parece ser um objeto retirado da residência (possivelmente uma televisão).  Não há veículos visíveis.",Uma pessoa é vista manipulando e removendo um objeto da residência durante a noite. A pessoa some do campo de visão da câmera e reaparece carregando um objeto.  Isso sugere fortemente uma invasão e roubo.,"intelbras, GAZ","**Sim**,  Roubo em andamento. A pessoa está claramente retirando um item da propriedade à noite, o que configura um alto risco de segurança.",camera_analyzer_prompt_external_street,True,True
event_20250402_152957_dcbadaac,6,motion_detected/event_20250402_152957_dcbadaac/0001_10785_20250228_101013_frame_20250402_152957_000010.jpg,10785,2025-02-28 10:10:13,"Ambiente interno, aparentemente noite, sem iluminação. Não é possível determinar o tipo de ambiente devido à ausência de imagem.",Nenhuma pessoa ou veículo visível.,Nenhum comportamento de risco observado devido à ausência de imagem.,"NO VIDEO, Camera 16","**Não**, Sem visão.  A câmera parece estar desligada ou com problemas, impossibilitando a avaliação de riscos.",camera_analyzer_prompt_internal_closed,False,False
event_20250402_152728_27cf3018,7,motion_detected/event_20250402_152728_27cf3018/0001_10784_20250228_101013_frame_20250402_152728_000022.jpg,10784,2025-02-28 10:10:13,"Ambiente interno, possivelmente um corredor ou hall de entrada de um edifício, com vista para uma área externa privada, que parece ser um pátio ou área de serviço. Dia, iluminação artificial presente.",Uma pessoa é vista saindo de uma porta que possivelmente dá para a área externa e entrando no que parece ser um elevador. Não há veículos visíveis.,Nenhum comportamento suspeito observado. A pessoa parece estar simplesmente transitando pelo local.,Camera 15,"Não, a pessoa visível parece estar se comportando normalmente, apenas transitando pelo local. Não há indicação de tentativa de acesso indevido ou qualquer outra atividade suspeita.",camera_analyzer_prompt_internal_to_outside,False,False
event_20250408_154827_b5baa4eb,3,motion_detected/event_20250408_154827_b5baa4eb/0000_sit_20250408_154827_frame.jpg,sit,2025-04-08 15:48:27,"Ambiente interno, provavelmente uma sala de espera ou recepção, com iluminação artificial. Parece ser dia, dada a roupa das pessoas. O local possui cadeiras fixas, características de áreas de espera.","Aproximadamente 10-13 pessoas são visíveis. Um homem de camisa preta parece estar coordenando ou orientando o movimento das pessoas, enquanto outras se sentam ou se levantam das cadeiras. Não há veículos.","Não há comportamentos explicitamente agressivos ou destrutivos. No entanto, a movimentação das pessoas, especialmente a do homem de preto, combinada com o que parece ser uma sala de espera, pode indicar uma situação fora da normalidade. A falta de clareza sobre o propósito da movimentação e a possível organização do grupo levantam suspeitas.",Nenhum,"**Sim**, a movimentação incomum das pessoas, especialmente a aparente coordenação por um indivíduo, em um local que sugere ser uma sala de espera, gera suspeita e justifica uma avaliação de risco mais aprofundada. A possibilidade de uma situação de emergência ou evacuação, ou mesmo de alguma ação coordenada não usual para o ambiente, não pode ser descartada.  A falta de informações claras sobre o contexto torna prudente classificar como risco.",camera_analyzer_prompt_internal_closed,True,True
event_20250403_091718_718f1e23,16,motion_detected/event_20250403_091718_718f1e23/0001_55407_20250302_230353_frame_20250403_091718_000024.jpg,55407,2025-03-02 23:03:53,"Ambiente interno com vista para uma área externa privada à noite. A iluminação é artificial, fornecida por postes na rua e possivelmente alguma iluminação interna refletida. A área externa visualizada parece ser um pequeno pátio ou jardim com mesas e cadeiras, com um portão de metal separando-o da rua.  A rua e a calçada são visíveis ao fundo.","Vários carros passam pela rua ao fundo. Uma pessoa caminha pela calçada na rua, passando em frente ao portão da propriedade entre os frames 9 e 11.",Nenhum comportamento suspeito observado. A pessoa que caminha pela rua parece estar apenas transitando normalmente e não interage com a propriedade.,Câmera 02,"Não, nenhum comportamento suspeito foi observado nas imagens. A pessoa na rua não demonstra interesse na propriedade e os carros que passam são tráfego normal.",camera_analyzer_prompt_internal_to_outside,False,False
event_20250402_135601_2503371e,12,motion_detected/event_20250402_135601_2503371e/0001_6895_20250219_153816_frame_20250402_135601_000059.jpg,6895,2025-02-19 15:38:16,"Ambiente interno, possivelmente uma garagem ou área de serviço, com vista para uma área externa que parece ser um pátio ou estacionamento. Dia, com boa iluminação natural vinda da área externa.","Uma pessoa é visível no início da sequência, próxima a uma porta gradeada. Ela parece sair do ambiente interno para o externo.  Posteriormente, não há mais pessoas visíveis.",Nenhum comportamento suspeito observado. A pessoa sai pela porta de forma aparentemente normal.,Câmera 13,"Não. A cena mostra uma pessoa saindo por uma porta, sem indícios de atividade suspeita.",camera_analyzer_prompt_internal_to_outside,False,False
event_20250410_145301_bd360024,26,motion_detected/event_20250410_145301_bd360024/0000_car-break-in_20250410_145301_frame.jpg,car-break-in,2025-04-10 14:53:01,"Ambiente interno, provavelmente uma garagem fechada de estacionamento. Noite, iluminação artificial presente, porém com algumas áreas mais escuras.","Uma pessoa é visível, mexendo em um veículo, possivelmente tentando arrombá-lo.  Vários carros estacionados são visíveis.","A pessoa interage com o veículo por um período prolongado, o que sugere uma tentativa de arrombamento ou roubo. A pessoa parece estar usando algum tipo de ferramenta ou objeto para abrir a porta do veículo.","Channel 6, data e hora visíveis no canto superior direito da imagem.","**Sim**, a tentativa de arrombamento de um veículo em uma garagem fechada representa um alto risco à segurança do patrimônio.",camera_analyzer_prompt_internal_closed,True,True
event_20250402_142408_54015820,11,motion_detected/event_20250402_142408_54015820/0001_6884_20250219_153816_frame_20250402_142408_000019.jpg,6884,2025-02-19 15:38:16,"Ambiente externo, dia com boa iluminação, rua residencial/calçada em frente a um imóvel.",Duas pessoas caminhando pela calçada e parando brevemente próximo a um carro branco estacionado. Outros veículos estacionados na rua são visíveis.,"Nenhum comportamento suspeito é observado. As pessoas parecem estar em uma conversa casual e não demonstram interesse específico pelo imóvel monitorado. Não há tentativas de manipular entradas, olhares repetidos, ou qualquer outro sinal de risco.",Câmera 02,"**Não**, nenhum comportamento suspeito foi observado nas imagens. As pessoas parecem estar apenas caminhando e conversando na calçada.",camera_analyzer_prompt_external_street,False,False
event_20250408_154826_3040ec46,7,motion_detected/event_20250408_154826_3040ec46/0000_kick_20250408_154826_frame.jpg,kick,2025-04-08 15:48:26,"Ambiente externo, dia, boa iluminação. A cena parece ser a entrada de uma residência, mostrando a calçada, um pequeno jardim e a porta da casa.","Duas pessoas são visíveis. Um indivíduo está mais próximo da câmera, na calçada em frente à porta da residência. O outro indivíduo permanece mais afastado, próximo ao gramado. Não há veículos aparentes.","Nenhum comportamento suspeito é observado. O indivíduo mais próximo parece estar dançando ou se alongando, enquanto o outro observa. Não há tentativas de acesso à residência, olhares repetidos ou qualquer outro comportamento que indique risco à segurança.","Sim. ""VivotekDVR"".","**Não**, as ações observadas parecem benignas e não sugerem uma ameaça à segurança. Nenhum dos comportamentos listados como suspeitos foi observado.",camera_analyzer_prompt_external_street,True,False
event_20250408_154829_ce92d2ad,4,motion_detected/event_20250408_154829_ce92d2ad/0000_sneak_20250408_154829_frame.jpg,sneak,2025-04-08 15:48:29,"Ambiente externo de um posto de gasolina, à noite, com iluminação artificial. A câmera parece estar posicionada na fachada do estabelecimento.",Há vários carros e pelo menos uma pessoa visível.  Um indivíduo quebra a janela de um carro prata e parece retirar algo de dentro.,"O indivíduo quebra a janela de um carro e age furtivamente, sugerindo um ato de roubo ou vandalismo.",CAM 11,"**Sim**, O ato de quebrar a janela de um carro e aparentar roubar algo de dentro configura um alto risco de crime.",camera_analyzer_prompt_external_street,True,True
event_20250410_145303_905c170e,10,motion_detected/event_20250410_145303_905c170e/0000_robbery_20250410_145303_frame.jpg,robbery,2025-04-10 14:53:03,"Ambiente interno de uma loja, durante o dia, com boa iluminação.","Três pessoas estão visíveis. Duas parecem estar cometendo um roubo, enquanto uma terceira pessoa, funcionário da loja, está atrás do balcão. Os dois indivíduos suspeitos usam moletons com capuz.","Dois indivíduos com capuz se aproximam do balcão. Um deles ameaça o funcionário com o que parece ser uma arma, enquanto o outro coleta itens. O funcionário demonstra sinais de medo e levanta as mãos em sinal de rendição. Há movimentação rápida e ações que sugerem ameaça e roubo.",115-18-4-2019-18-27 e 12:56 (provavelmente data e hora da gravação).,"**Sim**,  Roubo em andamento com ameaça visível ao funcionário da loja.  A presença de uma possível arma aumenta significativamente o risco à segurança.",camera_analyzer_prompt_internal_closed,True,True
event_20250403_115742_98c6dcb5,23,motion_detected/event_20250403_115742_98c6dcb5/0001_7639_20250307_134155_frame_20250403_115726_000099.jpg,7639,2025-03-07 13:41:55,"Ambiente externo durante o dia com boa iluminação. A cena parece ser uma rua residencial, com a câmera posicionada na fachada de um imóvel, mostrando a calçada, rua e possivelmente um estacionamento frontal.",Diversos carros estacionados e em movimento na rua.  Uma motocicleta com um ocupante passa pela rua.,Nenhum comportamento suspeito é observado. Os veículos trafegam normalmente e a motocicleta passa sem reduzir a velocidade ou demonstrar interesse no imóvel.,"Intelbras, frente direita, data e hora.","**Não**, nenhum comportamento de risco foi observado na sequência de imagens. Tráfego normal de veículos.",camera_analyzer_prompt_external_street,False,False
event_20250403_111740_d2e012b2,7,motion_detected/event_20250403_111740_d2e012b2/0001_6990_20250307_101724_frame_20250403_111736_000127.jpg,6990,2025-03-07 10:17:24,"Ambiente interno, iluminado, aparentemente durante o dia. O local parece ser uma sala de estética ou clínica, com macas, equipamentos e armários.","Uma pessoa visível, possivelmente funcionário(a),  manipulando objetos na área de atendimento/balcão.",Nenhum comportamento de risco observado. A pessoa parece estar realizando tarefas normais dentro do ambiente.,03-07-2025 Sex 07:21:35 (e variações no horário a cada segundo). Camera 07.,"**Não**, Nenhum risco aparente. A atividade observada parece ser rotineira dentro do contexto do ambiente.",camera_analyzer_prompt_internal_closed,False,False
event_20250408_154829_a5034a90,3,motion_detected/event_20250408_154829_a5034a90/0000_run_20250408_154829_frame.jpg,run,2025-04-08 15:48:29,"Ambiente externo, dia, iluminação clara. Rua residencial com calçada e imóveis com portões e garagens.","Três pessoas correndo pela rua, aparentemente fugindo. Um carro branco estacionado na rua. Outro carro passando ao fundo.","Pessoas correndo em aparente fuga, sugerindo uma situação incomum e potencialmente perigosa. Não há interação direta com o imóvel monitorado, mas a corrida na rua representa um evento fora do padrão.","news24video, NC, SUBSCRIBED, http://www.youtube.com/NiceCompilation","**Sim**, a fuga das pessoas sugere um evento anormal que pode representar risco à segurança, embora não haja indicação de ameaça direta ao imóvel. A natureza exata do evento é desconhecida, justificando cautela.",camera_analyzer_prompt_external_street,True,True
event_20250402_173700_99de4379,6,motion_detected/event_20250402_173700_99de4379/0001_53862_20250301_082830_frame_20250402_173659_000073.jpg,53862,2025-03-01 08:28:30,"Ambiente interno, possivelmente um corredor, com vista para uma área externa privada à noite. A iluminação é baixa, fornecida por uma luz externa visível ao fundo. A área externa parece ser uma saída ou escada que leva a um nível inferior.",Nenhuma pessoa ou veículo visível.,Nenhum comportamento de risco observado.,Camera 04,"Não, nenhum risco aparente.",camera_analyzer_prompt_internal_to_outside,False,False
event_20250402_140508_b3297f10,7,motion_detected/event_20250402_140508_b3297f10/0001_6896_20250219_153816_frame_20250402_140502_000093.jpg,6896,2025-02-19 15:38:16,"Ambiente interno, possivelmente uma garagem, com vista para uma área externa através de um portão gradeado. Dia, com boa iluminação natural entrando pelo portão. A área externa parece ser uma rua ou entrada da propriedade.",Nenhuma pessoa visível nas imagens. Um veículo pode ser visto parcialmente através do portão em alguns frames.,Nenhum comportamento de risco observado.,Camera 14,"Não, nenhum comportamento suspeito detectado nas imagens fornecidas. Nenhuma pessoa presente e o veículo visível através do portão não apresenta comportamento anômalo.",camera_analyzer_prompt_internal_to_outside,False,False
event_20250403_102756_6e6690ad,6,motion_detected/event_20250403_102756_6e6690ad/0001_17204_20250307_002852_frame_20250403_102756_000065.jpg,17204,2025-03-07 00:28:52,"Ambiente interno com vista para área externa privada à noite. A iluminação é artificial, provavelmente proveniente de uma lâmpada na área interna, iluminando parcialmente o quintal/frente da propriedade. A área visualizada é a frente da propriedade, com um portão/grade baixa e um trecho de rua visível ao fundo.",Nenhuma pessoa ou veículo visível. Um objeto coberto por uma lona está presente no canto inferior direito da imagem.,Nenhum comportamento de risco observado.,"Intelbras, FRENTE L.D","Não, nenhum comportamento suspeito foi detectado nas imagens. Nenhuma pessoa foi vista e não houve interação com a propriedade.",camera_analyzer_prompt_internal_to_outside,False,False
event_20250408_154827_5840dcfb,4,motion_detected/event_20250408_154827_5840dcfb/0000_sit_20250408_154827_frame.jpg,sit,2025-04-08 15:48:27,"Ambiente interno, parece ser um escritório ou sala similar, durante o dia com iluminação artificial.",Três pessoas. Uma pessoa em pé parece agredir fisicamente outra sentada no chão. Uma terceira pessoa observa.,Agressão física clara de um indivíduo contra outro.,Nenhum,"**Sim**,  agressão física em andamento representa alto risco à segurança da pessoa agredida.",camera_analyzer_prompt_internal_closed,True,True
event_20250410_145302_bc2a40d7,10,motion_detected/event_20250410_145302_bc2a40d7/0000_robbery_20250410_145302_frame.jpg,robbery,2025-04-10 14:53:02,"Ambiente interno com vista para a área externa privada, provavelmente um quintal ou garagem. Dia, com boa iluminação. A área visualizada é a parte interna de um portão fechado, com um carro estacionado atrás dele.","Uma pessoa é visível do lado de fora do portão. Um carro está estacionado dentro da propriedade, atrás do portão. A pessoa tenta abrir o portão, possivelmente forçando a entrada.","A pessoa demonstra comportamento suspeito ao tentar abrir o portão à força, sugerindo uma tentativa de invasão.",SPAGORA,"**Sim**, a tentativa de forçar o portão para entrar na propriedade configura um alto risco de segurança, indicando uma possível invasão.",camera_analyzer_prompt_internal_to_outside,True,True
event_20250410_145302_678f96dc,0,,,,N/A,N/A,N/A,N/A,N/A,camera_analyzer_prompt_external_street,False,False
event_20250410_145304_5df71c7c,11,motion_detected/event_20250410_145304_5df71c7c/0000_break-in_20250410_145304_frame.jpg,break-in,2025-04-10 14:53:04,"Ambiente externo à noite, com iluminação artificial limitada. A cena parece ser a calçada em frente a um estabelecimento comercial com a porta de aço fechada.","Duas pessoas são visíveis, sem veículos aparentes.  Os indivíduos permanecem próximos à porta do estabelecimento. Um deles parece forçar ou manipular algo na parte superior da porta, enquanto o outro age como olheiro, olhando repetidamente para os arredores.","Permanência prolongada em frente ao imóvel fechado à noite. Manipulação da parte superior da porta do estabelecimento. Olhares repetidos para os arredores, sugerindo comportamento de vigilância. Ações coordenadas entre os dois indivíduos.",Nenhum,"**Sim**, alta probabilidade de tentativa de arrombamento devido à manipulação da porta, à permanência prolongada em local fechado durante a noite, aos olhares de vigilância e à coordenação entre os indivíduos.",camera_analyzer_prompt_external_street,True,True
event_20250410_145302_ce327081,10,motion_detected/event_20250410_145302_ce327081/0000_robbery_20250410_145302_frame.jpg,robbery,2025-04-10 14:53:02,"Ambiente interno, possivelmente um restaurante ou lanchonete, com vista para uma área externa privada que parece ser um deck ou varanda. Noite, com iluminação artificial adequada. A área externa visualizada possui mesas, cadeiras e uma cerca baixa de madeira que a separa da rua.","Inicialmente, várias pessoas estão sentadas às mesas. Dois indivíduos entram na área externa e abordam os clientes. Um deles empunha uma arma de fogo. Os clientes reagem com surpresa e medo, alguns se levantam e se afastam.  Os dois indivíduos parecem recolher pertences e deixam a área rapidamente. Um carro é visível estacionado do lado de fora da cerca.","Dois indivíduos entram no local portando arma de fogo e abordam os clientes. Este comportamento, juntamente com a reação de medo dos clientes, indica um assalto à mão armada.",09-22-2018 Sab 18:08:57 (e sequência nos frames seguintes),"**Sim**,  Assalto à mão armada em andamento. A presença de uma arma de fogo e a ação dos indivíduos configuram um alto risco à segurança.",camera_analyzer_prompt_internal_to_outside,True,True
event_20250403_091449_291c9e77,10,motion_detected/event_20250403_091449_291c9e77/0001_55408_20250302_230353_frame_20250403_091449_000034.jpg,55408,2025-03-02 23:03:53,"Ambiente externo, noite, iluminação artificial de postes na rua. A câmera está posicionada em um local elevado, possivelmente na fachada ou portão de entrada de um imóvel, com vista para a rua e calçada.",Um carro passa pela rua. Nenhuma pessoa é visível nas imagens.,Nenhum comportamento suspeito observado. O carro passa pela rua em velocidade normal.,Câmera 83,"Não, nenhum comportamento suspeito foi observado nas imagens. O movimento do carro parece ser o tráfego normal da rua.",camera_analyzer_prompt_external_street,False,False
event_20250402_150013_48010d5c,11,motion_detected/event_20250402_150013_48010d5c/0001_8986_20250221_093219_frame_20250402_150013_000010.jpg,8986,2025-02-21 09:32:19,"Ambiente interno, provavelmente um depósito ou área de armazenamento, com iluminação ruim/pouca luz nas primeiras imagens (0001-0005). As imagens subsequentes (0006-0011) mostram um ambiente externo, dia, com boa iluminação, aparentemente a entrada/portão de um estabelecimento.",Nenhuma pessoa visível em nenhuma das imagens.,"Nenhum comportamento de risco observado. As primeiras imagens apresentam baixa qualidade e dificuldade de visualização, mas não há indícios de movimentação suspeita. As imagens do portão externo não mostram nenhuma atividade incomum.","HIKVISION (nas imagens 0003-0005 e 0006-0011), informações de versão do sistema nas imagens (0001, 0002 e 0005). ""Camera 86"" nas imagens 0001-0005. ""Camera 01"" nas imagens 0006-0011.","**Não**, Nenhum risco aparente devido à ausência de pessoas e à falta de qualquer evento suspeito nas imagens. A baixa qualidade das imagens iniciais dificulta uma avaliação completa, mas a sequência no portão não apresenta qualquer indício de risco.",camera_analyzer_prompt_internal_closed,False,False
event_20250402_140749_066ae6aa,17,motion_detected/event_20250402_140749_066ae6aa/0001_6883_20250219_153816_frame_20250402_140749_000048.jpg,6883,2025-02-19 15:38:16,"Ambiente externo, dia ensolarado, rua/calçada provavelmente residencial.","Um indivíduo sai de um carro branco estacionado próximo ao imóvel monitorado. O carro sai logo em seguida.  Posteriormente, uma bicicleta passa pela rua.",Nenhum comportamento suspeito é observado. O indivíduo parece estar saindo de seu veículo normalmente e a bicicleta passa pela rua sem interagir com a propriedade.,Câmera 01,"Não, nenhum comportamento suspeito foi observado na sequência de imagens. A pessoa que saiu do carro não demonstrou interesse pela propriedade monitorada e o ciclista apenas passou pela rua.",camera_analyzer_prompt_external_street,False,False
event_20250402_173805_511a00be,6,motion_detected/event_20250402_173805_511a00be/0001_53862_20250301_082830_frame_20250402_173801_000133.jpg,53862,2025-03-01 08:28:30,"Ambiente interno com vista para uma área externa privada à noite. A iluminação é noturna, fornecida por uma luz externa visível através da porta aberta no final do corredor. A área visualizada parece ser um corredor de acesso aos fundos ou lateral da propriedade, com uma planta em vaso no canto inferior esquerdo do quadro.",Nenhuma pessoa ou veículo é detectado nas imagens.,Nenhum comportamento suspeito observado.,Câmera 04,"**Não**, nenhum risco aparente. Nenhuma pessoa foi detectada e não houve nenhum movimento ou ação suspeita observada nas imagens.",camera_analyzer_prompt_internal_to_outside,False,False
event_20250402_150548_d33720ea,9,motion_detected/event_20250402_150548_d33720ea/0001_40425_20250221_185342_frame_20250402_150548_000004.jpg,40425,2025-02-21 18:53:42,"Ambiente externo, dia com boa iluminação, entrada de um imóvel com escada e plantas.","Uma pessoa é vista no primeiro frame, aparentemente saindo do imóvel. Nenhum veículo é observado.",Nenhum comportamento suspeito é observado. A pessoa parece estar simplesmente saindo do imóvel.,Camera 01,"**Não**, nenhuma atividade suspeita foi detectada. A pessoa visível no início da sequência aparenta estar saindo normalmente da residência. Nenhum veículo ou comportamento que indique risco à segurança foi observado.",camera_analyzer_prompt_external_street,False,False
event_20250410_145304_ec9c81a1,11,motion_detected/event_20250410_145304_ec9c81a1/0000_climbing-wall_20250410_145304_frame.jpg,climbing-wall,2025-04-10 14:53:04,"Ambiente externo, noite, iluminação artificial presente. A cena parece ser a entrada/portão de um edifício residencial ou condomínio, com uma rua ao lado.","Alguns veículos estacionados dentro do condomínio. Um pedestre caminha pela rua, sem interagir com a propriedade. Nenhuma pessoa visível dentro dos limites da propriedade monitorada.",Nenhum comportamento suspeito observado. O pedestre caminha normalmente pela rua sem demonstrar interesse pelo imóvel.,Intelbras,"Não, nenhum comportamento de risco identificado nas imagens. O pedestre na rua parece estar apenas transitando normalmente. Nenhuma interação suspeita com o imóvel foi observada.",camera_analyzer_prompt_external_street,True,False
event_20250408_154828_93f6f29a,2,motion_detected/event_20250408_154828_93f6f29a/0000_gun_20250408_154828_frame.jpg,gun,2025-04-08 15:48:28,"Ambiente interno, noturno, com iluminação artificial. Parece ser a recepção de um estabelecimento comercial ou prédio.","Três pessoas visíveis. Um indivíduo, usando um boné/capuz, se aproxima da recepção com os braços estendidos, em postura que sugere estar portando uma arma. Outra pessoa está sentada em um sofá ao fundo. Uma terceira pessoa está atrás do balcão da recepção, com as mãos levantadas em sinal de rendição.","Um indivíduo se aproxima da recepção em atitude suspeita, com os braços estendidos como se estivesse apontando uma arma para o atendente. O atendente levanta as mãos, indicando que está sendo ameaçado ou coagido.",Nenhum,"**Sim**,  Há um forte indício de assalto à mão armada, com uma pessoa ameaçando a outra na recepção. A postura do indivíduo com os braços estendidos e a reação do atendente configuram um cenário de alto risco.",camera_analyzer_prompt_internal_closed,True,True
event_20250403_091655_aab5dcac,13,motion_detected/event_20250403_091655_aab5dcac/0001_55407_20250302_230353_frame_20250403_091655_000002.jpg,55407,2025-03-02 23:03:53,"Ambiente externo, noite com iluminação artificial de postes na rua,  local da cena parece ser a calçada e portão de entrada de um imóvel, possivelmente residencial ou comercial.","Duas pessoas paradas do lado de fora do portão na calçada, e carros passando pela rua.","Duas pessoas permanecem paradas por um tempo prolongado em frente ao imóvel na calçada, conversando. Não há interação direta com o portão ou qualquer tentativa de acesso. Embora a permanência prolongada possa levantar suspeita, sem outros indicadores, não configura, por si só, um comportamento de alto risco.",Câmera 02,"**Não**, A permanência prolongada das pessoas gera uma leve suspeita, mas não há outros comportamentos que indiquem risco iminente à segurança. A situação requer monitoramento, mas não indica uma ameaça imediata.",camera_analyzer_prompt_external_street,False,False
event_20250410_145303_53f4d622,5,motion_detected/event_20250410_145303_53f4d622/0000_robbery_20250410_145303_frame.jpg,robbery,2025-04-10 14:53:03,"Ambiente interno, noturno, iluminação artificial, parece ser um escritório ou sala com balcão/mesa.",Nenhuma pessoa visível. Um cachorro branco está presente.,"Nenhum comportamento humano de risco observado. O cachorro interage com algo no chão, mas não demonstra agressividade ou comportamento destrutivo.",BRASILIA 21°C,"**Não**, nenhuma pessoa visível e o animal presente não apresenta comportamento que indique risco à segurança ou patrimônio.",camera_analyzer_prompt_internal_closed,True,False
event_20250402_170453_c09018c0,12,motion_detected/event_20250402_170453_c09018c0/0001_4992_20250228_161321_frame_20250402_170453_000026.jpg,4992,2025-02-28 16:13:21,"Ambiente interno com vista para uma área externa privada que parece ser um jardim ou quintal. Dia, com iluminação clara, possivelmente com excesso de exposição à luz.",Nenhuma pessoa ou veículo visível.,Nenhum comportamento de risco observado.,Nenhum,"Não, nenhum risco aparente. Nenhuma atividade suspeita foi detectada nas imagens.",camera_analyzer_prompt_internal_to_outside,False,False
event_20250405_210823_c277677b,28,motion_detected/event_20250405_210823_c277677b/0001_videoplayback_frame_20250405_210822_000002.jpg,videoplayback,,"Ambiente externo, dia com boa iluminação, rua residencial com casas e carros estacionados.","Vários carros estacionados na rua. Um carro preto para e um indivíduo sai, atravessa a rua e entra em uma residência. Outros carros passam pela rua normalmente.","Nenhum comportamento suspeito observado. O indivíduo que sai do carro age naturalmente e entra em uma casa, sugerindo que seja morador ou visitante.  Não há permanência prolongada, olhares repetidos, circulação lenta ou qualquer outro comportamento que indique risco à segurança.",Nenhum,"**Não**,  Não foram observados comportamentos ou sinais objetivos de risco à segurança. A cena aparenta ser de atividade normal em uma rua residencial.",camera_analyzer_prompt_external_street,True,False
event_20250408_154827_fa7d2be8,2,motion_detected/event_20250408_154827_fa7d2be8/0000_throw_20250408_154827_frame.jpg,throw,2025-04-08 15:48:27,"Ambiente interno com vista para um quintal gramado durante o dia, com boa iluminação. A cerca de madeira e um portão são visíveis, assim como parte da rua e um carro vermelho estacionado.","Um indivíduo é visto brevemente próximo ao portão, possivelmente do lado de fora, e um carro vermelho está estacionado na rua.  Não há pessoas visíveis no quintal.","A presença breve de uma pessoa perto do portão, sem informações adicionais sobre suas ações, levanta uma suspeita. Não é possível determinar se a pessoa entrou na propriedade, interagiu com o portão, ou simplesmente passou pela rua.",Cam 08,"**Sim**, A presença momentânea de um indivíduo próximo ao portão, sem contexto adicional, justifica uma avaliação de risco, mesmo que baixo. Mais informações são necessárias para determinar a natureza da sua presença.",camera_analyzer_prompt_internal_to_outside,True,True
event_20250408_154826_2a63d2a6,3,motion_detected/event_20250408_154826_2a63d2a6/0000_lying_down_20250408_154826_frame.jpg,lying,,"Ambiente externo, diurno,  portão/garagem de entrada de imóvel.","Uma pessoa e um carro. A pessoa está caída no chão, parcialmente dentro do carro, com a porta aberta. O carro está parado na entrada da garagem.","Uma pessoa parece estar tendo algum tipo de problema de saúde ou acidente enquanto entra ou sai do veículo.  Não há comportamento indicativo de crime, como arrombamento ou vandalismo.",FAILARMY,"**Não**, embora haja uma situação incomum, não há indícios de risco à segurança no sentido de crime. A situação sugere um problema de saúde ou acidente pessoal.",camera_analyzer_prompt_external_street,True,False
event_20250403_091957_b1140755,6,motion_detected/event_20250403_091957_b1140755/0001_55406_20250302_230353_frame_20250403_091957_000024.jpg,55406,2025-03-02 23:03:53,"Ambiente externo à noite, com iluminação artificial de postes. A cena parece ser a entrada/portão de um imóvel, possivelmente residencial, voltado para uma rua com tráfego moderado.","Dois carros estacionados na rua. Uma pessoa caminha pela calçada em frente ao imóvel. Posteriormente, mais carros passam pela rua.","Nenhum comportamento suspeito é observado. A pessoa caminha normalmente pela calçada, sem interagir com o imóvel. Os veículos trafegam normalmente.",Câmera 01,"**Não**, nenhum comportamento suspeito foi observado nas imagens. Os carros e a pessoa parecem estar transitando normalmente.",camera_analyzer_prompt_external_street,False,False
event_20250403_101142_7b6e80c2,8,motion_detected/event_20250403_101142_7b6e80c2/0001_17201_20250307_002851_frame_20250403_101142_000035.jpg,17201,2025-03-07 00:28:51,"Ambiente externo, noite com iluminação artificial,  portão/entrada de imóvel com cerca e arame farpado, rua visível ao fundo.",Um carro passa pela rua ao fundo na imagem 2. Nenhuma pessoa visível.,Nenhum comportamento suspeito observado.,"intelbras, Frente, L, E","**Não**, nenhum comportamento de risco identificado nas imagens. O carro que passa pela rua parece estar em velocidade normal e não demonstra interação com o imóvel. Nenhuma pessoa é vista nas proximidades do imóvel.",camera_analyzer_prompt_external_street,False,False
event_20250403_091629_66f321a3,8,motion_detected/event_20250403_091629_66f321a3/0001_55408_20250302_230353_frame_20250403_091629_000132.jpg,55408,2025-03-02 23:03:53,"Ambiente externo, noite com iluminação artificial de postes na rua, visão da calçada e rua em frente a um portão/entrada de imóvel.",Um carro passa pela rua na sequência inicial das imagens. Nenhuma pessoa é visível.,Nenhum comportamento suspeito observado.,Câmera 83,"Não, nenhum comportamento de risco foi observado nas imagens. O carro que passa pela rua parece estar em velocidade normal de tráfego.  Não há pessoas presentes exibindo comportamentos suspeitos.",camera_analyzer_prompt_external_street,False,False
event_20250403_091507_668f82d1,30,motion_detected/event_20250403_091507_668f82d1/0001_55408_20250302_230353_frame_20250403_091505_000050.jpg,55408,2025-03-02 23:03:53,"Ambiente externo, noite, iluminação artificial com visão noturna, portão de entrada/estacionamento frontal.",Pessoas transitando pela rua ao fundo. Carros passando pela rua. Nenhuma pessoa ou veículo interage diretamente com a propriedade.,Nenhum comportamento de risco observado.,Câmera 83,"Não, nenhum comportamento suspeito foi detectado nas imagens. O vídeo mostra apenas o movimento normal de rua, sem interação com a propriedade monitorada.",camera_analyzer_prompt_external_street,False,False
event_20250403_101234_154d0025,12,motion_detected/event_20250403_101234_154d0025/0001_17201_20250307_002851_frame_20250403_101234_000086.jpg,17201,2025-03-07 00:28:51,"Ambiente externo, noite, iluminação artificial limitada pela câmera de segurança em infravermelho. Local da cena: portão de entrada de um imóvel, com cerca e concertina, voltado para uma rua.",Um veículo claro passa pela rua em velocidade normal. Nenhuma pessoa visível.,Nenhum comportamento suspeito observado. O veículo passa pela rua sem interagir com a propriedade.,"intelbras, Frente, L, E","**Não**, nenhum comportamento suspeito foi observado nas imagens.  O veículo passa pela rua sem demonstrar interesse pela propriedade monitorada.",camera_analyzer_prompt_external_street,False,False
event_20250408_154827_284d5dd6,6,motion_detected/event_20250408_154827_284d5dd6/0000_walk_20250408_154827_frame.jpg,walk,2025-04-08 15:48:27,"Ambiente interno com vista para a área externa privada. Dia, iluminação natural. A área visualizada parece ser a entrada/jardim da frente de uma residência, com visão parcial da rua.",Uma pessoa caminha pela calçada em direção à rua. Não há veículos visíveis.,Nenhum comportamento suspeito observado. A pessoa parece estar simplesmente caminhando pela calçada.,Nenhum,"Não, a pessoa vista nas imagens não exibe nenhum comportamento que indique risco à segurança. Aparentemente, trata-se de alguém saindo da propriedade normalmente.",camera_analyzer_prompt_internal_to_outside,True,False
event_20250403_110215_e1fda258,6,motion_detected/event_20250403_110215_e1fda258/0001_6984_20250307_101724_frame_20250403_110215_000004.jpg,6984,2025-03-07 10:17:24,"Ambiente externo, dia, com boa iluminação. A cena parece ser a entrada/estacionamento frontal de um imóvel, possivelmente comercial, com calçada e rua visíveis.","Uma pessoa sentada em um banco próximo à entrada do imóvel, utilizando o celular. Um carro branco passa pela rua.  Uma moto está estacionada do outro lado da rua, possivelmente com uma pessoa sobre ela (difícil discernir com clareza).","Nenhum comportamento de risco explicitamente observado. A pessoa sentada parece estar apenas utilizando o celular. O carro passa normalmente pela rua. A presença da moto, embora mereça atenção, não apresenta, por si só, comportamento suspeito nesta sequência curta.",Câmera 01.,"**Não**, nenhum comportamento suspeito foi observado nesta sequência curta. A presença da moto estacionada do outro lado da rua, embora deva ser observada em sequências futuras, não configura, isoladamente, um risco neste contexto.",camera_analyzer_prompt_external_street,False,False
event_20250410_145302_6b645c08,20,motion_detected/event_20250410_145302_6b645c08/0000_altercation_20250410_145302_frame.jpg,altercation,2025-04-10 14:53:02,"Ambiente externo, noite com iluminação artificial, rua residencial.","Um homem caminhando pela rua carregando um objeto longo (aparentemente um cano ou barra de metal), carros estacionados, uma motocicleta estacionada. Posteriormente, duas pessoas aparecem e parecem interagir com o homem que carrega o objeto, perto do portão da propriedade monitorada.","Um indivíduo caminha pela rua à noite portando um possível objeto contundente. Ele para em frente ao imóvel monitorado e, em seguida, mais duas pessoas se juntam a ele. O indivíduo com o objeto parece usá-lo para danificar ou tentar forçar o portão do imóvel. A interação entre os três indivíduos e a ação com o objeto no portão em um horário noturno sugere um possível ato de vandalismo ou tentativa de invasão.",Intelbras,"**Sim**, Vandalismo ou tentativa de invasão em andamento. A presença de um indivíduo com um objeto contundente, sua ação direcionada ao portão do imóvel e a interação com outros indivíduos durante a noite constituem um forte indicativo de risco à segurança.",camera_analyzer_prompt_external_street,True,True
event_20250403_114825_0411cb11,16,motion_detected/event_20250403_114825_0411cb11/0001_7640_20250307_134155_frame_20250403_114825_000030.jpg,7640,2025-03-07 13:41:55,"Ambiente externo, dia, iluminação clara. A cena parece ser uma rua estreita, possivelmente residencial, com uma rampa de acesso visível e uma vegetação densa próxima ao muro do imóvel.","Não há pessoas visíveis na cena principal, porém uma motocicleta estacionada pode ser observada ao fundo durante toda a sequência. Não é possível identificar ocupantes na moto.","Embora uma moto esteja estacionada ao fundo por um período prolongado, não há nenhuma ação visível de seus ocupantes (se houver), nem qualquer outro comportamento suspeito identificável.","intelbras, RAMPA","**Não**, Não há comportamentos ou sinais de risco observáveis nas imagens fornecidas, apesar da presença constante da moto. A simples presença de um veículo não configura, por si só, um risco à segurança.",camera_analyzer_prompt_external_street,False,False
event_20250408_154828_a45f416a,4,motion_detected/event_20250408_154828_a45f416a/0000_run_20250408_154828_frame.jpg,run,2025-04-08 15:48:28,"Ambiente externo, noite com iluminação infravermelha, entrada/estacionamento frontal de um imóvel comercial/industrial.","Uma pessoa vestindo roupas claras, possivelmente um macacão, e uma van branca. A pessoa parece caminhar em direção à entrada da propriedade, enquanto a van permanece parada.","A pessoa se aproxima da entrada do imóvel à noite, o que por si só já levanta suspeita. A van estacionada próxima pode indicar um possível cúmplice ou veículo de fuga. A qualidade da imagem noturna dificulta a análise precisa das intenções da pessoa, mas a situação configura, no mínimo, uma observação necessária.","""Front Door""","**Sim**, a presença de uma pessoa se aproximando de uma propriedade à noite, com um veículo parado próximo, configura um cenário suspeito e potencialmente arriscado, justificando uma avaliação de risco.",camera_analyzer_prompt_external_street,True,True
event_20250408_154830_8534a9f2,4,motion_detected/event_20250408_154830_8534a9f2/0000_sneak_20250408_154830_frame.jpg,sneak,2025-04-08 15:48:30,"Ambiente interno, noturno, com iluminação infravermelha da câmera de segurança. Parece ser uma sala de estar ou área comum de uma residência, com sofá, mesa de centro e outros móveis visíveis.","Duas pessoas visíveis, agachadas atrás de um sofá e mesa de centro.  Devido à baixa qualidade da imagem e iluminação infravermelha, é difícil discernir detalhes ou expressões faciais. Não há veículos.",As pessoas parecem estar procurando ou escondendo algo atrás dos móveis. A movimentação furtiva e o contexto noturno sugerem um possível roubo ou invasão.,Nenhum,"**Sim**, a movimentação furtiva das pessoas no ambiente escuro e a aparente tentativa de se esconderem sugerem fortemente um comportamento suspeito, possivelmente relacionado a roubo ou invasão. A falta de detalhes claros devido à baixa iluminação não descarta o risco, pelo contrário, reforça a necessidade de cautela.",camera_analyzer_prompt_internal_closed,True,True
event_20250408_154828_714f6d56,2,motion_detected/event_20250408_154828_714f6d56/0000_gun_20250408_154828_frame.jpg,gun,2025-04-08 15:48:28,"Ambiente interno, parece ser uma loja de conveniência, iluminada, durante a noite.","Duas pessoas visíveis. Um indivíduo de moletom com capuz entra na loja enquanto outra pessoa, possivelmente um funcionário, está atrás do balcão.","Indivíduo com capuz entra apressadamente. A presença do capuz pode ser uma tentativa de ocultar a identidade, o que levanta suspeitas. Ainda não há ações explicitamente violentas ou de roubo visíveis nestes dois frames iniciais.",13/02/2012 20:23:09 (primeiro frame) e 13/02/2012 20:23:01 (segundo frame),"**Sim**, a entrada apressada de um indivíduo com capuz em um horário noturno, especialmente em um estabelecimento comercial, sugere potencial risco de roubo ou outra atividade criminosa.  A análise de mais frames é crucial para confirmar ou descartar a ameaça.",camera_analyzer_prompt_internal_closed,True,True
event_20250403_092010_6fe6424e,10,motion_detected/event_20250403_092010_6fe6424e/0001_55406_20250302_230353_frame_20250403_092005_000031.jpg,55406,2025-03-02 23:03:53,"Ambiente interno com vista para a rua através de um portão gradeado. Noite, iluminação artificial presente na rua e fraca na área interna. A área visualizada é a entrada/frente da propriedade, com visão da rua e calçada.",Duas pessoas caminham pela calçada em frente ao imóvel e diversos carros passam pela rua.,"Nenhum comportamento suspeito observado. As pessoas passam pela calçada normalmente, sem interagir com a propriedade.  Os carros transitam pela rua sem parar ou demonstrar interesse no imóvel.",Câmera 01,"**Não**, Nenhum risco aparente. As atividades observadas são típicas de um ambiente urbano à noite, com fluxo normal de pedestres e veículos. Nenhuma interação suspeita com a propriedade monitorada foi detectada.",camera_analyzer_prompt_internal_to_outside,False,False
event_20250402_134706_4376a9ef,8,motion_detected/event_20250402_134706_4376a9ef/0001_6888_20250219_153816_frame_20250402_134706_000056.jpg,6888,2025-02-19 15:38:16,"Ambiente interno de um elevador, iluminação artificial, dia.",Nenhuma pessoa visível.,Nenhum comportamento de risco observado.,Camera 06,"Não, nenhum sinal de risco aparente.",camera_analyzer_prompt_internal_closed,False,False
event_20250410_145302_e3f6e863,13,motion_detected/event_20250410_145302_e3f6e863/0000_robbery_20250410_145302_frame.jpg,robbery,2025-04-10 14:53:02,"Ambiente interno, aparentemente uma recepção ou escritório, durante o dia com boa iluminação.",Três pessoas entram no local. Duas parecem estar coagindo uma terceira pessoa que está sentada.  Um dos indivíduos gesticula e parece estar dando ordens ou fazendo ameaças.,Dois indivíduos entram com máscaras e abordam uma pessoa sentada que parece ser funcionário do local. Há gestos que sugerem ameaça e coerção. Um deles conduz o funcionário para fora da sala. Forte indicativo de roubo ou assalto.,"#sbtnews, Ceilândia, DF, 11/11/2021 10:28:13","**Sim**,  Indivíduos mascarados coagindo outra pessoa, indicando alto risco de crime em andamento, provavelmente um assalto.",camera_analyzer_prompt_internal_closed,True,True
event_20250410_145304_750feb15,21,motion_detected/event_20250410_145304_750feb15/0000_climbing-wall_20250410_145304_frame.jpg,climbing-wall,2025-04-10 14:53:04,"Ambiente externo, noite, iluminação noturna por infravermelho, rua/calçada em frente a um imóvel com grade/portão.",Três pessoas carregando um objeto grande e indefinido (possivelmente um móvel ou eletrodoméstico) pela rua. Nenhum veículo visível.,"Os indivíduos estão passando em frente ao imóvel durante a madrugada, carregando um objeto volumoso, o que poderia ser um indício de furto.  Apesar de não interagirem diretamente com o imóvel, a situação e o horário são suspeitos.",17-02-2021 01:23:45 (e sequência),"**Sim**, devido à movimentação de três pessoas carregando um objeto grande em plena madrugada, passando em frente ao imóvel monitorado.  A ação é suspeita e justifica uma avaliação mais detalhada.",camera_analyzer_prompt_external_street,True,True
event_20250410_145303_9ad868ab,14,motion_detected/event_20250410_145303_9ad868ab/0000_robbery_20250410_145303_frame.jpg,robbery,2025-04-10 14:53:03,"Ambiente externo, dia, boa iluminação. Rua residencial com muros e portões, possivelmente próximo à entrada de uma residência.","Inicialmente, um carro prata para na rua e duas pessoas saem. Uma delas veste preto e parece usar máscara. Após alguns segundos, retornam ao carro e saem do local. Uma motocicleta com uma pessoa passa pela rua em um momento posterior.","Indivíduos saem de um carro parado em frente a uma residência, com um deles usando máscara em plena luz do dia. Este comportamento, aliado à rápida entrada e saída do veículo, sugere um possível reconhecimento do local ou até mesmo uma tentativa frustrada de algo ilícito. A presença da máscara aumenta a suspeita.",iCamPlus,"**Sim**, a presença de indivíduos mascarados em um carro que para e logo sai, em plena luz do dia, configura um comportamento suspeito e levanta preocupações de segurança.  A rapidez da ação e o uso de máscara, mesmo durante o dia, sugerem a intenção de ocultar a identidade, reforçando o risco potencial.",camera_analyzer_prompt_external_street,True,True
event_20250410_145304_2bed5305,12,motion_detected/event_20250410_145304_2bed5305/0000_climbing-wall_20250410_145304_frame.jpg,climbing-wall,2025-04-10 14:53:04,"Ambiente externo, dia, boa iluminação. A cena se passa no muro/cerca de uma propriedade, possivelmente residencial.","Uma pessoa é visível, vestindo boné e camisa preta.  Nenhum veículo é visto. O indivíduo está escalando o muro, que possui concertina e uma estrutura metálica com plantas.","A pessoa está claramente tentando transpor o muro da propriedade, o que caracteriza uma tentativa de invasão.",Nenhum,"**Sim**, Alta. A tentativa de escalar e transpor o muro da propriedade, em plena luz do dia, configura um alto risco de invasão e potencial crime.",camera_analyzer_prompt_external_street,True,True
event_20250403_091138_c85f8cb2,12,motion_detected/event_20250403_091138_c85f8cb2/0001_55410_20250302_230353_frame_20250403_091138_000004.jpg,55410,2025-03-02 23:03:53,"Ambiente interno com vista para área externa privada à noite. A iluminação é noturna, fornecida provavelmente pela própria câmera de segurança, com visão para a entrada/portão da propriedade e uma rua ao fundo. A área externa visualizada parece ser um pequeno jardim frontal ou entrada de garagem.",Nenhuma pessoa visível nas imagens. Carros passando na rua ao fundo.,Nenhum comportamento de risco observado.,Câmera 85,"Não, nenhum comportamento suspeito detectado nas imagens. Nenhuma pessoa presente na área privada monitorada.",camera_analyzer_prompt_internal_to_outside,False,False
event_20250408_154826_0a86d63c,4,motion_detected/event_20250408_154826_0a86d63c/0000_grab_20250408_154826_frame.jpg,grab,2025-04-08 15:48:26,"Ambiente interno, aparentemente uma loja ou escritório com balcão de atendimento. Iluminação diurna, aparentemente artificial e bem distribuída.","Quatro pessoas visíveis. Um indivíduo, usando um moletom com capuz, se aproxima do balcão e parece interagir com as pessoas atrás dele, gesticulando. Há outras três pessoas atrás do balcão, aparentemente funcionários.","O indivíduo com capuz se aproxima do balcão com postura que pode ser interpretada como agressiva ou intimidante.  A gesticulação e a proximidade com os funcionários, que parecem reagir com alguma tensão, sugerem um possível confronto ou tentativa de intimidação.",Nenhum,"**Sim**, a postura e a interação do indivíduo de moletom com capuz, juntamente com as reações aparentes dos funcionários, sugerem uma situação potencialmente ameaçadora, indicando um risco médio-alto à segurança das pessoas no local. A possibilidade de roubo ou assalto não pode ser descartada.",camera_analyzer_prompt_internal_closed,True,True
event_20250403_113409_13e3515e,35,motion_detected/event_20250403_113409_13e3515e/0001_7647_20250307_134155_frame_20250403_113409_000117.jpg,7647,2025-03-07 13:41:55,"Ambiente externo, dia, boa iluminação. Rua com carros estacionados, possivelmente residencial ou comercial.",Vários carros estacionados e em movimento na rua. Uma motocicleta com dois ocupantes passa pela rua.,Nenhum comportamento suspeito observado. A motocicleta com dois ocupantes passa pela rua sem reduzir a velocidade ou demonstrar interesse no imóvel monitorado. Os demais veículos transitam normalmente.,"intelbras, frente esquerda","**Não**, nenhum comportamento suspeito foi observado na sequência de imagens. Tráfego normal de veículos, incluindo uma motocicleta com dois ocupantes que não apresentou comportamento de risco.",camera_analyzer_prompt_external_street,False,False
event_20250403_091909_dcb3fc90,35,motion_detected/event_20250403_091909_dcb3fc90/0001_55407_20250302_230353_frame_20250403_091906_000129.jpg,55407,2025-03-02 23:03:53,"Ambiente interno com vista para uma área externa privada que parece ser um pequeno pátio ou jardim frontal, com um portão de metal voltado para uma rua. É noite e a iluminação é artificial, proveniente de postes de rua e possivelmente de alguma luz interna refletindo no pátio. A rua ao fundo é visível. A partir do frame 0024, a câmera muda para uma perspectiva diferente, mostrando o portão e a rua com mais detalhes e menos do pátio interno.","Várias pessoas e veículos (carros, bicicletas) são vistos na rua além do portão. No frame 0021, uma pessoa é detectada na área interna perto do portão, mas não exibe comportamento suspeito. A partir do frame 0024, pessoas são vistas caminhando pela rua, sem interagir com a propriedade.",Nenhum comportamento suspeito é observado. As pessoas na rua parecem estar transitando normalmente. A pessoa detectada dentro da propriedade no frame 0021 não se aproxima do portão ou demonstra qualquer ação que indique risco.,"Câmera 02 (frames 0001 a 0023), Câmera 01 (frames 0024 a 0035)","Não. Nenhum comportamento suspeito foi observado nas imagens. O movimento de pessoas e veículos na rua parece ser tráfego normal. A presença da pessoa dentro da propriedade no frame 0021, por si só, não é suficiente para indicar risco, dada a ausência de outras ações suspeitas.",camera_analyzer_prompt_internal_to_outside,False,False
event_20250403_110621_6b0b2685,43,motion_detected/event_20250403_110621_6b0b2685/0001_6985_20250307_101724_frame_20250403_110621_000090.jpg,6985,2025-03-07 10:17:24,"Ambiente externo, dia, boa iluminação. Rua/calçada em frente a um imóvel com portão e estacionamento frontal.","Duas pessoas caminham pela calçada no início da sequência, em seguida, vários carros, um ônibus e uma bicicleta passam pela rua. Uma pessoa com uma mochila caminha pela calçada em frente ao imóvel e para brevemente próximo ao portão, mas não interage com ele.","Nenhum comportamento de risco observado. A pessoa que para próximo ao portão parece apenas ajustar a mochila e continua caminhando normalmente. Não há permanência prolongada, olhares repetidos, circulação lenta, ou qualquer outra ação suspeita.",Camera 02,"**Não**, nenhum comportamento suspeito foi observado nas imagens. O fluxo de veículos e pedestres parece normal.",camera_analyzer_prompt_external_street,False,False
event_20250403_092056_211edf58,29,motion_detected/event_20250403_092056_211edf58/0001_55406_20250302_230353_frame_20250403_092056_000081.jpg,55406,2025-03-02 23:03:53,"Ambiente externo à noite, com iluminação artificial de postes na rua. A cena parece ser a calçada e portão de entrada de um imóvel, possivelmente residencial, em uma rua com tráfego moderado.","Vários carros passam pela rua durante a sequência. Há pedestres caminhando pela calçada, incluindo um casal que passa em frente ao imóvel. Nenhum veículo para ou diminui a velocidade significativamente próximo ao imóvel. Nenhuma pessoa demonstra comportamento suspeito, como olhar fixamente para o imóvel ou permanecer por tempo prolongado na frente do portão.","Nenhum comportamento de risco observado. Os pedestres e veículos parecem estar em trânsito normal, sem interação suspeita com a propriedade monitorada.",Câmera 01,"**Não**, nenhum comportamento suspeito foi identificado na sequência de imagens. O tráfego de veículos e pedestres aparenta ser normal para o horário e local.",camera_analyzer_prompt_external_street,False,False
event_20250408_154827_aa517d3e,3,motion_detected/event_20250408_154827_aa517d3e/0000_hit_20250408_154827_frame.jpg,hit,2025-04-08 15:48:27,"Ambiente interno, provavelmente uma sala de espera ou recepção, com iluminação artificial. Parece ser noite, dado o reflexo nas janelas.","Aproximadamente 5-6 pessoas são visíveis. Um homem carrega uma mulher nos ombros enquanto outras pessoas observam ou se movem pela sala. Há interação física entre o homem que carrega a mulher e outro homem, que parece tentar intervir.","Um homem carrega uma mulher aparentemente desacordada ou incapacitada nos ombros. A interação física entre os dois homens sugere um possível conflito ou tentativa de resgate.  A postura da mulher e a forma como é carregada indicam que ela pode não estar consciente ou no controle de seus movimentos, o que é preocupante.",3. Triage (visível no canto superior esquerdo das imagens),"**Sim**, a situação apresenta um alto risco. A mulher sendo carregada parece estar inconsciente ou incapacitada, e a interação física entre os homens sugere um possível conflito ou situação de perigo. A cena necessita de investigação imediata para determinar se a mulher está segura e se houve algum ato criminoso. A palavra ""Triage"" sugere um ambiente médico, o que torna a cena ainda mais preocupante, pois a mulher pode precisar de assistência médica urgente.",camera_analyzer_prompt_internal_closed,True,True
event_20250410_145304_dc57fbbf,13,motion_detected/event_20250410_145304_dc57fbbf/0000_robbery_20250410_145304_frame.jpg,robbery,2025-04-10 14:53:04,"Ambiente interno com vista para uma rua à noite. A iluminação é artificial, proveniente de um poste de luz, e parece estar nublado ou com névoa. A área visualizada é a rua em frente à propriedade, com visão parcial da calçada, portão e muro de uma residência.","Um carro para na rua. Uma pessoa sai do carro, seguida por outra. Uma terceira pessoa em uma motocicleta se aproxima e para perto das duas primeiras pessoas que saíram do carro. Aparentemente há alguma interação entre eles. A pessoa na motocicleta sai, e as outras duas entram no carro e vão embora.","A parada do carro e a interação com a motocicleta em frente a uma residência à noite, sem uma razão aparente, levantam suspeita.  A rápida partida do carro após a saída da motocicleta também pode indicar um comportamento incomum.",SBT,"**Sim**, a interação noturna entre os ocupantes do carro e a motocicleta, seguida da partida rápida do carro, sugere um possível risco à segurança, podendo ser um ponto de entrega de algo ilícito ou até mesmo um assalto frustrado. A falta de clareza nas imagens e o contexto limitado dificultam uma avaliação definitiva, mas a situação requer atenção e possivelmente investigação adicional.",camera_analyzer_prompt_internal_to_outside,True,True
event_20250408_154828_d52e4f52,4,motion_detected/event_20250408_154828_d52e4f52/0000_fall_20250408_154828_frame.jpg,fall,2025-04-08 15:48:28,"Ambiente externo, noite com iluminação artificial de rua, esquina de rua urbana com calçada, próximo a um prédio e um banco de rua.","Inicialmente, três pessoas são visíveis.  Na sequência, mais pessoas se aproximam, totalizando cerca de cinco. Um carro passa pela rua. As pessoas interagem, aparentemente em uma briga ou agressão física. Uma pessoa é derrubada no chão.",Agressão física entre um grupo de pessoas na rua. Um indivíduo é atacado e derrubado.,23 5 2008  22:45:26 (e variação de segundos),"**Sim**,  Presença de violência física clara, representando risco à segurança das pessoas envolvidas e potencialmente para outros na área.",camera_analyzer_prompt_external_street,True,True
event_20250408_154827_126ad03b,8,motion_detected/event_20250408_154827_126ad03b/0000_hit_20250408_154827_frame.jpg,hit,2025-04-08 15:48:27,"Ambiente externo à noite, com iluminação artificial razoável. A cena parece ser uma rua, possivelmente comercial, com estabelecimentos e motos estacionadas.","Múltiplas pessoas (mais de 4) estão envolvidas em uma briga ou conflito físico na rua. Há motos estacionadas próximas, mas não é possível identificar se alguma está diretamente envolvida na situação. Um indivíduo é agredido por vários outros e cai no chão.","Agressividade física e violência entre um grupo de pessoas, com possível uso de objetos como armas (difícil de discernir com clareza). A ação coordenada do grupo contra um indivíduo aumenta o risco.",m:喵喵鲲门口左,"**Sim**, Alto risco devido à violência física explícita e ação coordenada do grupo, indicando uma situação de perigo iminente para os envolvidos. A presença de motos estacionadas, apesar de não diretamente envolvidas na briga neste momento, aumenta o potencial de risco dada a facilidade de fuga e o contexto brasileiro.",camera_analyzer_prompt_external_street,True,True
event_20250408_154827_199ade09,3,motion_detected/event_20250408_154827_199ade09/0000_lying_down_20250408_154827_frame.jpg,lying,,"Ambiente interno, iluminado, parece ser uma sala de audiências ou tribunal. Dia.","Aproximadamente 8 pessoas visíveis. Um homem está deitado no chão, aparentemente sendo contido por outro homem.  Diversas outras pessoas estão em pé, algumas aparentam estar observando a situação.","Um homem está sendo contido no chão, indicando um possível conflito ou situação de emergência.",Nenhum,"**Sim**,  Presença de um indivíduo sendo contido fisicamente, sugerindo um possível distúrbio ou situação de risco para a segurança dos envolvidos.",camera_analyzer_prompt_internal_closed,True,True
event_20250408_154827_d86737e3,6,motion_detected/event_20250408_154827_d86737e3/0000_walk_20250408_154827_frame.jpg,walk,2025-04-08 15:48:27,"Ambiente externo, dia, iluminação natural, rua com casas e vegetação. Parece ser uma área residencial ou suburbana.","Duas pessoas caminhando em direções opostas na rua e um carro passando. Inicialmente, um homem atravessa a rua e uma mulher caminha pela calçada. Um carro branco passa na rua, seguindo na mesma direção da mulher. O homem continua caminhando na direção oposta.","Nenhum comportamento suspeito observado. As pessoas parecem estar caminhando normalmente, e o carro trafega sem qualquer atitude suspeita.",Nenhum.,"**Não**, nenhuma ação ou comportamento identificado indica risco à segurança. As pessoas e o veículo em cena parecem estar em trânsito normal.",camera_analyzer_prompt_external_street,True,False
event_20250410_145302_b885e6c1,15,motion_detected/event_20250410_145302_b885e6c1/0000_robbery_20250410_145302_frame.jpg,robbery,2025-04-10 14:53:02,"Ambiente interno, possivelmente uma sala de jantar/cozinha, com visão parcial de uma área externa através de uma porta aberta. Noite, com iluminação artificial e imagens em preto e branco.","Inicialmente, duas pessoas estão sentadas à mesa. Três indivíduos entram na sala, pelo menos dois deles usando capuz ou máscara.  As pessoas que estavam sentadas são abordadas pelos indivíduos que entraram. Um dos indivíduos que entraram parece estar armado.","Entrada de três pessoas encapuzadas/mascaradas na residência, abruptamente, pela porta que dá acesso à área externa. Abordagem das pessoas sentadas à mesa por parte dos indivíduos que entraram, com indícios de ameaça, especialmente por um deles que parece portar uma arma.","#JornalDaRecord, inteiro, #JornalDaRecord","**Sim**, Alto risco de roubo ou assalto em andamento, dado o comportamento dos indivíduos que entraram na residência e a possível presença de arma de fogo.",camera_analyzer_prompt_internal_to_outside,True,True
event_20250410_145304_dcaae9e4,8,motion_detected/event_20250410_145304_dcaae9e4/0000_climbing-wall_20250410_145304_frame.jpg,climbing-wall,2025-04-10 14:53:04,"Ambiente interno com vista para uma área externa privada à noite. A iluminação é noturna, fornecida por um sistema infravermelho, com visibilidade limitada. A área visualizada parece ser um quintal com piscina e área de estar.","Uma pessoa é visível. Ela escala o telhado da casa, descendo em direção à piscina. Não há veículos presentes.","O indivíduo exibe um comportamento de alto risco ao escalar o telhado e descer em direção à piscina na área privada, sugerindo uma possível invasão ou tentativa de invasão.","#JornalDaRecord, interforas","**Sim**, a ação da pessoa escalando o telhado à noite em uma área privada constitui um risco alto de intrusão ou outro comportamento criminoso. A baixa visibilidade noturna não descarta a possibilidade de intenções maliciosas.",camera_analyzer_prompt_internal_to_outside,True,True
event_20250408_154828_5a4b81bc,5,motion_detected/event_20250408_154828_5a4b81bc/0000_run_20250408_154828_frame.jpg,run,2025-04-08 15:48:28,"Ambiente externo, noite com iluminação artificial, rua com estacionamento frontal e calçada.","Inicialmente, dois carros e poucas pessoas são visíveis. Ao longo da sequência, um grupo de aproximadamente 6-8 pessoas se aproxima e interage próximo a um carro estacionado. Não há motocicletas.","Um grupo de pessoas se aproxima e parece interagir, possivelmente de forma agressiva, com alguém próximo a um carro estacionado.  A rápida aproximação do grupo e a interação concentrada em um ponto específico sugerem um possível confronto ou assédio.","CAM 1, FRONT","**Sim**, a  aglomeração repentina de pessoas em torno do veículo estacionado à noite sugere um possível cenário de risco, como um assalto ou agressão. A dinâmica do grupo e a interação focada indicam uma situação potencialmente perigosa.",camera_analyzer_prompt_external_street,True,True
event_20250410_145302_7293e8c6,10,motion_detected/event_20250410_145302_7293e8c6/0000_altercation_20250410_145302_frame.jpg,altercation,2025-04-10 14:53:02,"Ambiente externo, dia, boa iluminação. Rua residencial com casas e muros visíveis.","Inicialmente, uma pessoa em uma motocicleta. Posteriormente, uma segunda pessoa se aproxima e parece haver uma interação física, possivelmente uma briga ou assalto. A motocicleta permanece no local.","A interação física entre os dois indivíduos, com a presença de uma motocicleta, sugere um possível assalto ou outra atividade ilícita.  A rápida  interação e a presença da moto aumentam a suspeita.",Interlagos Geral,"**Sim**, a interação física súbita em via pública, envolvendo uma motocicleta, levanta forte suspeita de assalto ou outra ação criminosa. A dinâmica da cena e a presença da moto, um veículo frequentemente usado em crimes no Brasil, justificam a classificação de risco.",camera_analyzer_prompt_external_street,True,True
event_20250403_091821_49781bba,46,motion_detected/event_20250403_091821_49781bba/0001_55407_20250302_230353_frame_20250403_091814_000079.jpg,55407,2025-03-02 23:03:53,"Ambiente interno com vista para uma área externa privada que parece ser um pequeno pátio ou jardim da frente, com um portão de metal e um muro baixo. É noite, com iluminação artificial presente na rua e possivelmente na área interna da propriedade. A rua é visível ao fundo.","Várias pessoas transitam pela rua ao fundo, algumas passando em frente ao portão.  Um indivíduo é detectado brevemente dentro da área da propriedade no frame 25. Carros transitam pela rua em diversos momentos.","Nenhum comportamento suspeito é observado. As pessoas na rua parecem estar apenas transitando normalmente. A pessoa detectada dentro da propriedade no frame 25 aparece apenas por um curto período, sem realizar nenhuma ação suspeita.",Câmera 02,"Não, nenhuma atividade suspeita foi observada dentro da área privada da propriedade. O trânsito de pessoas e veículos na rua é normal.",camera_analyzer_prompt_internal_to_outside,False,False
event_20250402_142436_bcc6c37c,33,motion_detected/event_20250402_142436_bcc6c37c/0001_6884_20250219_153816_frame_20250402_142436_000046.jpg,6884,2025-02-19 15:38:16,"Ambiente externo, dia ensolarado, rua residencial com calçada, árvores e imóveis visíveis.",Um carro branco estaciona na rua e um indivíduo sai do veículo e entra em uma residência. Outros carros passam pela rua normalmente. Uma pessoa passa de bicicleta pela rua.  Uma pessoa caminha pela calçada.,"Nenhum comportamento de risco observado. O indivíduo que sai do carro parece estar em sua residência ou visitando alguém, com comportamento normal. Os demais veículos e a bicicleta transitam normalmente pela rua.",Câmera 02,"Não, nenhum comportamento suspeito foi observado nas imagens. A movimentação de pessoas e veículos parece ser o fluxo normal da rua.",camera_analyzer_prompt_external_street,False,False
event_20250410_145303_53a482af,9,motion_detected/event_20250410_145303_53a482af/0000_robbery_20250410_145303_frame.jpg,robbery,2025-04-10 14:53:03,"Ambiente externo, noite com iluminação artificial de rua, rua residencial.",Um carro escuro para na rua e uma pessoa sai rapidamente.  A pessoa parece carregar algo e corre em direção oposta à visada da câmera. O carro sai em seguida.,"Parada rápida de veículo à noite em rua residencial e saída apressada de um indivíduo carregando algo não identificado. A ação é rápida e furtiva, sugerindo a possibilidade de descarte de algo ilícito ou fuga após alguma atividade suspeita.",#JorgeDaRecord,"**Sim**, A rapidez da ação, a baixa visibilidade noturna e o fato do indivíduo carregar algo e correr sugerem um comportamento suspeito que demanda atenção. Embora não seja possível confirmar uma ação criminosa, as características observadas elevam o nível de risco.",camera_analyzer_prompt_external_street,True,True
event_20250402_134858_0c08b61e,6,motion_detected/event_20250402_134858_0c08b61e/0001_6887_20250219_153904_frame_20250402_134858_000010.jpg,6887,2025-02-19 15:39:04,"Ambiente interno, possivelmente um hall de entrada de edifício, com vista para uma área externa durante o dia com boa iluminação. A área externa parece ser uma entrada de veículos/estacionamento.","Nenhuma pessoa é detectada nas imagens. Um veículo, possivelmente uma caminhonete, está estacionado próximo à porta de entrada. Não há movimento de pessoas ou veículos.",Nenhum comportamento de risco observado.,Camera 05,"Não, nenhum comportamento suspeito foi observado nas imagens fornecidas.",camera_analyzer_prompt_internal_to_outside,False,False
event_20250410_145303_f653ab78,5,motion_detected/event_20250410_145303_f653ab78/0000_robbery_20250410_145303_frame.jpg,robbery,2025-04-10 14:53:03,"Ambiente externo, dia com boa iluminação, rua residencial com casas e calçadas. A câmera está posicionada em uma entrada de residência, filmando a rua e a garagem.",Duas pessoas entram correndo na garagem da residência. Um carro tipo caminhonete está estacionado na garagem. Outros carros estão estacionados na rua em frente a outras casas.,"Duas pessoas correm para dentro da garagem da residência, o que, dependendo do contexto, pode ser interpretado como uma fuga ou reação a algo. Não há sinais de arrombamento ou ameaça direta visível nas imagens.","ring.com, FOX TV stations","**Médio**. A corrida repentina das pessoas para dentro da garagem sugere uma situação incomum e potencialmente arriscada, embora não haja evidência clara de crime nas imagens fornecidas. A ausência de mais informações sobre o contexto torna difícil classificar o risco como baixo. Mais informações são necessárias para entender o que aconteceu antes e depois dessa sequência.",camera_analyzer_prompt_external_street,True,False
event_20250403_103142_fb391f55,9,motion_detected/event_20250403_103142_fb391f55/0001_17205_20250307_002852_frame_20250403_103142_000133.jpg,17205,2025-03-07 00:28:52,"Ambiente externo, noite, iluminação infravermelha/noturna, parece ser um pátio ou área nos fundos de um imóvel.","Difícil precisar devido à baixa qualidade da imagem noturna, mas parece haver algumas pessoas (possivelmente 2 ou mais) e o que aparentam ser equipamentos ou materiais de construção/sucata empilhados. Não há veículos claramente visíveis.","Não há comportamentos de risco claramente identificáveis devido à baixa qualidade da imagem. A presença de pessoas à noite em um local que parece ser os fundos de um imóvel pode ser considerado suspeito, mas sem mais informações, não é possível afirmar com certeza.","Intelbras, L.D.Fundos","**Não**, a qualidade da imagem impede a identificação de comportamentos de risco objetivos.  A presença de pessoas no local à noite levanta suspeita, mas sem mais clareza visual, não há evidências suficientes para classificar como risco.",camera_analyzer_prompt_external_street,False,False
event_20250408_154826_c294253d,2,motion_detected/event_20250408_154826_c294253d/0000_kick_20250408_154826_frame.jpg,kick,2025-04-08 15:48:26,"Ambiente externo, dia, iluminação natural, entrada/calçada de uma residência.","Uma pessoa usando capuz e um carro estacionado na entrada da residência. A pessoa se aproxima da entrada da residência de forma agressiva, aparentando estar chutando a porta.","Indivíduo com o rosto coberto se aproximando da entrada da residência de forma agressiva, sugerindo uma tentativa de arrombamento.","SWNS, M, West Midlands Police, aswns, Front Do","**Sim**,  A presença de um indivíduo mascarado agindo de forma agressiva na entrada da residência indica alto risco de invasão/arrombamento.",camera_analyzer_prompt_external_street,True,True
event_20250403_101111_73ee91ec,6,motion_detected/event_20250403_101111_73ee91ec/0001_17201_20250307_002851_frame_20250403_101111_000004.jpg,17201,2025-03-07 00:28:51,"Ambiente externo, noite, iluminação artificial da câmera de segurança. A cena parece ser a entrada/portão de um imóvel, possivelmente residencial ou comercial, com cerca e arame farpado. A rua é visível ao fundo.",Nenhuma pessoa ou veículo visível.,Nenhum comportamento suspeito observado.,"intelbras, Frente, L, E","**Não**, nenhum indício de atividade suspeita ou risco à segurança foi detectado nas imagens.",camera_analyzer_prompt_external_street,False,False
event_20250403_110251_48dc17db,10,motion_detected/event_20250403_110251_48dc17db/0001_6984_20250307_101724_frame_20250403_110250_000039.jpg,6984,2025-03-07 10:17:24,"Ambiente externo, dia, chuva. A cena parece ser a entrada/estacionamento frontal de um imóvel comercial ou residencial, com uma calçada e rua visíveis. A iluminação é diurna, mas prejudicada pela chuva.","Uma pessoa sentada sob um guarda-sol na entrada do imóvel. Diversos carros passam pela rua durante o vídeo.  No frame 0005 e 0006, dois ciclistas passam pela rua.",Nenhum comportamento suspeito é observado. A pessoa sentada parece estar apenas esperando ou descansando. Os veículos transitam normalmente pela rua.,Câmera 01 e data/hora.,"**Não**, nenhum comportamento de risco foi identificado nas imagens. A cena aparenta ser de rotina diária.",camera_analyzer_prompt_external_street,False,False
event_20250403_114910_ef2d8eb6,7,motion_detected/event_20250403_114910_ef2d8eb6/0001_7640_20250307_134155_frame_20250403_114910_000075.jpg,7640,2025-03-07 13:41:55,"Ambiente externo, dia com boa iluminação,  parecendo ser uma rampa/entrada de garagem ou acesso a um imóvel.",Nenhuma pessoa ou veículo visível.,Nenhum comportamento de risco observado.,"intelbras, RAMPA","**Não**, nenhum indício de risco foi observado nas imagens.",camera_analyzer_prompt_external_street,False,False
event_20250403_103035_5012da09,9,motion_detected/event_20250403_103035_5012da09/0001_17205_20250307_002852_frame_20250403_103034_000066.jpg,17205,2025-03-07 00:28:52,"Ambiente externo, noite, iluminação infravermelha de baixa qualidade. Área de fundos de um imóvel, possivelmente um depósito ou quintal.","Difícil precisar devido à baixa qualidade da imagem e iluminação, mas parece haver diversas pessoas no local, possivelmente mexendo em objetos. Não é possível identificar veículos com clareza.","Devido à baixa qualidade da imagem, não é possível identificar comportamentos de risco específicos. A presença de pessoas no local durante a noite, em uma área que parece ser de fundos, levanta suspeita, mas não há evidências suficientes para determinar a natureza de suas ações.","Intelbras, L.D.Fundos","**Sim**,  A baixa qualidade da imagem impede a avaliação precisa, mas a presença de pessoas em área de fundos à noite justifica cautela e monitoramento adicional. A impossibilidade de discernir suas ações gera incerteza e, portanto, potencial risco.",camera_analyzer_prompt_external_street,False,True
event_20250403_115717_1c794723,8,motion_detected/event_20250403_115717_1c794723/0001_7639_20250307_134155_frame_20250403_115717_000090.jpg,7639,2025-03-07 13:41:55,"Ambiente externo, dia com boa iluminação, rua com carros estacionados, possivelmente residencial ou comercial.",Diversos carros estacionados e em movimento na rua. Não há pessoas visíveis.,Nenhum comportamento suspeito observado. Os carros transitam e estacionam normalmente.,"intelbras, frente direita","**Não**, nenhum comportamento de risco identificado.",camera_analyzer_prompt_external_street,False,False
event_20250403_111707_745eb95c,6,motion_detected/event_20250403_111707_745eb95c/0001_6990_20250307_101724_frame_20250403_111707_000098.jpg,6990,2025-03-07 10:17:24,"Ambiente interno, iluminado artificialmente, durante o dia. Parece ser uma sala de estética ou clínica, com equipamentos, mesas e plantas.","Uma pessoa visível, possivelmente funcionário(a), realizando atividades que parecem rotineiras no local.",Nenhum comportamento de risco observado. A pessoa parece estar organizando ou limpando a área de atendimento.,03-07-2025 Sex 07:20:38 (e variação na sequência de segundos),"**Não**, nenhuma ação suspeita foi detectada nas imagens fornecidas. A atividade observada parece ser parte da rotina normal do local.",camera_analyzer_prompt_internal_closed,False,False
event_20250403_115036_e936a192,10,motion_detected/event_20250403_115036_e936a192/0001_16312_20250307_134155_frame_20250403_115036_000004.jpg,16312,2025-03-07 13:41:55,"Ambiente interno, iluminado, durante o dia. Parece ser um escritório, com baias, mesas, armários e uma área de circulação.","Uma pessoa é visível a partir do frame 0008, aparentemente trabalhando em uma das baias.  Não há veículos.",Nenhum comportamento suspeito é observado. A pessoa parece estar realizando tarefas normais de escritório.,"intelbras, Escritorio","**Não**,  Nenhum comportamento de risco foi identificado nas imagens. A pessoa presente parece estar executando atividades rotineiras de escritório.",camera_analyzer_prompt_internal_closed,False,False
