folder_name,image_count,first_image,cam_id,event_datetime,contexto,pessoas,comportamentos,label,avaliacao,scenario_type,real,predict
event_20250402_133726_41ca0095,8,motion_detected/event_20250402_133726_41ca0095/0001_6890_20250219_153816_frame_20250402_133726_000010.jpg,6890,2025-02-19 15:38:16,Ambiente interno (garagem) com vista para área externa privada. Dia com boa iluminação.,"Duas pessoas são visíveis no frame 1 e 2, posteriormente desaparecendo. Há também a detecção de um veículo (train) no frame 2 e 5.","As pessoas entram e saem da garagem, o que parece um comportamento esperado nesse ambiente. Não há indícios de comportamentos de risco.",Câmera 08,"**Não**, Não há comportamentos incomuns ou suspeitos que justifiquem um aumento no nível de alerta.",camera_analyzer_prompt_internal_to_outside,False,False
event_20250402_142333_c72d52a0,9,motion_detected/event_20250402_142333_c72d52a0/0001_6890_20250219_153905_frame_20250402_142332_000010.jpg,6890,2025-02-19 15:39:05,Garagem interna com iluminação diurna. A câmera tem vista para a entrada de um edifício e um pequeno estacionamento com veículos.,"No frame 1, é detectada uma pessoa. As imagens seguintes não detectam a presença de pessoas. A pessoa parece estar saindo do prédio com uma pasta na mão.",Nenhuma ação suspeita é observada. A pessoa parece estar saindo do prédio em direção ao estacionamento.,Camera 08,"**Não**, A pessoa está saindo do prédio, o que não representa risco aparente.",camera_analyzer_prompt_internal_to_outside,False,False
event_20250408_154828_92f9ba46,3,motion_detected/event_20250408_154828_92f9ba46/0000_stand_20250408_154828_frame.jpg,stand,2025-04-08 15:48:28,"Ambiente interno, iluminação diurna. Possivelmente uma loja ou área de exposição de produtos (óculos).",Uma pessoa.,A pessoa observa os produtos expostos. Não há comportamentos de risco aparentes.,CAM 1,"**Não**, Não há indícios de risco na sequência analisada.",camera_analyzer_prompt_internal_closed,False,False
event_20250403_113340_c77d7f02,6,motion_detected/event_20250403_113340_c77d7f02/0001_7647_20250307_134155_frame_20250403_113340_000088.jpg,7647,2025-03-07 13:41:55,"Rua residencial durante o dia, com boa iluminação. A câmera está posicionada na fachada do imóvel, mostrando a rua e a calçada.",Vários carros estacionados na rua. Um carro branco se move em direção à câmera.,"Nenhum comportamento de risco aparente. Os veículos se movem de maneira natural pela rua. A detecção de ""boat"" em algumas imagens parece ser um erro de detecção.","Intelbras, 2025-03-07 10:44:02, frente esquerda","**Não**, Nenhum risco aparente. O tráfego parece normal e não há comportamentos suspeitos visíveis.",camera_analyzer_prompt_external_street,False,False
event_20250410_145304_58dfd8c0,15,motion_detected/event_20250410_145304_58dfd8c0/0000_climbing-wall_20250410_145304_frame.jpg,climbing-wall,2025-04-10 14:53:04,N/A,"No frame 11, uma pessoa é detectada. Nos frames seguintes, essa pessoa entra na área gramada, vestindo uma camisa escura, calça clara e boné.","A pessoa entra no gramado por meio do portão, o que não constitui um risco em si. No entanto, a detecção de uma pessoa caminhando na área em frente à propriedade no período noturno justifica atenção.","Intelbras, 30/11/2020 21:35:46","**Sim**, Pessoa entra na área gramada durante a noite.",camera_analyzer_prompt_external_street,True,True
event_20250408_154827_75a2a6c1,5,motion_detected/event_20250408_154827_75a2a6c1/0000_walk_20250408_154827_frame.jpg,walk,2025-04-08 15:48:27,N/A,Aproximadamente 2-3 pessoas. Um indivíduo veste um colete de alta visibilidade e parece observar os produtos em exposição.,Nenhum comportamento de risco evidente. As pessoas parecem estar apenas olhando os produtos na loja.,CAM 1,"**Não**, Nenhum risco aparente.",camera_analyzer_prompt_internal_closed,True,False
event_20250402_142629_1e214b45,16,motion_detected/event_20250402_142629_1e214b45/0001_6888_20250219_153904_frame_20250402_142629_000001.jpg,6888,2025-02-19 15:39:04,"Ambiente interno de um elevador. Iluminação artificial, dia.","Inicialmente uma pessoa (aparentemente um funcionário da limpeza) com uma maleta e materiais de limpeza. A partir do frame 4, uma pessoa é detectada, mas sua atividade não pode ser totalmente contextualizada dada a natureza dos dados. Do frame 11 em diante, outra pessoa entra no elevador.","A ação de entrar no elevador não indica, por si só, um risco. No entanto, a sequência mostra duas pessoas entrando no elevador, sendo que uma delas carrega uma maleta e materiais de limpeza. A presença de ambos no mesmo espaço, e a falta de informação sobre a relação entre eles, pode sugerir um potencial risco, dependendo do contexto do local e das políticas de segurança.",Camera 86,"[**Sim**], [presença de duas pessoas em um espaço confinado, uma delas carregando uma maleta, justificando uma avaliação de risco.]",camera_analyzer_prompt_internal_closed,False,True
event_20250408_154827_fbf1558e,3,motion_detected/event_20250408_154827_fbf1558e/0000_lying_down_20250408_154827_frame.jpg,lying,,N/A,2 pessoas. Uma delas está deitada no chão. A outra está atendendo no caixa.,"Uma pessoa no chão, aparentemente caindo ou deitando. Não é claro o motivo.","CH8, 31-10-2014 17:52:45","**Sim**, queda da pessoa no chão, necessitando verificação.",camera_analyzer_prompt_internal_closed,True,True
event_20250403_102654_82623f65,6,motion_detected/event_20250403_102654_82623f65/0001_17204_20250307_002852_frame_20250403_102654_000004.jpg,17204,2025-03-07 00:28:52,N/A,Não há pessoas ou veículos visíveis nas imagens.,Não há comportamentos ou sinais de risco observáveis nas imagens.,"Intelbras, 06/03/2025 21:14:05, FRENTE L.D","**Não**, Nenhum risco aparente.",camera_analyzer_prompt_external_street,False,False
event_20250403_112220_0f05ffe1,6,motion_detected/event_20250403_112220_0f05ffe1/0001_6993_20250307_101724_frame_20250403_112220_000094.jpg,6993,2025-03-07 10:17:24,"Ambiente externo, dia, boa iluminação. A cena parece mostrar uma parede externa com vegetação.",Não há pessoas ou veículos visíveis nas imagens.,Nenhum comportamento de risco é observável nas imagens.,"Data/hora e ""Camera 18""","**Não**, Nenhum risco aparente.",camera_analyzer_prompt_external_street,False,False
event_20250403_110345_d4895a53,40,motion_detected/event_20250403_110345_d4895a53/0001_6984_20250307_101724_frame_20250403_110345_000092.jpg,6984,2025-03-07 10:17:24,Ambiente externo. Dia. Iluminação natural. Local da cena: calçada e rua em frente a um imóvel.,"Trânsito de carros e ônibus na rua. Nas últimas imagens, uma pessoa caminha pela calçada e depois corre em direção à rua.","A pessoa que corre para a rua no final da sequência apresenta um comportamento que pode ser considerado suspeito, dependendo do contexto. Sem mais informações, é difícil determinar a intenção.","Data e hora na parte superior da imagem, e ""Camera 01"" no canto inferior direito.","**Sim**, devido à pessoa que corre para a rua no final da sequência. O comportamento pode indicar uma fuga ou uma tentativa de interceptar algo/alguém. É uma situação que merece atenção.",camera_analyzer_prompt_external_street,False,True
event_20250402_140834_8e7ff747,6,motion_detected/event_20250402_140834_8e7ff747/0001_6883_20250219_153816_frame_20250402_140834_000092.jpg,6883,2025-02-19 15:38:16,"Ambiente externo, dia, boa iluminação. Rua residencial.",Poucos veículos em circulação na rua. Sem pessoas visíveis na calçada ou rua.,Nenhum comportamento suspeito detectado.,Câmera 01,"**Não**, Nenhum risco aparente.",camera_analyzer_prompt_external_street,False,False
event_20250403_110902_b869b941,44,motion_detected/event_20250403_110902_b869b941/0001_6994_20250307_101724_frame_20250403_110902_000092.jpg,6994,2025-03-07 10:17:24,N/A,"Há fluxo de pessoas caminhando na calçada e veículos transitando na rua, incluindo carros, ônibus e motocicletas. Não há comportamentos de risco imediatamente aparentes relacionados a manipulação de entradas ou permanência suspeita.","Nenhuma ocorrência de risco evidente, apenas tráfego normal de pessoas e veículos na área monitorada.",CAMERA 11,"**Não**, Nenhum risco aparente.",camera_analyzer_prompt_external_street,False,False
event_20250403_110529_22a621b0,11,motion_detected/event_20250403_110529_22a621b0/0001_6985_20250307_101724_frame_20250403_110529_000039.jpg,6985,2025-03-07 10:17:24,N/A,"Vários carros passando na rua. Em um momento, uma pessoa passa caminhando pela calçada.",Nenhum comportamento ou sinal de risco aparentes.,"Câmera 02, Datas e horários.","**Não**, Nenhum risco aparente com base nas imagens.",camera_analyzer_prompt_external_street,False,False
event_20250410_145302_70a01170,11,motion_detected/event_20250410_145302_70a01170/0000_altercation_20250410_145302_frame.jpg,altercation,2025-04-10 14:53:02,N/A,Várias pessoas e veículos presentes. Motocicletas em movimento e estacionadas. Pessoas gesticulando e interagindo.,"Pessoas com os braços levantados, como se estivessem sendo revistadas. Possível cena de assalto ou abordagem policial. Presença de motocicletas na cena aumenta o risco.",27/07/2018 21:34,"**Sim**, [Possível assalto em andamento.]",camera_analyzer_prompt_external_street,True,True
event_20250408_154826_a42130eb,3,motion_detected/event_20250408_154826_a42130eb/0000_lying_down_20250408_154826_frame.jpg,lying,,"Ambiente externo, dia, boa iluminação. A cena se passa em uma rua com carros estacionados ao lado.","Vários carros estacionados e uma pessoa visível no segundo frame. Nos três frames, há uma motocicleta caída na rua, com uma pessoa possivelmente envolvida na queda.","A motocicleta está caída no chão, e a pessoa parece estar no chão também. Embora não seja um comportamento intencional de risco, representa um acidente ou incidente.",@1stMrC,"**Sim**, [Acidente com motocicleta e pessoa ferida]",camera_analyzer_prompt_external_street,True,True
event_20250410_145302_1de172a2,9,motion_detected/event_20250410_145302_1de172a2/0000_robbery_20250410_145302_frame.jpg,robbery,2025-04-10 14:53:02,Ambiente interno com vista para a rua através de um portão. Dia claro e boa iluminação. A área visualizada é a entrada da propriedade.,"Inicialmente, duas motos com duas pessoas cada estão paradas em frente ao portão. Uma das motos cai. Uma das pessoas se aproxima da propriedade, enquanto a outra tenta levantar a moto.",A presença de duas motos e quatro pessoas em frente ao portão já pode ser um sinal de alerta. Uma das motos cai e uma pessoa entra na propriedade.,datenaoficial,"**Sim**, A queda da moto seguida da entrada de uma pessoa na propriedade representa um risco de segurança.",camera_analyzer_prompt_internal_to_outside,True,True
event_20250403_092022_f63db61a,34,motion_detected/event_20250403_092022_f63db61a/0001_55406_20250302_230353_frame_20250403_092017_000043.jpg,55406,2025-03-02 23:03:53,"Ambiente externo privado, com vista para a rua através de um portão. Iluminação noturna, com luzes públicas e de veículos. A área visualizada é a frente da propriedade, incluindo o portão de acesso e a rua.",Várias pessoas transitam na rua em frente à propriedade. A detecção de pessoas varia ao longo das imagens. Vários carros passam na rua.,"Presença constante de pessoas caminhando pela rua em frente à propriedade. Nenhuma ação direta em relação ao portão ou à propriedade é visível, mas a presença contínua de pessoas requer atenção.","Câmera 01, 03-02-2025 Mon 20:03:48","**Sim**, Presença contínua de pessoas na rua em frente à propriedade. Embora não haja ação direta contra a propriedade, a movimentação constante justifica vigilância.",camera_analyzer_prompt_internal_to_outside,False,True
event_20250408_154826_7490d4e4,2,motion_detected/event_20250408_154826_7490d4e4/0000_lying_down_20250408_154826_frame.jpg,lying,,Ambiente externo em um dia claro. A cena parece ser uma rua residencial com carros estacionados. A câmera está voltada para um imóvel com um jardim frontal onde uma pessoa está dentro de uma piscina infantil.,Vários carros estacionados na rua. Uma pessoa está deitada dentro de uma piscina infantil no gramado frontal do imóvel.,A pessoa deitada na piscina infantil não representa risco de segurança.,FAILARMY ULTIMATE SECURITY CAMERA FAILS,"**Não**, Nenhum risco aparente.",camera_analyzer_prompt_external_street,True,False
event_20250403_110825_c72ce50a,21,motion_detected/event_20250403_110825_c72ce50a/0001_6994_20250307_101724_frame_20250403_110825_000056.jpg,6994,2025-03-07 10:17:24,N/A,"Vários carros passando pela rua. Entre os frames 12 e 15, uma pessoa caminha pela calçada em frente ao prédio e depois se afasta.",Uma pessoa passa caminhando em frente ao prédio (frames 12-15).,"Câmera 11, data e hora.","**Sim**, Risco baixo devido à presença de uma pessoa caminhando em frente ao prédio durante a noite, observando a entrada. Embora o comportamento não seja claramente suspeito, justifica uma avaliação cautelosa.",camera_analyzer_prompt_external_street,False,True
event_20250403_115614_921a5ad2,8,motion_detected/event_20250403_115614_921a5ad2/0001_7639_20250307_134155_frame_20250403_115614_000028.jpg,7639,2025-03-07 13:41:55,N/A,Vários carros estacionados na rua. Um carro branco está parado em frente à câmera.,Nenhum comportamento suspeito visível. Os carros parecem estar estacionados regularmente na rua.,"Intelbras, data e hora, ""frente direita""","**Não**, Nenhum risco aparente.",camera_analyzer_prompt_external_street,False,False
event_20250408_154827_a5c783c9,3,motion_detected/event_20250408_154827_a5c783c9/0000_sit_20250408_154827_frame.jpg,sit,2025-04-08 15:48:27,"Ambiente interno, iluminação diurna (aparente), parece ser uma sala de audiência ou tribunal.",Aproximadamente 5 pessoas sentadas em cadeiras e mesas. Nenhuma ação suspeita ou incomum é observada nas imagens.,Nenhum comportamento de risco visível. As pessoas parecem estar sentadas e envolvidas em uma atividade passiva.,"Texto sobreposto nas imagens, ilegível em sua maior parte.","**Não**, Nenhum risco aparente nas imagens.",camera_analyzer_prompt_internal_closed,True,False
event_20250408_154827_20d6eb21,5,motion_detected/event_20250408_154827_20d6eb21/0000_hit_20250408_154827_frame.jpg,hit,2025-04-08 15:48:27,N/A,"Várias pessoas e veículos na rua, incluindo pelo menos uma moto e um carro. Ações: pessoas se aproximando da moto e carro.","Pessoas se aproximando dos veículos, o que pode indicar uma ação coordenada.",2013-03-23 00:02:13,"**Sim**, As pessoas se aproximando dos veículos com ações coordenadas podem indicar um risco elevado.",camera_analyzer_prompt_external_street,True,True
event_20250403_110951_999c970a,21,motion_detected/event_20250403_110951_999c970a/0001_6994_20250307_101724_frame_20250403_110947_000137.jpg,6994,2025-03-07 10:17:24,N/A,"No início das imagens, há uma pessoa caminhando na calçada. Ao longo da sequência, diversos carros passam na rua. As últimas imagens mostram o interior de uma escadaria.","Nenhuma das pessoas ou veículos apresenta comportamento suspeito de forma clara e objetiva nas imagens externas. No entanto, há uma pessoa que permanece na imagem por um tempo, e a presença de motos não foi detectada. As últimas imagens mostram o interior de uma residência e a presença de uma TV e geladeira.","Camera 11 (imagens externas), Camera 88 (imagens internas)","**Não**, A ausência de comportamentos suspeitos claros, especialmente relacionados a motocicletas ou tentativas de invasão, sugere um baixo nível de risco.",camera_analyzer_prompt_external_street,False,False
event_20250410_145303_c8185c7c,8,motion_detected/event_20250410_145303_c8185c7c/0000_robbery_20250410_145303_frame.jpg,robbery,2025-04-10 14:53:03,"Área externa privada, possivelmente a entrada da garagem ou estacionamento de uma casa, com vista para uma área gramada e vegetação. A iluminação indica que é dia.","Há um carro estacionado e a sequência mostra inicialmente duas pessoas, com uma delas sendo aparentemente abordada e subjugada por outro indivíduo. Posteriormente, um terceiro indivíduo aparece.",A sequência mostra claramente um comportamento de risco elevado. Uma pessoa é abordada e parece estar sendo forçada por outros indivíduos. A progressão das imagens sugere uma situação de possível assalto ou sequestro.,"12-12-2024 Thu 09:21:48 (e segundos seguintes, variando a cada frame)","**Sim**, a sequência de imagens indica uma potencial situação de assalto ou sequestro, representando um risco alto à segurança.",camera_analyzer_prompt_internal_to_outside,True,True
event_20250410_145304_a69efbc6,5,motion_detected/event_20250410_145304_a69efbc6/0000_break-in_20250410_145304_frame.jpg,break-in,2025-04-10 14:53:04,"Ambiente externo, noturno, com iluminação artificial. A cena parece ser um canteiro de obras ou área de construção delimitada por cercas.","Várias pessoas visíveis, algumas próximas à cerca e outras mais distantes. Há também um caminhão e um carro detectados no frame 0000, e um caminhão no frame 0004. As pessoas parecem estar trabalhando ou transitando na área.","As imagens mostram atividade em um canteiro de obras à noite, que em si não é inerentemente suspeito. No entanto, atividade em um local de construção durante a noite pode indicar a ocorrência de atividades não autorizadas, como roubo de materiais, invasão de propriedade ou vandalismo.",Nenhum,"**Sim**, embora não haja ações explicitamente suspeitas, a atividade noturna em um canteiro de obras justifica uma avaliação de risco como média, devido ao potencial para atividades não autorizadas.",camera_analyzer_prompt_external_street,True,True
event_20250408_154827_5dbc25b2,5,motion_detected/event_20250408_154827_5dbc25b2/0000_hit_20250408_154827_frame.jpg,hit,2025-04-08 15:48:27,"Rua residencial durante o dia, com boa iluminação. A câmera está posicionada no alto, olhando para a rua.","Várias pessoas e duas motocicletas são visíveis. Em todos os frames, duas pessoas parecem estar brigando perto de uma motocicleta. Outras pessoas parecem estar assistindo a cena.",Uma briga física está acontecendo na rua. A situação pode escalar e envolver mais pessoas ou causar ferimentos graves.,Shared by HỘI GÀ MỸ MIỀN NAM,"**Sim**, A briga em via pública representa risco de agressão e perturbação da ordem.",camera_analyzer_prompt_external_street,True,True
event_20250408_154828_05caaa12,2,motion_detected/event_20250408_154828_05caaa12/0000_throw_20250408_154828_frame.jpg,throw,2025-04-08 15:48:28,"Ambiente externo, durante o dia e com boa iluminação. A cena se passa em uma rua residencial com carros estacionados em ambos os lados.",A primeira imagem mostra uma pessoa caminhando pela rua entre os carros. A segunda imagem parece mostrar a mesma pessoa abaixando-se entre os carros. Há vários carros estacionados.,"A pessoa parece estar agindo de forma suspeita ao abaixar-se entre os carros, o que pode indicar que está tentando se esconder ou pegar algo. A legenda na segunda imagem (""A 43-YEAR-OLD TORONTO MAN IS FACING A SLEW OF CHARGES AFTER A SHOCKING ATTACK ON A TORONTO POLICE OFFICER WAS CAUGHT ON VIDEO"") implica que a ação capturada nas imagens pode estar relacionada a um ato criminoso ou violento.",ERIN LESLIE,"**Sim**, A legenda sugere um evento criminoso e o comportamento da pessoa é atípico, indicando possível risco.",camera_analyzer_prompt_external_street,True,True
event_20250403_111752_4930dd6b,10,motion_detected/event_20250403_111752_4930dd6b/0001_6990_20250307_101724_frame_20250403_111751_000141.jpg,6990,2025-03-07 10:17:24,N/A,"Uma pessoa vestida de preto mexendo em uma bancada, aparentemente organizando ou procurando algo.","A pessoa está mexendo em objetos na bancada. Sem maiores detalhes, é difícil determinar a natureza da ação.",Camera 07,"**Não**, Nenhum comportamento de risco aparente.",camera_analyzer_prompt_internal_closed,False,False
event_20250402_140721_e4453231,12,motion_detected/event_20250402_140721_e4453231/0001_6883_20250219_153816_frame_20250402_140721_000021.jpg,6883,2025-02-19 15:38:16,"Ambiente externo em rua residencial durante o dia com boa iluminação. A câmera está posicionada em um ponto elevado, provavelmente na fachada de um imóvel, com vista para a calçada e a rua.","Inicialmente, duas pessoas caminham juntas na calçada. Posteriormente, uma delas se aproxima e entra em um carro branco estacionado em frente ao imóvel.",Não há comportamentos significativos que indiquem risco. As pessoas estão caminhando e entrando em um carro estacionado de forma natural.,Câmera 01,"**Não**, Nenhum risco aparente.",camera_analyzer_prompt_external_street,False,False
event_20250410_145302_a6bcedf2,24,motion_detected/event_20250410_145302_a6bcedf2/0000_robbery_20250410_145302_frame.jpg,robbery,2025-04-10 14:53:02,N/A,"Presença de motocicletas e pessoas. Inicialmente, duas motocicletas e duas pessoas. Uma das pessoas está na motocicleta, enquanto a outra parece estar mexendo em algo na outra motocicleta. Gradualmente, a pessoa que estava mexendo na motocicleta se levanta e sobe na motocicleta. Uma das motocicletas sai da cena. As demais imagens mostram a pessoa indo embora.","Ações aparentemente relacionadas a uma motocicleta. A pessoa mexendo na motocicleta pode estar tentando dar partida, consertar ou até mesmo danificar o veículo.",Intelbras e informações de data/hora (04/05/2021 08:32:50).,"**Sim**, comportamento suspeito envolvendo motocicletas, especialmente considerando que uma delas parece estar sendo danificada.",camera_analyzer_prompt_external_street,True,True
event_20250410_145303_28abe440,5,motion_detected/event_20250410_145303_28abe440/0000_robbery_20250410_145303_frame.jpg,robbery,2025-04-10 14:53:03,"Ambiente externo, durante o dia com boa iluminação. A cena se passa em uma área com vegetação densa, possivelmente a entrada de uma residência ou condomínio.","As imagens mostram duas motocicletas com dois ocupantes cada. Em certo momento, um dos ocupantes da segunda moto desce e corre em direção ao imóvel, enquanto as motos se aproximam do portão.","A aproximação de duas motocicletas, seguida da descida de um dos ocupantes da segunda moto que corre em direção ao imóvel, representa um comportamento de alto risco.",BRASÍLIA 22°C,"**Sim**, devido à aproximação das motocicletas e à atitude suspeita de um dos ocupantes correndo em direção à propriedade, indicando uma possível tentativa de assalto.",camera_analyzer_prompt_external_street,True,True
event_20250408_154830_a2a34495,5,motion_detected/event_20250408_154830_a2a34495/0000_sneak_20250408_154830_frame.jpg,sneak,2025-04-08 15:48:30,N/A,"Uma pessoa visível, movendo-se na área. Uma motocicleta estacionada próxima.","A pessoa parece estar mexendo em algo próximo a latas de lixo, o que pode indicar atividade suspeita. A presença da motocicleta parada no local também aumenta a suspeita.",CH4 2012/05/29 00:48:25,"**Sim**, a combinação de uma pessoa mexendo em lixeiras à noite com uma motocicleta estacionada nas proximidades justifica elevar a avaliação de risco.",camera_analyzer_prompt_external_street,True,True
event_20250408_154830_d10056f5,5,motion_detected/event_20250408_154830_d10056f5/0000_sneak_20250408_154830_frame.jpg,sneak,2025-04-08 15:48:30,N/A,"Há dois indivíduos vestidos com roupas que cobrem seus corpos, com ações suspeitas na proximidade de veículos e uma estrutura adjacente.",Os indivíduos parecem estar manipulando algo próximo a um dos veículos ou à estrutura. A vestimenta que cobre seus corpos e a aparente tentativa de manipular algo na área indicam um risco elevado.,CAM1,"**Sim**, Há comportamentos altamente suspeitos de pessoas tentando manipular uma área próximo a veículos e uma construção no período noturno.",camera_analyzer_prompt_external_street,True,True
event_20250403_113729_6e0a44fe,6,motion_detected/event_20250403_113729_6e0a44fe/0001_7645_20250307_134155_frame_20250403_113729_000004.jpg,7645,2025-03-07 13:41:55,N/A,Não há pessoas ou veículos visíveis nas imagens.,Nenhum comportamento ou sinal de risco visível.,"Intelbras, data e hora, Portao entrada.","**Não**, Nenhum risco aparente.",camera_analyzer_prompt_external_street,False,False
event_20250408_154827_550cbaa0,2,motion_detected/event_20250408_154827_550cbaa0/0000_walk_20250408_154827_frame.jpg,walk,2025-04-08 15:48:27,"Ambiente interno, provavelmente uma loja. Iluminação diurna.",Imagem 0000: Ninguém detectado. Imagem 0001: Uma pessoa entra na loja.,Uma pessoa entra na loja.,LiveLeak,"**Não**, A pessoa entrando na loja não necessariamente implica risco, a menos que haja outros comportamentos suspeitos.",camera_analyzer_prompt_internal_to_outside,True,False
event_20250408_154828_2b362832,3,motion_detected/event_20250408_154828_2b362832/0000_fall_20250408_154828_frame.jpg,fall,2025-04-08 15:48:28,N/A,"Two people are visible. One person appears to be inside near the doors, and another person is outside near the doors. In frame 0001, it looks like the person near the doors is running/falling. In frame 0002, they are both running into the building.","The person is falling or running near the entrance and then running into the building. This could indicate an altercation, a medical emergency, or an attempted forced entry. The movement suggests a possible threat.",fall_20250408_154828_frame,"**Sim**, The actions of the individuals, particularly the person appearing to run/fall into the building, suggest a potential risk. The context indicates that it is not normal behavior.",camera_analyzer_prompt_internal_to_outside,True,True
event_20250403_101251_f265bb7e,16,motion_detected/event_20250403_101251_f265bb7e/0001_17201_20250307_002851_frame_20250403_101250_000102.jpg,17201,2025-03-07 00:28:51,"Ambiente externo, noite, iluminação pública presente. A câmera está posicionada de frente para a rua, mostrando a calçada e o portão de entrada.",Presença de veículos passando na rua. Nenhum comportamento suspeito de pessoas ou veículos é detectado.,Nenhum comportamento de risco aparente.,"Intelbras, 06/03/2025 21:17:21, Frente,L,E","**Não**, Nenhum risco aparente.",camera_analyzer_prompt_external_street,False,False
event_20250403_110712_5aa7d505,21,motion_detected/event_20250403_110712_5aa7d505/0001_6985_20250307_101724_frame_20250403_110706_000134.jpg,6985,2025-03-07 10:17:24,N/A,Observam-se vários carros passando pela rua e algumas pessoas caminhando. Uma moto com dois ocupantes passa em algumas imagens.,"A presença da moto com dois ocupantes, apesar de passar rapidamente, gera um nível de alerta.","Camera 02, Camera 11","**Sim**, Risco baixo devido à passagem da moto com dois ocupantes. Necessário monitorar a reincidência deste evento.",camera_analyzer_prompt_external_street,False,True
event_20250410_145303_7f97b2f6,25,motion_detected/event_20250410_145303_7f97b2f6/0000_robbery_20250410_145303_frame.jpg,robbery,2025-04-10 14:53:03,N/A,"Inicialmente, há um carro e um motorista. A partir do segundo frame, duas pessoas se aproximam do carro. A sequência mostra um assalto em andamento, com um dos assaltantes apontando uma arma para o motorista.","Assalto à mão armada, com dois indivíduos abordando o motorista e um deles com uma arma.",canal uol,"**Sim**, Assalto à mão armada em andamento.",camera_analyzer_prompt_external_street,True,True
event_20250408_154828_7e69c268,3,motion_detected/event_20250408_154828_7e69c268/0000_throw_20250408_154828_frame.jpg,throw,2025-04-08 15:48:28,"Ambiente interno, dia, iluminação normal. Tipo: escritório ou recepção de empresa.","Aproximadamente 6-7 pessoas. Uma pessoa parece jogar algo no ar, e as outras reagem.","Atitude suspeita de jogar algo no ar, o que pode indicar comportamento inadequado ou perigoso no ambiente de trabalho.",CÂMERA CCTV,"**Sim**, possível comportamento de risco devido ao arremesso de um objeto.",camera_analyzer_prompt_internal_closed,True,True
event_20250408_154829_ae55aced,5,motion_detected/event_20250408_154829_ae55aced/0000_struggle_20250408_154829_frame.jpg,struggle,2025-04-08 15:48:29,N/A,Duas pessoas. Uma delas está claramente dominando a outra.,Há uma luta física acontecendo. Uma pessoa parece estar segurando e possivelmente estrangulando a outra.,WE WANT MORE FACTS,"**Sim**, Risco alto devido à agressão física visível.",camera_analyzer_prompt_internal_closed,True,True
event_20250408_154826_22dc91e2,3,motion_detected/event_20250408_154826_22dc91e2/0000_kick_20250408_154826_frame.jpg,kick,2025-04-08 15:48:26,"Ambiente interno, iluminação diurna, aparenta ser uma academia.","Várias pessoas (aproximadamente 5-7) presentes, praticando exercícios. Uma delas chuta outra pessoa que cai no chão.",Ato de agressão física (chute) visível.,@BAHIJKADDOURA e TCR 11-10 19:37:18,"**Sim**, Agressão física com chute indica risco alto à segurança.",camera_analyzer_prompt_internal_closed,True,True
event_20250403_110809_e9b8e587,11,motion_detected/event_20250403_110809_e9b8e587/0001_6994_20250307_101724_frame_20250403_110809_000040.jpg,6994,2025-03-07 10:17:24,"Ambiente externo, dia, boa iluminação. Rua residencial com portão de entrada e estacionamento frontal.",Circulação de alguns carros na rua.,Nenhum comportamento ou sinal de risco aparente.,Câmera 11,"**Não**, Nenhum risco aparente.",camera_analyzer_prompt_external_street,False,False
event_20250408_154826_0a85b8b5,4,motion_detected/event_20250408_154826_0a85b8b5/0000_grab_20250408_154826_frame.jpg,grab,2025-04-08 15:48:26,"Ambiente interno, com iluminação artificial. O ambiente parece ser um depósito ou área de serviço com acesso ao exterior através de uma porta.",Duas pessoas são visíveis em todos os frames. Uma parece estar entregando um saco para a outra. A segunda pessoa está usando um capuz.,"A pessoa com capuz pode estar escondendo sua identidade, o que é um sinal de alerta. A troca de um saco entre os dois indivíduos pode sugerir uma atividade suspeita.",TOTAL VIDEO CONVERTER HTTP://EFFECTMATRIX.COM CAMERA 01,"**Sim**, a combinação de uma pessoa com capuz e a troca de um saco levantam suspeitas sobre as intenções e natureza da interação.",camera_analyzer_prompt_internal_to_outside,True,True
event_20250403_091404_c34755c2,22,motion_detected/event_20250403_091404_c34755c2/0001_55410_20250302_230353_frame_20250403_091404_000146.jpg,55410,2025-03-02 23:03:53,"Ambiente externo, noite, iluminação pública presente. A câmera 85 parece estar posicionada no nível da rua em frente a um portão. A câmera 83 está em um ponto mais elevado, possivelmente sob uma cobertura, e filma um trecho da rua.","Nas imagens da câmera 85, observa-se o trânsito de veículos na rua. Nas imagens da câmera 83, o movimento de veículos também é visível. Não há pessoas detectadas nas imagens.",Não há comportamentos ou sinais de risco aparentes. Os veículos estão trafegando normalmente pela rua.,Câmera 85 e Câmera 83 (marca d'água visível nas imagens). A data e hora também estão impressas nas imagens.,"**Não**, Nenhum risco aparente. O tráfego parece normal.",camera_analyzer_prompt_external_street,False,False
event_20250403_110744_338b958b,15,motion_detected/event_20250403_110744_338b958b/0001_6994_20250307_101724_frame_20250403_110744_000016.jpg,6994,2025-03-07 10:17:24,N/A,"No primeiro frame, há dois motociclistas e carros passando na rua. Do frame 2 ao 13, há tráfego constante de carros passando na rua. Nos frames 14 e 15, não há veículos ou pessoas detectadas.","No primeiro frame, duas motocicletas passam em frente ao imóvel. A passagem de motocicletas (especialmente com dois ocupantes) requer atenção.","Camera 11, data e hora visíveis.","**Sim**, A presença de motocicletas passando no primeiro frame pode indicar um risco, dada a maior probabilidade de envolvimento em atividades ilícitas, especialmente quando há dois ocupantes.",camera_analyzer_prompt_external_street,False,True
event_20250403_103057_3dd4eced,7,motion_detected/event_20250403_103057_3dd4eced/0001_17205_20250307_002852_frame_20250403_103057_000088.jpg,17205,2025-03-07 00:28:52,"Ambiente externo, noturno, com iluminação fraca. Parece ser uma área de armazenamento ou depósito.",Presença de uma pessoa em pé. No frame 3 começa a andar pela área. Uma van está parada na área iluminada ao fundo.,"A pessoa se movimenta pela área de forma aparentemente aleatória, mas as imagens são muito granuladas e de baixa resolução para determinar se existe alguma intenção de risco.","Intelbras, 06/03/2025 21:16:53, L.D. Fundos","**Não**, A presença da pessoa pode ser normal nesse contexto de galpão.",camera_analyzer_prompt_external_street,False,False
event_20250408_154829_43c0b5c1,2,motion_detected/event_20250408_154829_43c0b5c1/0000_struggle_20250408_154829_frame.jpg,struggle,2025-04-08 15:48:29,"Ambiente externo, dia, boa iluminação. Cena captada em frente a um imóvel com portão lateral dando acesso a uma área de estacionamento.","Três pessoas visíveis. Uma pessoa está sendo segurada por outra, indicando uma possível luta ou agressão. Uma terceira pessoa está caminhando em direção à cena.",Luta ou agressão em andamento em frente ao imóvel.,Camera 1,"**Sim**, Alto. Agressão física representa um risco imediato.

**Imagem 0001_struggle_20250408_154829_frame.jpg**

- **Contexto**: Ambiente externo, dia, boa iluminação. Cena captada em frente a um imóvel com portão lateral dando acesso a uma área de estacionamento.
- **Pessoas e veículos**: Três pessoas visíveis. A luta ou agressão continua. A terceira pessoa parece se aproximar da cena.
- **Comportamentos e sinais de risco**: Luta ou agressão em andamento em frente ao imóvel.
- **Label**: Camera 1
- **Avaliação Geral de Risco**: **Sim**, Alto. A agressão física continua, representando um risco imediato.",camera_analyzer_prompt_external_street,True,True
event_20250410_145304_211eddc9,11,motion_detected/event_20250410_145304_211eddc9/0000_climbing-wall_20250410_145304_frame.jpg,climbing-wall,2025-04-10 14:53:04,N/A,Uma pessoa caminhando na rua e um carro passando. Uma motocicleta estacionada em frente a uma das casas.,"A partir do frame 2, a detecção indica a presença da motocicleta, mas sem comportamentos suspeitos aparentes. A pessoa caminhando e o carro transitando não demonstram comportamentos de risco.",Intelbras,"**Não**, Nenhum comportamento suspeito evidente.",camera_analyzer_prompt_external_street,True,False
event_20250408_154829_68936014,4,motion_detected/event_20250408_154829_68936014/0000_sneak_20250408_154829_frame.jpg,sneak,2025-04-08 15:48:29,N/A,Aproximadamente duas pessoas visíveis. Uma está em pé e outra está deitada no sofá. A pessoa em pé parece estar se movendo pelo ambiente.,"Embora a iluminação dificulte a análise detalhada, não há indícios de comportamentos de risco evidentes nas imagens.",Nenhum,"**Não**, Nenhum comportamento suspeito visível.",camera_analyzer_prompt_internal_closed,True,False
event_20250402_140812_81b82a7a,7,motion_detected/event_20250402_140812_81b82a7a/0001_6883_20250219_153816_frame_20250402_140808_000066.jpg,6883,2025-02-19 15:38:16,N/A,"Inicialmente, há um carro passando na rua. Mais tarde, uma pessoa caminha pela calçada em frente ao imóvel.",Nenhuma ação suspeita observada. A pessoa simplesmente caminha pela calçada.,Camera 01,"**Não**, Nenhum risco aparente.",camera_analyzer_prompt_external_street,False,False
event_20250403_115819_956b2299,14,motion_detected/event_20250403_115819_956b2299/0001_7639_20250307_134155_frame_20250403_115805_000137.jpg,7639,2025-03-07 13:41:55,N/A,"Vários carros passam pela rua. Em um dos frames, uma pessoa aparece próxima a um carro estacionado na calçada.",Nenhum comportamento ou sinal de risco evidente nos frames. A pessoa próxima ao carro parece estar interagindo com ele de forma casual. O tráfego de veículos parece normal.,"intelbras, frente direita, data e hora","**Não**, Nenhum risco aparente. Tráfego normal de veículos e uma pessoa interagindo com um carro estacionado.",camera_analyzer_prompt_external_street,False,False
event_20250410_145304_b48dca52,10,motion_detected/event_20250410_145304_b48dca52/0000_break-in_20250410_145304_frame.jpg,break-in,2025-04-10 14:53:04,Ambiente interno com vista para área externa. A iluminação é noturna. A área visualizada parece ser uma varanda ou área de entrada de uma loja.,Uma pessoa é vista entrando na área externa.,A pessoa quebra a porta de vidro para entrar no estabelecimento. Há vidro quebrado no chão.,#BalancoGeralSE,"**Sim**, Quebra da porta de vidro indica invasão e alto risco de segurança.",camera_analyzer_prompt_internal_to_outside,True,True
event_20250402_142524_574db192,16,motion_detected/event_20250402_142524_574db192/0001_6884_20250219_153816_frame_20250402_142514_000083.jpg,6884,2025-02-19 15:38:16,N/A,Vários carros passando pela rua. Nenhum pedestre visível.,Nenhum comportamento suspeito observável.,Camera 02,"**Não**, Nenhum risco aparente.",camera_analyzer_prompt_external_street,False,False
event_20250403_113354_c8cf51c7,14,motion_detected/event_20250403_113354_c8cf51c7/0001_7647_20250307_134155_frame_20250403_113347_000095.jpg,7647,2025-03-07 13:41:55,N/A,Vários carros estacionados e em circulação na rua. Não há pessoas visíveis fora dos veículos.,Nenhum comportamento suspeito detectado. O tráfego de veículos parece normal para o local.,"intelbras, frente esquerda","**Não**, Nenhum risco aparente.",camera_analyzer_prompt_external_street,False,False
event_20250402_164111_69dfa316,7,motion_detected/event_20250402_164111_69dfa316/0001_18250_20250228_124222_frame_20250402_164111_000068.jpg,18250,2025-02-28 12:42:22,"Ambiente interno com vista para área externa privada, visualizando um estacionamento e gramado. Iluminação diurna e clara.",Vários carros e um caminhão estacionados.,Nenhum comportamento suspeito detectado.,RACK-P2 ZONA 01,"**Não**, Nenhum risco aparente.",camera_analyzer_prompt_internal_to_outside,False,False
event_20250403_091224_4da7849c,71,motion_detected/event_20250403_091224_4da7849c/0001_55410_20250302_230353_frame_20250403_091221_000046.jpg,55410,2025-03-02 23:03:53,"Ambiente externo privado, possivelmente um jardim ou quintal frontal, com vista para a rua através de um portão de grades. Iluminação noturna com luzes da rua e de veículos.","Uma pessoa se aproxima do portão na rua, por volta do frame 46.","A pessoa se aproxima do portão na rua, parada, e permanece lá por diversos frames, a partir do frame 46. Este comportamento é considerado suspeito devido a proximidade e tempo que a pessoa permanece parada próxima ao portão.",Câmera 05,"**Sim**, A presença de uma pessoa parada em frente ao portão, no período noturno, indica um risco potencial.",camera_analyzer_prompt_internal_to_outside,False,True
event_20250402_150700_3c793a13,24,motion_detected/event_20250402_150700_3c793a13/0001_40427_20250221_185342_frame_20250402_150655_000004.jpg,40427,2025-02-21 18:53:42,N/A,"Vários carros estacionados na rua e transitando. Nas primeiras imagens, uma moto com dois ocupantes para na frente do imóvel e um dos ocupantes desce, aparentemente para entrar no imóvel. Depois, nas últimas imagens, vemos a moto se movimentando e a câmera muda para um ambiente interno.","A moto para em frente ao imóvel e um dos ocupantes desce para entrar. A moto com dois ocupantes pode representar um risco elevado, no entanto, parece que o indivíduo que desce da moto vai entrar no imóvel, sugerindo que é um residente ou visitante.",Câmera 96 e Câmera 02,"**Não**, Aparentemente o indivíduo que desce da moto está indo para o imóvel, indicando que pode ser um residente ou visitante. A avaliação de risco é baixa.",camera_analyzer_prompt_external_street,False,False
event_20250402_171319_5435f854,7,motion_detected/event_20250402_171319_5435f854/0001_4990_20250228_161321_frame_20250402_171318_000023.jpg,4990,2025-02-28 16:13:21,N/A,Um carro passa na imagem 5. Não há pessoas visíveis.,Nenhum comportamento de risco visível.,Camera 04,"**Não**, Nenhum risco aparente.",camera_analyzer_prompt_external_street,False,False
event_20250408_154826_76dbc5b4,5,motion_detected/event_20250408_154826_76dbc5b4/0000_grab_20250408_154826_frame.jpg,grab,2025-04-08 15:48:26,"Loja, iluminação artificial, período noturno.","Duas pessoas são visíveis. Uma está atrás do balcão, aparentemente interagindo com objetos. A outra entra na loja e se movimenta para dentro.",Ações acontecendo atrás do balcão e a entrada de outra pessoa na loja são comportamentos que podem exigir mais atenção. Há interação com objetos atrás do balcão.,CAM02,"**Sim**, Necessidade de monitoramento, devido à interação com objetos atrás do balcão e à entrada de uma pessoa adicional na loja.",camera_analyzer_prompt_internal_closed,True,True
event_20250402_140451_25399fec,9,motion_detected/event_20250402_140451_25399fec/0001_6896_20250219_153816_frame_20250402_140451_000082.jpg,6896,2025-02-19 15:38:16,Garagem interna com portão aberto para área externa. Iluminação diurna forte.,"Um carro branco sai da garagem para a área externa. Um outro veículo, parece ser uma moto com baú, está parada na área externa.",Nenhum risco aparente. A saída do carro e a presença da moto parecem normais.,Câmera 1,"**Não**, Nenhum comportamento suspeito detectado.",camera_analyzer_prompt_internal_to_outside,False,False
event_20250408_154828_fe8760c3,4,motion_detected/event_20250408_154828_fe8760c3/0000_gun_20250408_154828_frame.jpg,gun,2025-04-08 15:48:28,"Ambiente externo, noturno com iluminação artificial. Parece ser a frente de uma loja com um carro estacionado.","A partir do frame 2, detecção de uma pessoa. Há também um veículo (carro) estacionado próximo à entrada.",A pessoa parece estar usando um caixa eletrônico (ATM). Não há indícios claros de comportamento suspeito no frame.,Camera8,"**Não**, aparentemente a pessoa está apenas usando o caixa eletrônico.",camera_analyzer_prompt_internal_to_outside,True,False
event_20250402_150632_eb875975,6,motion_detected/event_20250402_150632_eb875975/0001_40426_20250221_185342_frame_20250402_150632_000001.jpg,40426,2025-02-21 18:53:42,N/A,Nenhuma pessoa ou veículo detectado.,Nenhum comportamento suspeito detectado.,"Camera 05, data e hora.","**Não**, Nenhum risco aparente.",camera_analyzer_prompt_external_street,False,False
event_20250408_154828_6ca93aa5,3,motion_detected/event_20250408_154828_6ca93aa5/0000_gun_20250408_154828_frame.jpg,gun,2025-04-08 15:48:28,Ambiente externo. Dia claro. Local da cena: estacionamento.,Vários veículos e uma pessoa. Há um indivíduo fora de um veículo policial apontando uma arma para outro veículo.,Apontar uma arma de fogo é um sinal de alto risco.,MAINE AG'S OFFICE,"**Sim**, [A pessoa está apontando uma arma, indicando uma situação de perigo iminente]",camera_analyzer_prompt_external_street,True,True
event_20250403_102825_0ffbeda4,6,motion_detected/event_20250403_102825_0ffbeda4/0001_17204_20250307_002852_frame_20250403_102824_000093.jpg,17204,2025-03-07 00:28:52,N/A,Não há pessoas ou veículos visíveis nas imagens.,Nenhum comportamento ou sinal de risco aparente nas imagens fornecidas.,"Intelbras, data e hora, ""FRENTE L.D""","**Não**, nenhum risco aparente.",camera_analyzer_prompt_external_street,False,False
event_20250410_145303_26161e43,33,motion_detected/event_20250410_145303_26161e43/0000_robbery_20250410_145303_frame.jpg,robbery,2025-04-10 14:53:03,N/A,"The images show several parked cars along the street and people walking on the sidewalk. Initially, there are two individuals on the sidewalk, and later another individual walks across the street. No suspicious behavior is observed regarding the vehicles. The people walking do so in a normal manner, not displaying hesitation or excessive observation of any particular building.","The third individual crosses the street casually. A possible concern might be two people walking together, but their actions seem natural.  No one lingers, looks around suspiciously, or shows any other behavior indicating a potential threat.",2019-05-16 03:03:26,"**Não**, Nenhum risco aparente. The people are walking normally, and the scene shows ordinary street activity.",camera_analyzer_prompt_external_street,True,False
event_20250410_145303_22890143,7,motion_detected/event_20250410_145303_22890143/0000_robbery_20250410_145303_frame.jpg,robbery,2025-04-10 14:53:03,"Ambiente interno, aparenta ser uma farmácia ou drogaria. Iluminação artificial. A câmera tem vista para corredores com prateleiras de produtos.","2 pessoas, um dos quais está usando um casaco com capuz e parece estar apontando.","Presença de um indivíduo com capuz dentro de uma loja e apontando, o que pode indicar um assalto.",#PRIMEIROJORNAL,"**Sim**, risco alto devido à presença de um indivíduo encapuzado e gesticulando, o que sugere um possível assalto.",camera_analyzer_prompt_internal_to_outside,True,True
event_20250403_110435_2ec98035,18,motion_detected/event_20250403_110435_2ec98035/0001_6984_20250307_101724_frame_20250403_110430_000136.jpg,6984,2025-03-07 10:17:24,"Ambiente externo, durante o dia, com boa iluminação natural. A câmera está posicionada em um prédio, olhando para a rua e uma área de estacionamento frontal.","Diversos carros passando na rua. No frame 4, uma motocicleta passa na rua. Nos frames 1 e 5, há uma pessoa caminhando na rua.","A presença de uma motocicleta no frame 4 poderia ser um risco maior do que outros veículos, mas não há comportamentos suspeitos associados a ela.",Camera 01,"**Não**, Nenhum risco aparente com base nos eventos capturados. Tráfego normal e pessoas caminhando na rua.",camera_analyzer_prompt_external_street,False,False
event_20250410_145304_84c6a861,9,motion_detected/event_20250410_145304_84c6a861/0000_break-in_20250410_145304_frame.jpg,break-in,2025-04-10 14:53:04,N/A,"Several people are seen entering through the doorway from the outside. At least two individuals are clearly visible, and more may be present.","Individuals are entering the building from an external area at night. This constitutes a potential breach of security, especially if the area is not normally accessible at that time.","07-08-2017 Sat 04:42:41, EXIT, PNLA","**Sim**, Unidentified individuals are entering the building from the outside during night, indicating a potential security breach.",camera_analyzer_prompt_internal_to_outside,True,True
event_20250408_154827_bcf6e29e,3,motion_detected/event_20250408_154827_bcf6e29e/0000_hit_20250408_154827_frame.jpg,hit,2025-04-08 15:48:27,"Ambiente interno, iluminado, aparenta ser uma loja ou um estabelecimento comercial.","Aproximadamente 3 pessoas. As ações incluem movimentação rápida, derrubando objetos, indicando desordem e possível confusão ou pânico. Uma pessoa parece carregar uma mala ou objeto similar.","Movimentação rápida e desordenada, objetos derrubados, uma pessoa carregando uma mala. Esse conjunto sugere uma possível situação de roubo, confusão, ou evacuação de emergência.",Nenhum,"**Sim**, A movimentação desordenada e a presença de uma pessoa carregando uma mala em meio ao caos indicam um possível roubo ou outra situação de risco.",camera_analyzer_prompt_internal_closed,True,True
event_20250403_110546_a69dc7b4,20,motion_detected/event_20250403_110546_a69dc7b4/0001_6985_20250307_101724_frame_20250403_110546_000055.jpg,6985,2025-03-07 10:17:24,N/A,Vários carros passam na rua. Uma pessoa caminha na calçada em frente ao imóvel.,"Uma pessoa caminha na calçada em frente ao imóvel. Inicialmente, a presença da motocicleta (frame 6) poderia gerar alguma suspeita, mas ela apenas passa pela rua. O pedestre caminhando na calçada não apresenta comportamento suspeito.",Câmera 02,"**Não**, Nenhum risco aparente.",camera_analyzer_prompt_external_street,False,False
event_20250410_145301_4de8a0e3,23,motion_detected/event_20250410_145301_4de8a0e3/0000_burglary_20250410_145301_frame.jpg,burglary,2025-04-10 14:53:01,"Ambiente interno, iluminação fraca (possivelmente noturno ou com pouca luz natural), aparenta ser um escritório ou sala de recepção de órgão público (devido à presença de bandeiras).","Duas pessoas. Uma delas entra no local carregando uma maleta preta e, em seguida, parece instruir a outra pessoa, que estava mexendo em algo no chão. Ambas as pessoas usam um tipo de touca/chapéu.","Ações suspeitas de invasão e possível furto. A entrada com uma maleta preta, a pessoa mexendo no chão (possivelmente em computadores ou outros equipamentos), e a presença das toucas indicam um comportamento fora do normal.","""13/07/2018 01:05:49"" e ""13:25"" (marcas d'água de data/hora)","**Sim**, indicativo de invasão com possível intenção de furto ou dano ao patrimônio.",camera_analyzer_prompt_internal_closed,True,True
event_20250402_152207_a112c0ac,9,motion_detected/event_20250402_152207_a112c0ac/0001_10774_20250228_101013_frame_20250402_152207_000018.jpg,10774,2025-02-28 10:10:13,N/A,A man is seen entering the elevator.,"The individual is seen entering the elevator, which is normal behavior for a parking garage.",Camera 05,"**Não**, No apparent risk, the man is behaving normally.",camera_analyzer_prompt_internal_to_outside,False,False
event_20250408_154828_98b432bf,1,motion_detected/event_20250408_154828_98b432bf/0000_gun_20250408_154828_frame.jpg,gun,2025-04-08 15:48:28,N/A,Uma pessoa vestindo roupas claras e um capuz está presente.,"A pessoa está agachada, possivelmente mexendo em algo na calçada ou próximo à parede. O uso de capuz à noite é um comportamento incomum e pode indicar intenção de ocultar a identidade.",_gun_20250408_154828_frame,"**Sim**, Comportamento suspeito devido ao uso de capuz e possível manipulação de algo na área externa à noite.",camera_analyzer_prompt_external_street,True,True
event_20250410_145304_31ef96d4,8,motion_detected/event_20250410_145304_31ef96d4/0000_break-in_20250410_145304_frame.jpg,break-in,2025-04-10 14:53:04,N/A,"Duas pessoas entram no local. Uma delas usa máscara, boné e luvas. Ambos carregam mochilas e aparentam estar furtando itens de um armário.","As pessoas entram no local e imediatamente se dirigem a um armário, onde parecem estar retirando objetos e colocando-os em suas mochilas. O uso de máscaras e luvas indica intenção de ocultar a identidade e evitar deixar impressões digitais.","#DomingoEspetacular, 17/02/2022 20:44:14","**Sim**, Alto. Há indícios claros de furto e invasão.",camera_analyzer_prompt_internal_closed,True,True
event_20250408_154826_d9cb453c,5,motion_detected/event_20250408_154826_d9cb453c/0000_grab_20250408_154826_frame.jpg,grab,2025-04-08 15:48:26,N/A,"As imagens mostram a presença de pelo menos dois veículos e duas pessoas, além da detecção de uma motocicleta. As pessoas parecem estar vasculhando o porta-malas de um veículo.",A ação de duas pessoas vasculhando o porta-malas de um veículo durante a noite em uma rua residencial representa um comportamento suspeito. A presença da motocicleta na primeira e última imagem pode indicar um veículo de apoio ou fuga.,"RickCam8, Data e hora.","**Sim**, a ação de vasculhar um carro à noite, somada à presença de uma moto, sugere possível atividade ilícita e, portanto, um risco potencial à segurança.",camera_analyzer_prompt_external_street,True,True
event_20250403_113241_df74149a,10,motion_detected/event_20250403_113241_df74149a/0001_7647_20250307_134155_frame_20250403_113241_000030.jpg,7647,2025-03-07 13:41:55,N/A,Vários carros estacionados na rua. Circulação de carros pela via.,Nenhum comportamento de risco aparente.,intelbras; 2025-03-07 10:42:06; frente esquerda,"**Não**, nenhum risco aparente.",camera_analyzer_prompt_external_street,False,False
event_20250402_153119_5e731392,9,motion_detected/event_20250402_153119_5e731392/0001_10785_20250228_101013_frame_20250402_153119_000089.jpg,10785,2025-02-28 10:10:13,"Ambiente interno com vista para uma área externa privada, possivelmente uma rua em frente à propriedade. A iluminação é noturna e fraca.","Inicialmente, parece haver uma única pessoa caminhando na área externa. As imagens subsequentes mostram ""NO VIDEO"", indicando ausência de conteúdo visual.","A presença de uma pessoa caminhando em frente à propriedade, em si, não é necessariamente um risco. No entanto, em um contexto de monitoramento de segurança, é prudente considerar essa atividade como potencialmente suspeita até que mais informações estejam disponíveis. Devido à perda de vídeo nas imagens subsequentes, não é possível determinar se o comportamento da pessoa evoluiu para algo mais preocupante.",Camera 16,"**Sim**, devido à presença de uma pessoa na área externa e à indisponibilidade de vídeo para confirmar que o comportamento é inofensivo. A perda de vídeo impede a análise da progressão da situação.",camera_analyzer_prompt_internal_to_outside,False,True
event_20250410_145302_abaccd09,24,motion_detected/event_20250410_145302_abaccd09/0000_robbery_20250410_145302_frame.jpg,robbery,2025-04-10 14:53:02,N/A,"Inicialmente, um carro branco está estacionado em frente a uma casa. A partir do frame 7, uma pessoa é detectada. A partir do frame 18, outras duas pessoas são detectadas interagindo em frente à casa. No frame 23, outra pessoa é detectada mais distante. Observa-se também, a partir do frame 16, a aproximação de um carro. A partir do frame 21, uma pessoa corre em direção ao carro parado na rua, e a partir do frame 23, outra pessoa aparece, também correndo, em direção ao carro.","A aproximação do carro, combinada com a interação de indivíduos e a subsequente corrida em direção ao veículo, sugere um possível evento de fuga ou embarque rápido, potencialmente relacionado a alguma atividade ilícita.",21/01/2018 23:13:52 (e variação temporal),"**Sim**, devido à interação de indivíduos e à subsequente corrida em direção ao veículo, sugerindo um possível evento de fuga ou embarque rápido, potencialmente relacionado a alguma atividade ilícita.",camera_analyzer_prompt_external_street,True,True
event_20250402_153028_6d75d183,7,motion_detected/event_20250402_153028_6d75d183/0001_10785_20250228_101013_frame_20250402_153028_000040.jpg,10785,2025-02-28 10:10:13,"Ambiente externo, dia com boa iluminação. A câmera parece estar posicionada em um corredor lateral de um prédio, com vista para uma área aberta com árvores.",Não há pessoas ou veículos detectados nas imagens.,Nenhum comportamento ou sinal de risco observável.,"HD720P30, Camera 16","**Não**, Nenhum risco aparente.",camera_analyzer_prompt_external_street,False,False
event_20250403_091207_eb29739f,9,motion_detected/event_20250403_091207_eb29739f/0001_55410_20250302_230353_frame_20250403_091207_000032.jpg,55410,2025-03-02 23:03:53,N/A,Vários veículos passam na rua em frente ao imóvel. Não há pessoas visíveis na calçada ou em frente ao portão.,Nenhum comportamento suspeito detectado nas imagens. Os veículos estão trafegando normalmente pela rua.,Camera 85,"**Não**, Nenhum risco aparente.",camera_analyzer_prompt_external_street,False,False
event_20250403_091347_31d8b0de,9,motion_detected/event_20250403_091347_31d8b0de/0001_55410_20250302_230353_frame_20250403_091347_000129.jpg,55410,2025-03-02 23:03:53,N/A,"No frame 3 e 8, é detectado um carro parado em frente ao portão. Não há pessoas visíveis fora do veículo.","A presença do carro parado em frente ao portão durante a noite pode ser considerada um sinal de risco potencial, dependendo do tempo de permanência e da frequência desse comportamento.",Camera 85,"**Sim**, Risco baixo devido à presença do carro parado em frente ao portão durante a noite. É necessário monitorar se esse comportamento persiste.",camera_analyzer_prompt_external_street,False,True
event_20250408_154828_00fee1e5,2,motion_detected/event_20250408_154828_00fee1e5/0000_fall_20250408_154828_frame.jpg,fall,2025-04-08 15:48:28,"Ambiente interno (varanda) com vista para a área externa (jardim frontal de uma residência). Dia, boa iluminação natural.",Uma pessoa entrando na varanda. Presença de carros estacionados na rua.,Nenhuma ação suspeita observada.,STAR-ARMY ULTIMATE SECURITY CAMERA FARS,"**Não**, Nenhum risco aparente.

**Análise da Imagem 0001.jpg:**

- **Contexto**: Ambiente interno (varanda) com vista para a área externa (jardim frontal de uma residência). Dia, boa iluminação natural.
- **Pessoas e veículos**: Duas pessoas na varanda. Presença de carros estacionados na rua.
- **Comportamentos e sinais de risco**: Nenhuma ação suspeita observada.
- **Label**: STAR-ARMY ULTIMATE SECURITY CAMERA FARS
- **Avaliação Geral de Risco**: **Não**, Nenhum risco aparente.",camera_analyzer_prompt_internal_to_outside,True,False
event_20250408_154829_617a7b45,4,motion_detected/event_20250408_154829_617a7b45/0000_struggle_20250408_154829_frame.jpg,struggle,2025-04-08 15:48:29,Rua residencial durante o dia. A iluminação parece boa. A cena se passa em uma rua com casas geminadas.,"Vários carros estacionados na rua. Uma pessoa está perto de uma lixeira e outras duas perto de um carro, aparentemente interagindo.",Nenhuma ação que indique risco aparente.,News Dog Media,"**Não**, Nenhum risco aparente.

**Análise da Imagem 2**

- **Contexto**: Rua residencial durante o dia, com boa iluminação.
- **Pessoas e veículos**: Vários carros estacionados. Duas pessoas próximas a um carro e uma motocicleta envolvidas em uma aparente luta. Uma terceira pessoa próxima a lixeiras.
- **Comportamentos e sinais de risco**: Uma briga/luta parece estar acontecendo entre indivíduos perto de um carro estacionado. A presença da motocicleta pode indicar envolvimento no evento.
- **Label**: News Dog Media
- **Avaliação Geral de Risco**: **Sim**, Devido a uma aparente luta.

**Análise da Imagem 3**

- **Contexto**: Rua residencial durante o dia. Boa iluminação.
- **Pessoas e veículos**: Vários carros estacionados. Três pessoas e uma motocicleta envolvidas em uma aparente briga/luta.
- **Comportamentos e sinais de risco**: A luta parece continuar. A motocicleta permanece envolvida na cena.
- **Label**: News Dog Media
- **Avaliação Geral de Risco**: **Sim**, Devido à luta contínua.

**Análise da Imagem 4**

- **Contexto**: Rua residencial durante o dia. Boa iluminação.
- **Pessoas e veículos**: Vários carros estacionados. Três pessoas envolvidas em uma aparente luta.
- **Comportamentos e sinais de risco**: A luta prossegue.
- **Label**: News Dog Media
- **Avaliação Geral de Risco**: **Sim**, Devido à luta contínua.",camera_analyzer_prompt_external_street,True,True
event_20250402_171342_cc7e5892,6,motion_detected/event_20250402_171342_cc7e5892/0001_4990_20250228_161321_frame_20250402_171342_000046.jpg,4990,2025-02-28 16:13:21,"Ambiente externo, dia, boa iluminação. A câmera está posicionada na lateral de uma propriedade, provavelmente gravando a calçada e a rua em frente.",Há uma pessoa caminhando na calçada em frente à propriedade. Ela parece estar vestindo roupas escuras. Não há veículos visíveis.,"A pessoa está caminhando em frente à propriedade, sem comportamentos visíveis que indiquem risco.",Camera 04,"**Não**, Nenhum risco aparente.",camera_analyzer_prompt_external_street,False,False
event_20250403_091742_afe052f2,35,motion_detected/event_20250403_091742_afe052f2/0001_55407_20250302_230353_frame_20250403_091735_000041.jpg,55407,2025-03-02 23:03:53,"Ambiente interno com vista para uma área externa privada. A iluminação é noturna com luzes de rua. A área visualizada parece ser um pátio ou jardim com cadeiras e mesas, com um portão que dá acesso à rua.",Várias pessoas são vistas caminhando na rua em frente ao portão. Também são detectados carros passando na rua.,"A presença de pessoas caminhando na rua é normal para um ambiente urbano. Um homem se aproxima do portão, observa por alguns instantes, e depois continua caminhando.",Camera 82,"**Não**, A pessoa não tenta abrir o portão, escalar, ou demonstrar qualquer intenção de invasão.",camera_analyzer_prompt_internal_to_outside,False,False
event_20250402_154309_d17a8c21,6,motion_detected/event_20250402_154309_d17a8c21/0001_10771_20250228_101013_frame_20250402_154309_000007.jpg,10771,2025-02-28 10:10:13,"Ambiente externo, dia, iluminação natural. Local da cena: calçada lateral de um imóvel com muro alto.",Nenhum sinal de pessoas ou veículos nas imagens.,Nenhum comportamento de risco visível.,Camera 02,"**Não**, Nenhum risco aparente.",camera_analyzer_prompt_external_street,False,False
event_20250402_170432_a89dcd4a,6,motion_detected/event_20250402_170432_a89dcd4a/0001_4992_20250228_161321_frame_20250402_170432_000006.jpg,4992,2025-02-28 16:13:21,N/A,Nenhuma pessoa ou veículo visível.,Nenhum comportamento de risco observável.,Camera 06,"**Não**, Nenhum risco aparente.",camera_analyzer_prompt_external_street,False,False
event_20250408_154828_d3eda1a7,2,motion_detected/event_20250408_154828_d3eda1a7/0000_fall_20250408_154828_frame.jpg,fall,2025-04-08 15:48:28,Ambiente interno com iluminação artificial. Possivelmente uma sala de revista ou contenção em um presídio/cadeia.,"Imagem 1: Duas pessoas. Imagem 2: Quatro pessoas. As imagens mostram pessoas em conflito físico, possivelmente com agentes de segurança tentando conter um indivíduo.","Há agressão física clara. Um indivíduo está sendo contido contra a parede por outros, sugerindo resistência e/ou comportamento violento.",2014-JUL-02 01:20:50 PM (MBT L78-3600),"**Sim**, Alto risco devido à agressão física em andamento.",camera_analyzer_prompt_internal_closed,True,True
event_20250408_154829_ed9143f6,3,motion_detected/event_20250408_154829_ed9143f6/0000_run_20250408_154829_frame.jpg,run,2025-04-08 15:48:29,N/A,"Uma pessoa está correndo na rua, afastando-se da câmera. Há um caminhão (van) estacionado na rua e um carro visível na última imagem. Também há alguns cachorros atrás de uma cerca.","A pessoa está correndo, o que pode indicar fuga ou perseguição, mas não há informação suficiente para concluir nada sobre o risco ao imóvel.",FAILARMY,"**Não**, A pessoa correndo sozinha não configura risco imediato ao imóvel.",camera_analyzer_prompt_external_street,True,False
event_20250403_110501_6729df14,21,motion_detected/event_20250403_110501_6729df14/0001_6985_20250307_101724_frame_20250403_110453_000004.jpg,6985,2025-03-07 10:17:24,N/A,"Há carros estacionados e circulando na rua. No frame 1, uma pessoa atravessa a calçada. No frame 7, uma moto aparece passando na rua.","No frame 7, uma motocicleta passa na rua. A frequência de carros e motos parece normal para o local e horário.",Câmera 02.,"**Não**, Nenhum risco aparente com base nas informações disponíveis.",camera_analyzer_prompt_external_street,False,False
event_20250408_154826_2c1ec565,5,motion_detected/event_20250408_154826_2c1ec565/0000_grab_20250408_154826_frame.jpg,grab,2025-04-08 15:48:26,N/A,"Há um carro estacionado em frente à câmera com a porta do lado do passageiro aberta e uma pessoa entrando ou saindo do veículo. Outro carro está estacionado ao fundo, na rua.","A pessoa que está entrando/saindo do carro parece estar usando um capuz, o que pode ser um comportamento suspeito à noite.",IPC,"**Sim**, Devido ao uso de capuz à noite e a ação de entrar/sair do veículo não ser clara, o que pode indicar atividade suspeita.",camera_analyzer_prompt_external_street,True,True
event_20250402_173754_467058ed,6,motion_detected/event_20250402_173754_467058ed/0001_53862_20250301_082830_frame_20250402_173754_000126.jpg,53862,2025-03-01 08:28:30,"Corredor interno com iluminação fraca, visualizando uma porta que dá acesso a uma área externa não identificada (possivelmente um pátio ou área de serviço). É noite.",Nenhuma pessoa ou veículo detectados nas imagens.,Nenhum comportamento suspeito visível. Nenhuma alteração na cena ao longo dos frames.,Câmera 04,"**Não**, Nenhum risco aparente.",camera_analyzer_prompt_internal_to_outside,False,False
event_20250408_154828_79d7aceb,2,motion_detected/event_20250408_154828_79d7aceb/0000_throw_20250408_154828_frame.jpg,throw,2025-04-08 15:48:28,"Ambiente externo, possivelmente em cima de uma ponte ou viaduto. Iluminação diurna.",Duas pessoas visíveis.,As pessoas parecem estar jogando objetos de cima da estrutura.,"13 CRIME BEAT, ROCKS THROWN FROM OVERPASS, 13, MUNCIE, 6:00AM, TEMP: 66°, FORECAST: PATCHY DENSE FOG, 5:32, 83°, WTHR.","**Sim**, Jogar objetos de uma estrutura elevada é um comportamento de alto risco.

**Imagem 2: 0001_throw_20250408_154828_frame.jpg**

- **Contexto**: Ambiente externo, possivelmente em cima de uma ponte ou viaduto. Iluminação diurna.
- **Pessoas e veículos**: Duas pessoas visíveis.
- **Comportamentos e sinais de risco**: As pessoas parecem estar jogando objetos de cima da estrutura.
- **Label**: 13 CRIME BEAT, ROCKS THROWN FROM OVERPASS, 13, MUNCIE, 6:00AM, TEMP: 66°, FORECAST: PATCHY DENSE FOG, 5:32, 83°, WTHR.
- **Avaliação Geral de Risco**: **Sim**, Jogar objetos de uma estrutura elevada é um comportamento de alto risco.",camera_analyzer_prompt_external_street,True,True
event_20250408_154827_6620de67,4,motion_detected/event_20250408_154827_6620de67/0000_sit_20250408_154827_frame.jpg,sit,2025-04-08 15:48:27,Ambiente interno de um veículo. Iluminação diurna.,"Um homem adulto, aparentemente no banco traseiro de um carro.","Nenhum comportamento de risco aparente no contexto fornecido, o homem está sentado no banco do carro. O frame 0002 possui a detecção de ""suitcase"" que em pt-br é traduzido para ""mala"", esse fato associado aos demais frames pode indicar que o homem estaria viajando.",S 36 E174 Speed 18/12/02 09:18 ID:00,"**Não**, Nenhum comportamento suspeito visível.",camera_analyzer_prompt_internal_to_outside,True,False
event_20250402_150531_3b752641,9,motion_detected/event_20250402_150531_3b752641/0001_40424_20250221_185342_frame_20250402_150531_000008.jpg,40424,2025-02-21 18:53:42,N/A,"There is one person visible in the first few frames, near the left edge of the image. The person is partially obscured, but appears to be walking towards the gated entrance. There are no vehicles visible.","The person is approaching the gate, but there is no observed behavior that suggests any unusual activity. The person appears to be entering the property.",Camera 03,"**Não**, Nenhum risco aparente.",camera_analyzer_prompt_external_street,False,False
event_20250408_154828_3dd50747,3,motion_detected/event_20250408_154828_3dd50747/0000_stand_20250408_154828_frame.jpg,stand,2025-04-08 15:48:28,N/A,Uma pessoa sai de um carro. Há uma bicicleta e outros carros estacionados.,Nenhum comportamento suspeito é observado.,Hora e data na lateral inferior esquerda.,"**Não**, Nenhum risco aparente.",camera_analyzer_prompt_external_street,False,False
event_20250410_145303_1cfc3a0f,16,motion_detected/event_20250410_145303_1cfc3a0f/0000_robbery_20250410_145303_frame.jpg,robbery,2025-04-10 14:53:03,"Rua residencial durante o dia. Iluminação natural. A câmera está posicionada em frente à rua, capturando o fluxo de veículos e pedestres.","Vários carros estacionados ao longo da rua. Nas últimas imagens, observa-se um indivíduo saindo de um carro e caminhando pela rua.","O indivíduo saindo do carro e caminhando pode ser considerado um comportamento de risco dependendo do contexto e de suas ações subsequentes. Sem mais informações ou ações suspeitas, o risco é baixo, mas deve ser monitorado.",jornaldaRecord,"**Sim**, Baixo. A ação de sair do carro e caminhar, sem contexto adicional, é um risco baixo, mas justifica o monitoramento.",camera_analyzer_prompt_external_street,True,True
event_20250403_115120_668de0a1,17,motion_detected/event_20250403_115120_668de0a1/0001_16312_20250307_134155_frame_20250403_115120_000048.jpg,16312,2025-03-07 13:41:55,N/A,Aproximadamente 2 pessoas. Uma pessoa (funcionário) mexendo em objetos na mesa.,"Pessoa mexendo em objetos da mesa, aparentemente organizando.","Intelbras, data e hora. Escritório.","**Não**, a pessoa parece estar trabalhando normalmente.",camera_analyzer_prompt_internal_closed,False,False
event_20250408_154829_826e1905,4,motion_detected/event_20250408_154829_826e1905/0000_struggle_20250408_154829_frame.jpg,struggle,2025-04-08 15:48:29,"Ambiente externo noturno, aparentemente em frente a um estabelecimento comercial (possivelmente um bar ou casa noturna). Iluminação urbana precária.","Várias pessoas (aproximadamente 8-10) estão presentes nas imagens. Observa-se uma briga ou confusão entre algumas pessoas, enquanto outras (incluindo seguranças) tentam intervir. Não há veículos visíveis.",Presença de confronto físico e agressões. Indivíduos envolvidos em luta corporal. Ações de contenção por parte dos seguranças. O tumulto em si representa um risco potencial à segurança de todos os presentes.,Gutterpunk Hardcore/Punk/Rockabilly,"**Sim**, Confusão generalizada com agressões físicas.",camera_analyzer_prompt_external_street,True,True
event_20250408_154828_138fb57f,3,motion_detected/event_20250408_154828_138fb57f/0000_fall_20250408_154828_frame.jpg,fall,2025-04-08 15:48:28,Área externa privada (entrada da casa) com iluminação diurna.,Uma pessoa (entregador) caminha em direção à porta da casa carregando caixas. Um carro e um caminhão da FedEx estão estacionados na entrada.,"A pessoa está entregando pacotes, o que é um comportamento esperado e não representa risco.",ring.com,"**Não**, entrega de pacote.",camera_analyzer_prompt_internal_to_outside,True,False
event_20250402_134640_5c3ec297,11,motion_detected/event_20250402_134640_5c3ec297/0001_6888_20250219_153816_frame_20250402_134640_000031.jpg,6888,2025-02-19 15:38:16,"Ambiente interno, iluminação artificial, elevador.","Uma pessoa dentro do elevador, usando um celular.","A pessoa parece estar utilizando um celular dentro do elevador, comportamento comum e sem indícios de risco.",Câmera 86,"[**Não**], Não há comportamentos que indiquem risco à segurança.",camera_analyzer_prompt_internal_closed,False,False
event_20250402_141414_61adc9a9,6,motion_detected/event_20250402_141414_61adc9a9/0001_6887_20250219_153816_frame_20250402_141414_000009.jpg,6887,2025-02-19 15:38:16,N/A,Uma pessoa entra no corredor e sai. Um veículo (carro) estacionado em frente à porta de vidro.,Uma pessoa entrando e saindo pode ser rotineiro. A pessoa parece estar em trânsito e não demonstra comportamento suspeito evidente nas imagens.,Câmera 05,"**Não**, nenhuma ação suspeita aparente.",camera_analyzer_prompt_internal_to_outside,False,False
event_20250403_110227_40dfdb1b,13,motion_detected/event_20250403_110227_40dfdb1b/0001_6984_20250307_101724_frame_20250403_110227_000016.jpg,6984,2025-03-07 10:17:24,"Ambiente externo, dia com chuva e iluminação natural fraca. A câmera está posicionada em um prédio, filmando uma rua residencial com estacionamento frontal.","Há tráfego de veículos na rua. Uma pessoa está sentada em uma cadeira sob um guarda-sol, aparentemente utilizando um dispositivo móvel.",Não há comportamentos ou sinais de risco visíveis nas imagens. Os veículos estão passando normalmente e a pessoa está sentada tranquilamente.,Câmera 01,"**Não**, Nenhum risco aparente. O tráfego é normal e não há indícios de atividade suspeita.",camera_analyzer_prompt_external_street,False,False
event_20250408_154828_a4352938,2,motion_detected/event_20250408_154828_a4352938/0000_stand_20250408_154828_frame.jpg,stand,2025-04-08 15:48:28,"Ambiente externo, noite, iluminação urbana. Local da cena: rua.",Presença de pessoas e veículos não especificados.,Presença de uma moto parada com pessoas ao lado,TITANVORTEX,"**Sim**, Presença de moto parada com pessoas ao lado.",camera_analyzer_prompt_external_street,False,True
event_20250408_154828_fabdce01,3,motion_detected/event_20250408_154828_fabdce01/0000_stand_20250408_154828_frame.jpg,stand,2025-04-08 15:48:28,"Ambiente interno, iluminação baixa, aparentemente um quarto de hospital ou similar.","Duas pessoas, uma delas parece estar cuidando de um paciente deitado em uma cama de hospital. Na imagem 0001.jpg é detectado um cão, que pode ser de suporte emocional ao paciente.",Nenhum comportamento de risco aparente. As pessoas parecem estar em um contexto de cuidado.,stand_20250408_154828,"**Não**, Nenhum risco aparente.",camera_analyzer_prompt_internal_closed,False,False
event_20250403_110306_2a4c2741,12,motion_detected/event_20250403_110306_2a4c2741/0001_6984_20250307_101724_frame_20250403_110306_000054.jpg,6984,2025-03-07 10:17:24,N/A,Vários carros passando na rua. Uma pessoa atravessa a faixa de pedestres.,Nenhum comportamento suspeito observado.,Camera 01.,"**Não**, Nenhum risco aparente.",camera_analyzer_prompt_external_street,False,False
event_20250410_145302_fd512be8,11,motion_detected/event_20250410_145302_fd512be8/0000_robbery_20250410_145302_frame.jpg,robbery,2025-04-10 14:53:02,"Rua residencial durante o dia. Iluminação natural forte. A câmera está posicionada em um local elevado, provavelmente filmando a rua e a calçada em frente a um imóvel.","A cena inicial mostra um indivíduo sendo abordado por duas pessoas em uma moto. Ao longo dos frames, a moto aparentemente foge do local e a vítima fica caída no chão.",Assalto. Tentativa de roubo consumada.,11-07-2023 Tue 09:57:06,"**Sim**, A sequência claramente demonstra um assalto com o indivíduo sendo abordado e a motocicleta se evadindo após o ocorrido.",camera_analyzer_prompt_external_street,True,True
event_20250410_145304_8ec3e678,25,motion_detected/event_20250410_145304_8ec3e678/0000_break-in_20250410_145304_frame.jpg,break-in,2025-04-10 14:53:04,"Ambiente interno, noturno com iluminação artificial fraca. Parece ser um armazém ou sala de depósito, pelas prateleiras e grandes paredes.","Inicialmente nenhuma pessoa é visível. A partir do frame 14, uma pessoa é detectada. A partir do frame 20, duas pessoas são visíveis. Ambas as pessoas usam capuz.","A partir do frame 14, uma pessoa entra no ambiente. A partir do frame 15, ambos estão segurando facas. Essa é uma indicação clara de risco.",Data e hora: 11/07/2018 00:44:40,"**Sim**, Presença de indivíduos com facas e comportamento suspeito indica risco elevado de assalto ou agressão.",camera_analyzer_prompt_internal_closed,True,True
event_20250402_150847_2875d9f1,6,motion_detected/event_20250402_150847_2875d9f1/0001_40428_20250221_185342_frame_20250402_150847_000004.jpg,40428,2025-02-21 18:53:42,"Ambiente externo, dia, boa iluminação. A câmera está posicionada na rua, em frente à fachada de um edifício com entrada lateral. Parece ser uma rua residencial.",Vários carros estacionados na rua e transitando na via. Não há pessoas visíveis nas imagens.,Nenhum comportamento ou sinal de risco visível. Os carros parecem estar estacionados ou transitando normalmente.,Câmera 07,"**Não**, Nenhum risco aparente.",camera_analyzer_prompt_external_street,False,False
event_20250402_150644_65cf02b1,9,motion_detected/event_20250402_150644_65cf02b1/0001_40426_20250221_185342_frame_20250402_150640_000009.jpg,40426,2025-02-21 18:53:42,"Ambiente externo, dia, iluminação boa. A câmera está posicionada em frente a um portão de entrada de um imóvel, com visão para a rua e calçada.","* Imagens 0001-0007: Uma pessoa abrindo o portão e entrando na propriedade.
    * Imagem 0008: Um carro estacionado na rua em frente à propriedade.
    * Imagem 0009: Um carro estacionado e uma motocicleta passando na rua.","A passagem da motocicleta na rua na imagem 0009, embora isolada, merece atenção no contexto brasileiro. Não há outros sinais objetivos de risco nas imagens.","Camera 05, Camera 06","**Não**, risco baixo. A passagem da motocicleta é um evento isolado e não demonstra um comportamento suspeito claro nas imagens fornecidas.",camera_analyzer_prompt_external_street,False,False
event_20250402_153052_8400b28d,11,motion_detected/event_20250402_153052_8400b28d/0001_10785_20250228_101013_frame_20250402_153052_000063.jpg,10785,2025-02-28 10:10:13,N/A,No persons or vehicles detected.,None.,Camera 16,"**Não**, nenhum risco aparente.

**Image 2**

- **Context**: Internal view of an external area; appears to be a side passage with a fence on one side and a wall on the other. Daylight, adequate lighting.
- **Pessoas e veículos**: No persons or vehicles detected.
- **Comportamentos e sinais de risco**: None.
- **Label**: Camera 16
- **Avaliação Geral de Risco**: **Não**, nenhum risco aparente.

**Image 3**

- **Context**: No video is showing
- **Pessoas e veículos**: No persons or vehicles detected.
- **Comportamentos e sinais de risco**: None.
- **Label**: Camera 16, No Video
- **Avaliação Geral de Risco**: **Não**, nenhum risco aparente.

**Image 4**

- **Context**: Internal view of an external area; appears to be a side passage with a fence on one side and a wall on the other. Daylight, adequate lighting.
- **Pessoas e veículos**: No persons or vehicles detected.
- **Comportamentos e sinais de risco**: None.
- **Label**: Camera 16
- **Avaliação Geral de Risco**: **Não**, nenhum risco aparente.

**Image 5**

- **Context**: Internal view of an external area; appears to be a side passage with a fence on one side and a wall on the other. Daylight, adequate lighting.
- **Pessoas e veículos**: No persons or vehicles detected.
- **Comportamentos e sinais de risco**: None.
- **Label**: HD720P30, Camera 16
- **Avaliação Geral de Risco**: **Não**, nenhum risco aparente.

**Image 6**

- **Context**: No video is showing
- **Pessoas e veículos**: No persons or vehicles detected.
- **Comportamentos e sinais de risco**: None.
- **Label**: Camera 16, No Video
- **Avaliação Geral de Risco**: **Não**, nenhum risco aparente.

**Image 7**

- **Context**: No video is showing
- **Pessoas e veículos**: No persons or vehicles detected.
- **Comportamentos e sinais de risco**: None.
- **Label**: Camera 16, No Video
- **Avaliação Geral de Risco**: **Não**, nenhum risco aparente.

**Image 8**

- **Context**: No video is showing
- **Pessoas e veículos**: No persons or vehicles detected.
- **Comportamentos e sinais de risco**: None.
- **Label**: Camera 16, No Video
- **Avaliação Geral de Risco**: **Não**, nenhum risco aparente.

**Image 9**

- **Context**: Internal view of an external area; appears to be a side passage with a fence on one side and a wall on the other. Daylight, adequate lighting.
- **Pessoas e veículos**: No persons or vehicles detected.
- **Comportamentos e sinais de risco**: None.
- **Label**: HD720P30, Camera 16
- **Avaliação Geral de Risco**: **Não**, nenhum risco aparente.

**Image 10**

- **Context**: No video is showing
- **Pessoas e veículos**: No persons or vehicles detected.
- **Comportamentos e sinais de risco**: None.
- **Label**: Camera 16, No Video
- **Avaliação Geral de Risco**: **Não**, nenhum risco aparente.

**Image 11**

- **Context**: No video is showing
- **Pessoas e veículos**: No persons or vehicles detected.
- **Comportamentos e sinais de risco**: None.
- **Label**: Camera 16, No Video
- **Avaliação Geral de Risco**: **Não**, nenhum risco aparente.",camera_analyzer_prompt_internal_to_outside,False,False
event_20250402_154239_6901bc0d,7,motion_detected/event_20250402_154239_6901bc0d/0001_10782_20250228_101013_frame_20250402_154239_000133.jpg,10782,2025-02-28 10:10:13,"Ambiente externo, dia, boa iluminação. Rua com calçada em frente a um prédio.","Inicialmente, uma moto passa na rua. No frame 4, uma pessoa caminha na calçada, afastando-se do prédio. Um carro trafega na rua em direção oposta a moto.","A moto que passa no primeiro frame pode ser um possível sinal de risco, dependendo se ela retornar ou realizar alguma manobra suspeita em frames futuros.",Camera 13,"**Não**, Risco baixo, dado que a moto apenas passa e não há outros sinais de risco visíveis nas imagens fornecidas. Uma análise mais aprofundada seria necessária se a moto retornasse ou apresentasse comportamento suspeito.",camera_analyzer_prompt_external_street,False,False
event_20250408_154827_489da73b,3,motion_detected/event_20250408_154827_489da73b/0000_sit_20250408_154827_frame.jpg,sit,2025-04-08 15:48:27,"Ambiente interno, possivelmente uma recepção, com vista para uma área externa. A iluminação parece ser diurna.",Observa-se um adulto e uma criança na área externa. A criança está segurando um livro.,Nenhuma ação suspeita é observada. As pessoas parecem estar esperando ou saindo do local.,BROWARD SHERIFF'S OFFICE,"**Não**, a situação parece normal e não apresenta riscos aparentes.",camera_analyzer_prompt_internal_to_outside,True,False
event_20250408_154827_df4d752d,5,motion_detected/event_20250408_154827_df4d752d/0000_walk_20250408_154827_frame.jpg,walk,2025-04-08 15:48:27,N/A,Uma pessoa é detectada nas imagens 0002 e 0003. A pessoa parece estar movendo uma cadeira ou outro objeto.,"A pessoa está mexendo em objetos na área externa, mas não há sinais claros de comportamento suspeito.",camera a2,"**Não**, a pessoa está movimentando cadeiras.",camera_analyzer_prompt_internal_to_outside,True,False
event_20250403_110122_9008d0c2,6,motion_detected/event_20250403_110122_9008d0c2/0001_6987_20250307_101724_frame_20250403_110122_000108.jpg,6987,2025-03-07 10:17:24,N/A,Duas pessoas aparentemente escondidas embaixo do balcão e uma pessoa atendendo no balcão.,"Presença de duas pessoas escondidas embaixo do balcão de atendimento, o que é um comportamento incomum.",Camera 04,"**Sim**, A presença de pessoas escondidas sob o balcão indica um comportamento suspeito e potencialmente de risco.",camera_analyzer_prompt_internal_to_outside,False,True
event_20250403_101317_ac64b50b,14,motion_detected/event_20250403_101317_ac64b50b/0001_17201_20250307_002851_frame_20250403_101317_000129.jpg,17201,2025-03-07 00:28:51,N/A,Circulação de veículos na rua. Não há pedestres visíveis.,"Nenhum comportamento ou sinal de risco visível. Aparentemente, o fluxo de veículos é normal na via.","Intelbras, Frente,L,E, 06/03/2025 21:18:15","**Não**, Nenhum risco aparente.",camera_analyzer_prompt_external_street,False,False
event_20250403_111720_8438ede2,13,motion_detected/event_20250403_111720_8438ede2/0001_6990_20250307_101724_frame_20250403_111720_000111.jpg,6990,2025-03-07 10:17:24,"Ambiente interno, possivelmente uma clínica ou escritório. Iluminação interna durante o dia. A área visualizada é o interior do estabelecimento, com vista para uma área externa não visível.","Uma pessoa é detectada na imagem 0006. Nas imagens subsequentes, esta pessoa parece estar atendendo ou interagindo com alguém sentado na cama/mesa de tratamento.","Não há comportamentos ou sinais de risco visíveis. As ações parecem ser normais para o ambiente, como um atendimento.",Camera 07,"**Não**, Nenhuma ação suspeita detectada.",camera_analyzer_prompt_internal_to_outside,False,False
event_20250408_154828_0ef99938,9,motion_detected/event_20250408_154828_0ef99938/0000_stand_20250408_154828_frame.jpg,stand,2025-04-08 15:48:28,N/A,Uma pessoa identificada em todos os frames. A pessoa está próxima à porta.,"A pessoa permanece próxima à porta, mas não tenta forçá-la ou abri-la.","CAM 3, e data/hora: 06-08-2013 09:11:30 PM (e segundos subsequentes).","**Não**, a pessoa apenas parece estar próxima à porta, sem sinais claros de tentativa de invasão ou atividade suspeita.",camera_analyzer_prompt_internal_to_outside,False,False
event_20250402_135631_93a32206,11,motion_detected/event_20250402_135631_93a32206/0001_6895_20250219_153816_frame_20250402_135623_000080.jpg,6895,2025-02-19 15:38:16,N/A,Um carro entrando e saindo.,Nenhum. Apenas o carro estacionando e depois saindo do local.,Camera 13,"**Não**, Nenhum risco aparente.",camera_analyzer_prompt_internal_closed,False,False
event_20250403_115050_7683df45,19,motion_detected/event_20250403_115050_7683df45/0001_16312_20250307_134155_frame_20250403_115049_000017.jpg,16312,2025-03-07 13:41:55,N/A,"Uma pessoa é detectada em diversos frames, caminhando entre as baias.","A pessoa se move entre as baias de forma aparentemente normal, sem sinais de comportamentos suspeitos como forçar portas ou mexer em objetos alheios de forma incomum.","intelbras, Escritório, Data e hora","**Não**, a pessoa se move pelo escritório de forma aparentemente normal.",camera_analyzer_prompt_internal_closed,False,False
event_20250403_092133_a41a7e4e,15,motion_detected/event_20250403_092133_a41a7e4e/0001_55406_20250302_230353_frame_20250403_092127_000111.jpg,55406,2025-03-02 23:03:53,Ambiente externo noturno com iluminação pública. A câmera está voltada para uma rua residencial em frente a um portão de entrada.,"Vários carros passam pela rua. Algumas pessoas caminham na calçada. Nenhuma ação suspeita dos veículos. As pessoas caminham normalmente, cruzando a rua e a calçada.",Não há comportamentos de risco aparentes.,Camera 01,"**Não**, Nenhum risco aparente.",camera_analyzer_prompt_external_street,False,False
event_20250403_092148_f7aec939,20,motion_detected/event_20250403_092148_f7aec939/0001_55406_20250302_230353_frame_20250403_092148_000132.jpg,55406,2025-03-02 23:03:53,"Ambiente externo noturno, iluminado por luz artificial. A câmera está posicionada em frente a um portão que dá acesso a um imóvel, provavelmente uma residência ou prédio. A cena mostra a rua e a calçada em frente ao portão.","- Vários carros passando pela rua em ambos os sentidos.
    - Um ciclista e um pedestre aparecem brevemente no primeiro frame.
    - Um segundo pedestre aparece nos frames 5, 6 e 7.
    - Um terceiro pedestre aparece rapidamente no frame 8.","- Nenhum comportamento de risco claro é observado. Os carros estão passando normalmente pela rua. Os pedestres também estão transitando normalmente.
    - Nenhuma motocicleta é detectada nas imagens.",Camera 01,"**Não**, Nenhum risco aparente. A cena mostra tráfego normal e pedestres passando pela rua. Não há comportamentos suspeitos ou indícios de atividade criminosa.",camera_analyzer_prompt_external_street,False,False
event_20250410_145303_bf28867c,25,motion_detected/event_20250410_145303_bf28867c/0000_robbery_20250410_145303_frame.jpg,robbery,2025-04-10 14:53:03,"Ambiente externo, dia, boa iluminação. A cena se passa em uma área que parece ser a calçada em frente a um estabelecimento comercial, com uma rua ao fundo. Há um carro forte da empresa ""PRESERVE"" estacionado e um grupo de pessoas aglomeradas próximo a ele.","Vários indivíduos envolvidos em uma situação de risco. Há um carro forte da empresa ""PRESERVE"" estacionado e várias motos estacionadas próximas. Nas primeiras imagens, um indivíduo parece estar fugindo. Em sequencia um indivíduo está caído ao chão, e as imagens subsequentes mostram várias pessoas correndo.","A progressão das imagens sugere um assalto ou roubo em andamento, com pessoas fugindo, um indivíduo caído, e movimentação rápida e desordenada. A presença do carro forte e a aglomeração de pessoas, seguidos pela fuga e pessoa caída, indicam uma situação de alta periculosidade. A data e hora visíveis nas imagens é 2019-03-29 09:26.","Registro de data e hora, e um logotipo de emissora de TV.","**Sim**, Com base nos comportamentos observados nas imagens, há um alto risco de um crime em andamento, possivelmente um assalto.",camera_analyzer_prompt_external_street,True,True
event_20250408_154826_f4c9cc24,3,motion_detected/event_20250408_154826_f4c9cc24/0000_kick_20250408_154826_frame.jpg,kick,2025-04-08 15:48:26,N/A,Várias pessoas presentes. Uma pessoa está no chão sendo aparentemente agredida por outras. As demais pessoas parecem observar a situação.,"Agressão física em andamento, representando uma situação de alta periculosidade.","CCTVX, 11-7-86 22:35:36 A43 (e variações), C9 MAAFORD PLACE","**Sim**, agressão física em andamento indica alto risco à segurança.",camera_analyzer_prompt_external_street,True,True
event_20250403_091558_f5332a23,14,motion_detected/event_20250403_091558_f5332a23/0001_55408_20250302_230353_frame_20250403_091558_000102.jpg,55408,2025-03-02 23:03:53,"Ambiente interno com vista para uma área externa privada, provavelmente um corredor lateral ou quintal. A iluminação é noturna, com luz artificial da rua.",Presença de tráfego de veículos na rua ao fundo. Nenhuma pessoa detectada dentro da área privada visualizada.,"Nenhum comportamento suspeito visível nas imagens. Não há indicação de invasão, aproximação suspeita ou tentativa de acesso à propriedade.",Camera 83,"**Não**, Nenhum risco aparente detectado.",camera_analyzer_prompt_internal_to_outside,False,False
event_20250408_154828_da5febad,4,motion_detected/event_20250408_154828_da5febad/0000_run_20250408_154828_frame.jpg,run,2025-04-08 15:48:28,N/A,Imagem 1: dois carros. Imagem 2: dois carros e uma pessoa. Imagem 3: dois carros e uma pessoa. Imagem 4: um carro e um caminhão.,"A sequência mostra pessoas entrando e saindo do imóvel. Um caminhão aparece na última imagem, mas não há comportamentos suspeitos evidentes.",CAM TV VIKATAN.tv e data/hora,"**Não**, Nenhum risco aparente. A movimentação de pessoas e veículos parece normal.",camera_analyzer_prompt_external_street,True,False
event_20250410_145303_c7079205,9,motion_detected/event_20250410_145303_c7079205/0000_robbery_20250410_145303_frame.jpg,robbery,2025-04-10 14:53:03,"Ambiente interno, possivelmente noturno com iluminação artificial. O local parece ser uma sala de jantar em uma residência.","Aproximadamente 2-3 pessoas. Duas pessoas vestidas com capuz abordam outra pessoa. Nos primeiros frames, há uma pessoa aparentemente sendo agarrada/contida por outra. Subsequentemente, as pessoas com capuz se afastam.","As pessoas com capuz se aproximam rapidamente da vítima e uma das pessoas com capuz parece estar agarrando a vítima. Isso indica uma possível situação de agressão, ameaça ou roubo.","JornalDaRecord, Intelbras, 17/11/2020.","**Sim**, devido à abordagem rápida, vestimenta que dificulta a identificação e possível agressão, caracterizando uma situação de risco elevado.",camera_analyzer_prompt_internal_closed,True,True
event_20250403_113741_80c81944,146,motion_detected/event_20250403_113741_80c81944/0001_7645_20250307_134155_frame_20250403_113736_000011.jpg,7645,2025-03-07 13:41:55,N/A,Não há pessoas ou veículos visíveis.,Nenhum comportamento ou sinal de risco observável.,"intelbras, 2025-03-07 10:41:28, Portao entrada","**Não**, Nenhum risco aparente.",camera_analyzer_prompt_external_street,False,False
event_20250410_145302_1206a091,22,motion_detected/event_20250410_145302_1206a091/0000_robbery_20250410_145302_frame.jpg,robbery,2025-04-10 14:53:02,"Ambiente interno, dia, consultório odontológico. A iluminação é adequada.",Aproximadamente 4 pessoas. Uma pessoa está deitada na cadeira de dentista. Outras três pessoas entram no consultório e abordam o indivíduo que está deitado. O paciente levanta as mãos em sinal de rendição.,A entrada repentina de indivíduos e a reação de medo da pessoa na cadeira sugerem uma situação de coerção ou assalto. Há forte indicação de ameaça à segurança da pessoa na cadeira e possivelmente dos outros presentes.,"#sbtnews, 11/11/2021 10:28:32, Ceilândia, DF","**Sim**, devido à possível ocorrência de um assalto ou coerção forçada dentro do consultório.",camera_analyzer_prompt_internal_closed,True,True
event_20250408_154826_2c927806,4,motion_detected/event_20250408_154826_2c927806/0000_kick_20250408_154826_frame.jpg,kick,2025-04-08 15:48:26,"Ambiente externo noturno, com iluminação artificial. A cena se passa em frente a um prédio com uma entrada principal.","Várias pessoas, aproximadamente 6 a 8, estão em frente ao prédio. Há pelo menos um carro estacionado na rua. As pessoas estão em frente à entrada.","As pessoas estão concentradas na entrada do prédio, algumas aparentemente entrando ou saindo. O nível de interação é alto, o que poderia indicar uma situação incomum ou um evento.","CCTVX, CA EDEN PLACE","**Sim**, A concentração de pessoas na entrada do prédio, especialmente à noite, justifica uma avaliação de risco. É importante monitorar para determinar se há algum comportamento inadequado.",camera_analyzer_prompt_external_street,True,True
event_20250410_145304_6ba77bed,1,motion_detected/event_20250410_145304_6ba77bed/0000_break-in_20250410_145304_frame.jpg,break-in,2025-04-10 14:53:04,N/A,"Três pessoas estão presentes. Uma pessoa está entrando na loja, enquanto as outras duas parecem estar interagindo com um funcionário atrás do balcão.","A pessoa entrando na loja está carregando uma bolsa vermelha e parece estar entrando de forma apressada, o que poderia indicar um comportamento de risco.","#PRIMEIROJORNAL, Codmed","**Sim**, Devido à entrada apressada de uma pessoa com uma bolsa, pode haver um risco potencial para a segurança no estabelecimento.",camera_analyzer_prompt_internal_to_outside,True,True
event_20250402_134602_e110db14,16,motion_detected/event_20250402_134602_e110db14/0001_6884_20250219_153904_frame_20250402_134602_000020.jpg,6884,2025-02-19 15:39:04,N/A,"As primeiras imagens mostram duas pessoas caminhando na rua. A partir da terceira imagem, as mesmas duas pessoas entram em um elevador com uma mala.","Nenhuma ação suspeita é observada. As pessoas parecem estar simplesmente caminhando na rua e, em seguida, entrando em um elevador.","Camera 82, Camera 86.","**Não**, Nenhum risco aparente.",camera_analyzer_prompt_external_street,False,False
event_20250408_154829_f8cfe6ef,4,motion_detected/event_20250408_154829_f8cfe6ef/0000_struggle_20250408_154829_frame.jpg,struggle,2025-04-08 15:48:29,"Ambiente interno, sala de reunião ou escritório. Iluminação artificial, dia. A câmera está dentro da sala.","Múltiplas pessoas (3-4) aparentam estar envolvidas em uma altercação física próxima à mesa de reunião. Outros indivíduos (2) estão presentes na sala, potencialmente observando ou tentando intervir.","Há evidências visuais de uma possível agressão ou conflito físico em andamento. As pessoas envolvidas estão próximas umas das outras, indicando um contato físico direto ou iminente.",Nenhum,"**Sim**, a presença de altercação física entre os indivíduos representa um risco significativo.",camera_analyzer_prompt_internal_to_outside,True,True
event_20250403_103119_7b8360f5,6,motion_detected/event_20250403_103119_7b8360f5/0001_17205_20250307_002852_frame_20250403_103119_000110.jpg,17205,2025-03-07 00:28:52,"Ambiente externo, noite com iluminação artificial. Parece ser uma área de armazenamento ou construção com diversos materiais empilhados.","Uma pessoa é detectada nas imagens 3, 4 e 5, caminhando na área. Não há veículos visíveis.","A pessoa caminha pela área de armazenamento. Não há comportamentos claramente indicativos de risco, como olhar fixamente para um ponto específico, hesitação ou movimentos coordenados com outros indivíduos.","Intelbras, 06/03/2025 21:17:37, L.D. Fundos (as labels variam entre os frames, mas o conteúdo principal é o mesmo)","**Não**, a movimentação da pessoa não apresenta comportamentos suspeitos.",camera_analyzer_prompt_external_street,False,False
event_20250408_154828_26a4cad8,7,motion_detected/event_20250408_154828_26a4cad8/0000_throw_20250408_154828_frame.jpg,throw,2025-04-08 15:48:28,"Ambiente externo, noturno, iluminação urbana fraca. A câmera parece estar posicionada em um local elevado, provavelmente na fachada de um imóvel, com visão da rua e calçada.","Várias pessoas estão presentes. Em um primeiro momento, dois homens aparentemente jogam um objeto para o alto. A sequência mostra que mais pessoas se aproximam e ocorre uma confusão. Motocicletas e outros veículos podem ser vistos na rua ao fundo.","O comportamento inicial de jogar objetos para o alto não representa risco direto. No entanto, o aumento no número de pessoas e a subsequente confusão na calçada indicam uma possível briga ou tumulto, o que representa um risco significativo.",Câmera 03,"**Sim**, a sequência demonstra uma escalada para um possível conflito físico, o que justifica uma avaliação de risco.",camera_analyzer_prompt_external_street,True,True
event_20250410_145303_b6a2f2cd,9,motion_detected/event_20250410_145303_b6a2f2cd/0000_robbery_20250410_145303_frame.jpg,robbery,2025-04-10 14:53:03,N/A,"Aproximadamente duas pessoas. Inicialmente, ambas parecem estar abrindo portas de armários e retirando objetos. Uma das pessoas está usando um boné e a outra um capuz. A partir do frame 5, uma das pessoas sai da área de visão da câmera, e nos frames subsequentes, apenas uma pessoa permanece visível, saindo com algo nas mãos.","Ações suspeitas de abrir armários e retirar objetos de forma rápida e aparentemente disfarçada. Uma pessoa permanece no local enquanto a outra sai, o que pode indicar conluio.","""Jornal Da Record"", ""Interbras"" e data/hora","**Sim**, Forte indício de atividade ilícita como furto ou roubo, dada a forma como os objetos são retirados e a posterior saída de uma das pessoas com algo não identificado.",camera_analyzer_prompt_internal_closed,True,True
event_20250403_101212_7acf6727,11,motion_detected/event_20250403_101212_7acf6727/0001_17201_20250307_002851_frame_20250403_101212_000064.jpg,17201,2025-03-07 00:28:51,"Ambiente externo. É noite e a iluminação é baixa. A cena parece ser a frente de um imóvel, possivelmente um portão de entrada ou uma área de acesso a uma propriedade. A câmera está posicionada do lado de dentro da propriedade, olhando para a rua.","A partir do frame 0003, há um carro passando na rua. Não há outras pessoas ou veículos visíveis na sequência.","O carro passa pela rua, sem comportamentos anormais visíveis.","Intelbras, data/hora, ""Frente,L,E""","**Não**, Nenhum risco aparente. O veículo passa normalmente pela rua.",camera_analyzer_prompt_external_street,False,False
event_20250410_145301_0031b418,31,motion_detected/event_20250410_145301_0031b418/0000_burglary_20250410_145301_frame.jpg,burglary,2025-04-10 14:53:01,N/A,Uma pessoa entra na varanda e sai carregando um objeto grande (aparentemente uma caixa). Um cachorro aparece brevemente em dois frames.,Uma pessoa invade a propriedade e furta um objeto.,"Intelbras, GAZ, Data e hora da filmagem.","**Sim**, [A sequência de imagens mostra um furto em andamento]",camera_analyzer_prompt_external_street,True,True
event_20250402_152957_dcbadaac,6,motion_detected/event_20250402_152957_dcbadaac/0001_10785_20250228_101013_frame_20250402_152957_000010.jpg,10785,2025-02-28 10:10:13,N/A,Nenhuma pessoa ou veículo detectado.,Sem visão.,"NO VIDEO, Camera 16","**Sim**, Sem visão.",camera_analyzer_prompt_internal_closed,False,True
event_20250402_152728_27cf3018,7,motion_detected/event_20250402_152728_27cf3018/0001_10784_20250228_101013_frame_20250402_152728_000022.jpg,10784,2025-02-28 10:10:13,"Ambiente interno, dia, iluminação normal. Corredor de um prédio residencial, com porta de elevador visível.",Uma pessoa entra no elevador e sai do campo de visão da câmera.,Nenhum comportamento suspeito é observado.,Camera 15,"**Não**, Nenhum risco aparente.",camera_analyzer_prompt_internal_closed,False,False
event_20250408_154827_b5baa4eb,3,motion_detected/event_20250408_154827_b5baa4eb/0000_sit_20250408_154827_frame.jpg,sit,2025-04-08 15:48:27,"Ambiente interno, iluminação artificial, aparentemente uma área de espera, possivelmente de um aeroporto ou rodoviária.","Aproximadamente 15 pessoas visíveis nas imagens. Pessoas aparentemente aguardando sentadas ou em pé, em uma área de espera. Uma pessoa em pé está aparentemente pedindo algo a uma pessoa sentada.",Não há comportamentos de risco aparentes nas imagens.,Nenhum,"**Não**, nenhum comportamento de risco aparente.",camera_analyzer_prompt_internal_closed,True,False
event_20250403_091718_718f1e23,16,motion_detected/event_20250403_091718_718f1e23/0001_55407_20250302_230353_frame_20250403_091718_000024.jpg,55407,2025-03-02 23:03:53,"Ambiente externo privado, aparentando ser um jardim ou área de convivência com mesas e cadeiras. A iluminação é noturna, com luzes da rua e iluminação interna. A câmera tem visão parcial da rua.","Várias pessoas transitam pela rua. A partir do frame 10, detecta-se uma pessoa parada próxima ao portão, dentro da propriedade.","A pessoa próxima ao portão pode ser considerada um sinal de risco, pois está em uma área interna da propriedade e sua presença não é explicada nas imagens.",Camera 82,"**Sim**, Presença de pessoa em área interna, próximo ao portão, levanta suspeitas.",camera_analyzer_prompt_internal_to_outside,False,True
event_20250402_135601_2503371e,12,motion_detected/event_20250402_135601_2503371e/0001_6895_20250219_153816_frame_20250402_135601_000059.jpg,6895,2025-02-19 15:38:16,N/A,Uma pessoa aparece no primeiro frame e gradualmente se afasta da câmera.,A pessoa se afasta da câmera e eventualmente desaparece da cena. Não há sinais visíveis de comportamento de risco.,Camera 13,"**Não**, A pessoa se afasta, não demonstrando comportamento suspeito.",camera_analyzer_prompt_internal_to_outside,False,False
event_20250410_145301_bd360024,26,motion_detected/event_20250410_145301_bd360024/0000_car-break-in_20250410_145301_frame.jpg,car-break-in,2025-04-10 14:53:01,N/A,"Initially one person is observed breaking into a car, and then the person takes a box out of the car. Multiple cars are parked.","A person is breaking into a car, then takes a red box out of the car, suggesting theft.","Channel6, timestamp.","**Sim**, Breaking into a car and theft.",camera_analyzer_prompt_internal_closed,True,True
event_20250402_142408_54015820,11,motion_detected/event_20250402_142408_54015820/0001_6884_20250219_153816_frame_20250402_142408_000019.jpg,6884,2025-02-19 15:38:16,N/A,"Inicialmente, uma pessoa é vista caminhando na calçada. Em seguida, uma segunda pessoa se junta a ela. A partir do frame 10, um carro está estacionado na rua.","Duas pessoas caminhando juntas na calçada. No entanto, não há comportamentos suspeitos notáveis.",Câmera 02,"**Não**, Nenhum risco aparente.",camera_analyzer_prompt_external_street,False,False
event_20250408_154826_3040ec46,7,motion_detected/event_20250408_154826_3040ec46/0000_kick_20250408_154826_frame.jpg,kick,2025-04-08 15:48:26,N/A,"Duas pessoas são visíveis durante toda a sequência. Uma delas parece estar tentando arrombar a porta, enquanto a outra observa.","A pessoa em primeiro plano está chutando a porta da casa. A outra pessoa permanece parada, observando o possível arrombamento.",04/08/2025 3:48:26 PM FRONT DOOR,"**Sim**, Alto. A sequência de imagens mostra uma tentativa clara de arrombamento da porta da casa.",camera_analyzer_prompt_external_street,True,True
event_20250408_154829_ce92d2ad,4,motion_detected/event_20250408_154829_ce92d2ad/0000_sneak_20250408_154829_frame.jpg,sneak,2025-04-08 15:48:29,"Ambiente externo, noturno, com iluminação artificial intensa. A cena se passa em um posto de gasolina com uma loja de conveniência anexada, incluindo vagas de estacionamento em frente à loja.","Vários carros estacionados. Uma pessoa sai do carro preto com a porta aberta, enquanto outra pessoa parece estar caminhando em direção à entrada da loja de conveniência.","A pessoa saindo do carro e indo em direção à loja, parece que o carro foi estacionado as pressas e o passageiro sai do veículo rapidamente.","CAM 11, uma marca d'água com a data e hora.","**Sim**, a pressa e o momento da saida do carro podem indicar algum tipo de problema.",camera_analyzer_prompt_external_street,True,True
event_20250410_145303_905c170e,10,motion_detected/event_20250410_145303_905c170e/0000_robbery_20250410_145303_frame.jpg,robbery,2025-04-10 14:53:03,"Ambiente interno, dia (boa iluminação), loja de conveniência ou supermercado de pequeno porte.",Aproximadamente 8-10 pessoas visíveis. Duas pessoas vestidas com roupas escuras e capuzes (possívelmente mascarados). Uma pessoa vestida com uma roupa verde e também um capuz. Uma pessoa está no chão aparentemente ferida.,Pessoas com capuz aparentemente ordenando as outras e a pessoa no caixa colocar as mãos para cima.,"""15-04-2019 18:27:4[5-9] Canal""","**Sim**, Assalto em andamento com pessoas rendidas e no chão. Risco alto para todos os presentes.",camera_analyzer_prompt_internal_closed,True,True
event_20250403_115742_98c6dcb5,23,motion_detected/event_20250403_115742_98c6dcb5/0001_7639_20250307_134155_frame_20250403_115726_000099.jpg,7639,2025-03-07 13:41:55,N/A,"Vários carros estacionados na rua. No frame 17, uma motocicleta passa na rua.","A passagem da motocicleta no frame 17. Apesar de ser um evento rápido, motos no contexto brasileiro representam um risco elevado.","Intelbras, frente direita, 2025-03-07","**Sim**, Motocicleta passando na rua. Apesar de ser um evento rápido, motos no contexto brasileiro representam um risco elevado.",camera_analyzer_prompt_external_street,False,True
event_20250403_111740_d2e012b2,7,motion_detected/event_20250403_111740_d2e012b2/0001_6990_20250307_101724_frame_20250403_111736_000127.jpg,6990,2025-03-07 10:17:24,"Interior de um espaço comercial, possivelmente um consultório ou clínica. Iluminação interna normal, dia. A câmera parece estar posicionada em um canto da sala, com visão para o interior.","Uma pessoa é detectada nas imagens 5 e 6. Essa pessoa parece estar em uma área onde é razoável a presença de pessoas, possivelmente um funcionário ou paciente.",Não há comportamentos suspeitos visíveis. A pessoa está em uma área onde seria esperado estar.,Camera 07,"**Não**, Nenhum risco aparente com base nas ações observadas.",camera_analyzer_prompt_internal_to_outside,False,False
event_20250408_154829_a5034a90,3,motion_detected/event_20250408_154829_a5034a90/0000_run_20250408_154829_frame.jpg,run,2025-04-08 15:48:29,N/A,Vários pedestres correndo na rua. Um carro estacionado na lateral da via. Diminuição do número de pessoas correndo em cada frame.,"Pessoas correndo na rua indicam uma situação anormal, possivelmente uma fuga ou perseguição.","news24 VIDEO, SUBSCRIBED, NC, http://www.youtube.com/c/NiceCompilation","**Sim**, Atividade suspeita de pessoas correndo na rua.",camera_analyzer_prompt_external_street,True,True
event_20250402_173700_99de4379,6,motion_detected/event_20250402_173700_99de4379/0001_53862_20250301_082830_frame_20250402_173659_000073.jpg,53862,2025-03-01 08:28:30,N/A,Nenhuma pessoa ou veículo detectado.,Nenhum comportamento suspeito visível.,Camera 04,"**Não**, Nenhum risco aparente.",camera_analyzer_prompt_internal_to_outside,False,False
event_20250402_140508_b3297f10,7,motion_detected/event_20250402_140508_b3297f10/0001_6896_20250219_153816_frame_20250402_140502_000093.jpg,6896,2025-02-19 15:38:16,"Ambiente interno de garagem com iluminação diurna forte, com vista para um portão/entrada externa.",Nenhuma pessoa ou veículo detectado nas imagens.,Nenhum comportamento suspeito visível.,Camera 04,"**Não**, nenhum risco aparente.",camera_analyzer_prompt_internal_to_outside,False,False
event_20250403_102756_6e6690ad,6,motion_detected/event_20250403_102756_6e6690ad/0001_17204_20250307_002852_frame_20250403_102756_000065.jpg,17204,2025-03-07 00:28:52,"Ambiente externo durante a noite, com iluminação artificial limitada. A câmera está voltada para a fachada ou lateral do imóvel, mostrando uma área pavimentada ao lado de uma cerca.","Não há pessoas ou veículos visíveis nas imagens. Há um objeto coberto por uma lona, estacionado.",Nenhum comportamento de risco aparente é observado nas imagens.,"Intelbras, 06/03/2025 21:16:07 (e timestamps subsequentes), FRENTE L.D","**Não**, nenhum risco aparente.",camera_analyzer_prompt_external_street,False,False
event_20250408_154827_5840dcfb,4,motion_detected/event_20250408_154827_5840dcfb/0000_sit_20250408_154827_frame.jpg,sit,2025-04-08 15:48:27,"Ambiente interno, iluminação diurna, possível área de caixa eletrônico ou local similar com um terminal e lixeira verde fixada na parede.",Aproximadamente 3 pessoas. Uma pessoa está sentada e parece estar sendo abordada por outras duas pessoas. Uma delas está em pé e outra está pairando sobre a pessoa sentada.,A sequência mostra um indivíduo aparentemente sendo coagido ou assediado por outros dois. Um deles se senta e depois cobre o rosto com as mãos. Este comportamento sugere uma situação de potencial perigo ou coação.,Nenhum,"**Sim**, a interação entre as pessoas sugere uma situação de coação, o que representa um alto risco para a segurança da pessoa sentada.",camera_analyzer_prompt_internal_closed,True,True
event_20250410_145302_bc2a40d7,10,motion_detected/event_20250410_145302_bc2a40d7/0000_robbery_20250410_145302_frame.jpg,robbery,2025-04-10 14:53:02,N/A,"Uma pessoa caminhando na calçada em frente ao portão, aparentemente entrando na propriedade. Há um carro estacionado atrás do portão.","A pessoa está entrando na propriedade, o que, por si só, não indica risco. No entanto, a pessoa está entrando sem utilizar chaves e abrindo o portão pela lateral.",SPAGURA,"**Sim**, A pessoa está abrindo o portão sem a chave, o que pode indicar uma invasão.",camera_analyzer_prompt_external_street,True,True
event_20250410_145302_678f96dc,0,,,,N/A,N/A,N/A,N/A,N/A,camera_analyzer_prompt_external_street,False,False
event_20250410_145304_5df71c7c,11,motion_detected/event_20250410_145304_5df71c7c/0000_break-in_20250410_145304_frame.jpg,break-in,2025-04-10 14:53:04,N/A,"Há duas pessoas. Observa-se que inicialmente uma pessoa está sozinha na frente da porta de aço. Posteriormente, uma segunda pessoa se junta a ela.",As duas pessoas juntas tentam forçar a porta de aço do estabelecimento.,Nenhum,"**Sim**, Alto. Tentativa de arrombamento explícita.",camera_analyzer_prompt_external_street,True,True
event_20250410_145302_ce327081,10,motion_detected/event_20250410_145302_ce327081/0000_robbery_20250410_145302_frame.jpg,robbery,2025-04-10 14:53:02,N/A,"Múltiplas pessoas no interior e exterior do estabelecimento. Em frames sequenciais, algumas pessoas sacam armas e começam a atirar.",Presença de indivíduos armados efetuando disparos.,09-22-2018 Sab 18:08:57/09-22-2018 Sab 18:09:05,"**Sim**, Presença de indivíduos armados efetuando disparos configura risco alto.",camera_analyzer_prompt_internal_to_outside,True,True
event_20250403_091449_291c9e77,10,motion_detected/event_20250403_091449_291c9e77/0001_55408_20250302_230353_frame_20250403_091449_000034.jpg,55408,2025-03-02 23:03:53,N/A,A few vehicles pass along the street. No people detected,No unusual behavior detected. Vehicles are simply passing by.,"Camera 83, Date and Time Stamp visible.","**Não**, No risks apparent.",camera_analyzer_prompt_external_street,False,False
event_20250402_150013_48010d5c,11,motion_detected/event_20250402_150013_48010d5c/0001_8986_20250221_093219_frame_20250402_150013_000010.jpg,8986,2025-02-21 09:32:19,"As primeiras imagens mostram um ambiente interno mal iluminado que parece ser um depósito ou área de armazenamento. As últimas imagens mostram um portão externo de metal, com iluminação diurna.",Nenhuma pessoa ou veículo detectado nas imagens.,"As imagens mostram primeiro um ambiente interno com iluminação precária e, posteriormente, um ambiente externo com um portão. Não há comportamentos ou sinais de risco aparentes em nenhuma das imagens.","As imagens contêm textos sobre versões de software/hardware e a marca ""HIKVISION"". Também apresentam a data e hora.","**Não**, Nenhum risco aparente.",camera_analyzer_prompt_internal_closed,False,False
event_20250402_140749_066ae6aa,17,motion_detected/event_20250402_140749_066ae6aa/0001_6883_20250219_153816_frame_20250402_140749_000048.jpg,6883,2025-02-19 15:38:16,"Rua residencial durante o dia, com boa iluminação. A câmera está posicionada externamente, possivelmente na fachada de um imóvel, com visão da rua e da calçada.","Inicialmente, uma pessoa entra em um carro estacionado na rua. Em seguida, o carro sai. Mais tarde, uma bicicleta passa pela rua.","Não há comportamentos que representem risco aparente. O carro estaciona, uma pessoa entra e ele vai embora. A bicicleta passa normalmente.",Câmera 01,"**Não**, Nenhum risco aparente.",camera_analyzer_prompt_external_street,False,False
event_20250402_173805_511a00be,6,motion_detected/event_20250402_173805_511a00be/0001_53862_20250301_082830_frame_20250402_173801_000133.jpg,53862,2025-03-01 08:28:30,"Ambiente interno com vista para um corredor externo ou passagem. Iluminação noturna, provavelmente com luzes acesas na área externa. O corredor leva a uma área externa que parece ser uma passagem ou área de serviço.",Nenhuma pessoa ou veículo detectado nas imagens.,Nenhum comportamento suspeito visível nas imagens. Não há pessoas ou sinais de atividade que possam indicar risco.,Camera 04,"**Não**, Nenhum risco aparente.",camera_analyzer_prompt_internal_to_outside,False,False
event_20250402_150548_d33720ea,9,motion_detected/event_20250402_150548_d33720ea/0001_40425_20250221_185342_frame_20250402_150548_000004.jpg,40425,2025-02-21 18:53:42,N/A,"Uma pessoa aparece brevemente no primeiro frame. Nos demais frames, não há pessoas ou veículos visíveis.",Nenhuma atividade suspeita visível nas imagens subsequentes.,CAMERA 04,"**Não**, Nenhum risco aparente.",camera_analyzer_prompt_external_street,False,False
event_20250410_145304_ec9c81a1,11,motion_detected/event_20250410_145304_ec9c81a1/0000_climbing-wall_20250410_145304_frame.jpg,climbing-wall,2025-04-10 14:53:04,N/A,"Há alguns carros estacionados. Duas pessoas estão visíveis na calçada, perto da rua, à direita da imagem. As pessoas parecem estar paradas e conversando.","A permanência das duas pessoas conversando na calçada, embora não seja explicitamente ameaçadora, merece atenção. Não há sinais claros de manipulação de portões ou comportamento hesitante.","Intelbras, 30/11/2020 21:35:48","**Não**, Risco baixo devido à presença de duas pessoas conversando na calçada em frente ao prédio à noite. É necessário observar se essa permanência se prolonga por um período incomum ou se o comportamento delas se torna mais suspeito.",camera_analyzer_prompt_external_street,True,False
event_20250408_154828_93f6f29a,2,motion_detected/event_20250408_154828_93f6f29a/0000_gun_20250408_154828_frame.jpg,gun,2025-04-08 15:48:28,"Ambiente interno, com iluminação artificial. Aparentemente, uma recepção com vista para a entrada do local.","Três pessoas visíveis. Em ""0000.jpg"", um indivíduo está sentado em um sofá, outro está atrás de uma mesa (possivelmente um atendente) e o terceiro está em pé com um braço levantado. Em ""0001.jpg"", um dos indivíduos, que antes estava em pé, parece estar entregando um objeto (possivelmente uma arma) para o atendente. O indivíduo que antes estava sentado ainda permanece sentado.",A ação de um indivíduo entregar um objeto (potencialmente uma arma) ao atendente representa um comportamento de risco elevado. A pessoa com o braço levantado também pode estar rendendo o atendente.,Nenhum,"**Sim**, o comportamento de entregar um objeto, possivelmente uma arma, e o braço erguido do segundo indivíduo sugerem uma situação de ameaça.",camera_analyzer_prompt_internal_to_outside,True,True
event_20250403_091655_aab5dcac,13,motion_detected/event_20250403_091655_aab5dcac/0001_55407_20250302_230353_frame_20250403_091655_000002.jpg,55407,2025-03-02 23:03:53,"Ambiente externo privado, iluminado artificialmente à noite. A câmera está voltada para uma área de jardim ou quintal com mesas e cadeiras, com vista para a rua através de um portão.","As imagens mostram um movimento de pessoas na calçada e carros na rua. Em alguns momentos, pessoas estão paradas na calçada perto do portão.","As imagens mostram pessoas na calçada em frente à propriedade, e por alguns instantes, elas param perto do portão. Há também o trânsito de carros na rua. Nenhuma ação de risco imediato é observada, como tentativa de invasão ou comportamento ostensivamente suspeito.",Camera 82,"**Não**, pois as pessoas estão na rua e não há invasão.",camera_analyzer_prompt_internal_to_outside,False,False
event_20250410_145303_53f4d622,5,motion_detected/event_20250410_145303_53f4d622/0000_robbery_20250410_145303_frame.jpg,robbery,2025-04-10 14:53:03,Pequena sala interna com iluminação artificial adequada. Parece ser um banheiro ou área de serviço com pia e armários.,Uma pessoa vista curvando-se perto dos armários.,A pessoa parece estar mexendo nos armários de forma suspeita. A ação de se curvar e potencialmente mexer nos armários poderia indicar a busca por algo ou tentativa de danificar/roubar itens.,BRASÍLIA 21°C,"**Sim**, Risco Médio. A pessoa está agindo de forma suspeita perto dos armários, o que justifica uma avaliação de risco.",camera_analyzer_prompt_internal_closed,True,True
event_20250402_170453_c09018c0,12,motion_detected/event_20250402_170453_c09018c0/0001_4992_20250228_161321_frame_20250402_170453_000026.jpg,4992,2025-02-28 16:13:21,N/A,No people or vehicles are detected in any of the images.,"No suspicious behaviors are observed. There's no indication of intrusion, tampering, or unusual activity.",Camera 06,"**Não**, Nenhum risco aparente.",camera_analyzer_prompt_internal_to_outside,False,False
event_20250405_210823_c277677b,28,motion_detected/event_20250405_210823_c277677b/0001_videoplayback_frame_20250405_210822_000002.jpg,videoplayback,,N/A,"Vários carros e uma caminhonete estão estacionados na rua. Em um dos frames, uma pessoa está ao lado de um dos carros estacionados, parecendo interagir com ele.","Uma pessoa parece entrar ou sair de um carro. Essa ação não parece suspeita no contexto de uma rua residencial durante o dia, mas a interação com o carro pode ser notada.",Nenhum,"**Não**, nenhum risco aparente. A pessoa interagindo com o carro é o único evento notável, mas não há indícios de atividade suspeita.",camera_analyzer_prompt_external_street,True,False
event_20250408_154827_fa7d2be8,2,motion_detected/event_20250408_154827_fa7d2be8/0000_throw_20250408_154827_frame.jpg,throw,2025-04-08 15:48:27,"Área externa privada, possivelmente um jardim, com iluminação diurna.","- Frame 1: Um carro detectado na rua ao fundo.
    - Frame 1 e 2: Uma pessoa visível junto ao muro no lado direito do jardim, parece estar jogando algo para dentro do jardim.",Presença de pessoa jogando algo para dentro da propriedade.,Cam 03; 05 06 2015 15:36:05 e 05 06 2015 15:36:06,"**Sim**, A pessoa está jogando objetos para dentro da propriedade, o que representa um comportamento suspeito e potencialmente perigoso.",camera_analyzer_prompt_internal_to_outside,True,True
event_20250408_154826_2a63d2a6,3,motion_detected/event_20250408_154826_2a63d2a6/0000_lying_down_20250408_154826_frame.jpg,lying,,N/A,Uma pessoa está deitada no chão perto de um carro azul com a porta do motorista aberta.,"A pessoa está deitada no chão ao lado de um carro, o que pode indicar uma emergência médica, acidente ou outro problema. Não se enquadra nos riscos de segurança especificados (invasão, roubo, etc.), mas indica uma situação de necessidade.",FAILARMY,"**Não**, Apesar de indicar uma possível emergência, não se enquadra nos critérios de risco de segurança especificados (invasão, roubo, etc.).",camera_analyzer_prompt_external_street,True,False
event_20250403_091957_b1140755,6,motion_detected/event_20250403_091957_b1140755/0001_55406_20250302_230353_frame_20250403_091957_000024.jpg,55406,2025-03-02 23:03:53,"Ambiente interno com vista para a rua através de um portão. É noite e há iluminação pública. A área externa visualizada é a frente da propriedade, incluindo o portão de acesso e a rua.",Uma pessoa é vista caminhando na rua em frente à propriedade. Vários carros passam na rua ao longo das imagens.,A pessoa parece estar caminhando na calçada e não demonstra nenhum comportamento suspeito direcionado à propriedade.,Camera 01,"**Não**, a pessoa está na via pública e não demonstra comportamento suspeito.",camera_analyzer_prompt_internal_to_outside,False,False
event_20250403_101142_7b6e80c2,8,motion_detected/event_20250403_101142_7b6e80c2/0001_17201_20250307_002851_frame_20250403_101142_000035.jpg,17201,2025-03-07 00:28:51,"Ambiente externo, noite, iluminação artificial. A câmera está posicionada em frente a uma rua e um possível portão ou cerca.",Um carro passa na rua. Não há pessoas visíveis nas imagens.,O carro passa em frente à propriedade. Não há outros comportamentos suspeitos observados.,"Intelbras, data e hora, ""Frente, L, E""","**Não**, Nenhum risco aparente.",camera_analyzer_prompt_external_street,False,False
event_20250403_091629_66f321a3,8,motion_detected/event_20250403_091629_66f321a3/0001_55408_20250302_230353_frame_20250403_091629_000132.jpg,55408,2025-03-02 23:03:53,"Ambiente interno com vista para uma área externa privada, provavelmente um quintal ou lateral da propriedade. É noite e a iluminação é baixa, com luz vinda da rua.",Um carro passando na rua em frente à propriedade. Nenhuma pessoa detectada na área monitorada.,Nenhum comportamento suspeito visível.,"""Camera 83"" e data/hora sobrepostas.","**Não**, nenhum risco aparente.",camera_analyzer_prompt_internal_to_outside,False,False
event_20250403_091507_668f82d1,30,motion_detected/event_20250403_091507_668f82d1/0001_55408_20250302_230353_frame_20250403_091505_000050.jpg,55408,2025-03-02 23:03:53,N/A,Observam-se alguns pedestres caminhando na calçada em vários momentos. Diversos veículos passam na rua. Não há comportamentos que se destaquem como risco em relação a pessoas ou veículos parados ou circulando de forma suspeita.,Não foram detectados comportamentos ou sinais objetivos de risco.,Camera 83,"**Não**, Nenhum risco aparente.",camera_analyzer_prompt_external_street,False,False
event_20250403_101234_154d0025,12,motion_detected/event_20250403_101234_154d0025/0001_17201_20250307_002851_frame_20250403_101234_000086.jpg,17201,2025-03-07 00:28:51,N/A,Um veículo (possivelmente uma van) passa na rua em frente à propriedade. Não há pessoas visíveis nas imagens.,O veículo passa normalmente pela rua. Não há comportamentos suspeitos aparentes.,"Intelbras, 06/03/2025 21:16:49, Frente, L, E","**Não**, Nenhum risco aparente.",camera_analyzer_prompt_external_street,False,False
event_20250408_154827_284d5dd6,6,motion_detected/event_20250408_154827_284d5dd6/0000_walk_20250408_154827_frame.jpg,walk,2025-04-08 15:48:27,"Ambiente externo, durante o dia, boa iluminação. A câmera está voltada para a fachada de uma casa, mostrando a calçada e a rua.","Uma pessoa caminha na calçada em direção à casa, passando em frente à propriedade.","A pessoa está andando normalmente pela calçada, não demonstrando comportamentos suspeitos ou de risco.",04/08/2025 15:48:27 EST,"**Não**, Nenhum comportamento de risco aparente foi observado.",camera_analyzer_prompt_external_street,True,False
event_20250403_110215_e1fda258,6,motion_detected/event_20250403_110215_e1fda258/0001_6984_20250307_101724_frame_20250403_110215_000004.jpg,6984,2025-03-07 10:17:24,N/A,"Uma pessoa sentada em um banquinho no canto inferior esquerdo da imagem, aparentando estar utilizando um celular. Um carro branco passa na rua nos frames 3 e 4.",Nenhuma atividade suspeita visível.,Camera 01,"**Não**, Nenhum risco aparente.",camera_analyzer_prompt_external_street,False,False
event_20250410_145302_6b645c08,20,motion_detected/event_20250410_145302_6b645c08/0000_altercation_20250410_145302_frame.jpg,altercation,2025-04-10 14:53:02,"Rua residencial à noite com iluminação pública. A câmera está posicionada para capturar a rua, incluindo uma calçada e fachadas de imóveis.","A sequência inicial mostra carros e uma moto estacionada na rua. Várias pessoas aparecem, sendo que em alguns frames um homem carrega um objeto longo (possivelmente um cano de PVC). Nos últimos frames as pessoas parecem estar interagindo em frente ao portão.","O homem carregando o objeto longo na rua à noite pode ser um sinal de risco. Nos últimos frames, há pessoas interagindo na frente de um portão que está sendo obstruido por uma lona azul, o que impede de ver a interação.","intelbras, data e hora.","**Sim**, o homem carregando o objeto e as pessoas reunidas perto da propriedade e escondidas pela lona representam um risco potencial, embora o contexto exato seja incerto.",camera_analyzer_prompt_external_street,True,True
event_20250403_114825_0411cb11,16,motion_detected/event_20250403_114825_0411cb11/0001_7640_20250307_134155_frame_20250403_114825_000030.jpg,7640,2025-03-07 13:41:55,N/A,Poucos veículos ou pessoas visíveis na cena. Sem comportamentos de risco detectados.,Nenhum sinal de risco aparente.,"Intelbras, RAMPA, data e hora.","**Não**, Nenhum risco aparente.",camera_analyzer_prompt_external_street,False,False
event_20250408_154828_a45f416a,4,motion_detected/event_20250408_154828_a45f416a/0000_run_20250408_154828_frame.jpg,run,2025-04-08 15:48:28,N/A,"Uma pessoa e dois carros (uma van e outro veículo parcialmente visível). A pessoa está vestida com roupas claras e encapuzada, se movendo em direção à rua.",A pessoa encapuzada interagiu com a van e se afasta dela. O uso de capuz à noite e o comportamento da pessoa podem ser considerados suspeitos.,Front Door,"**Sim**, devido à presença de uma pessoa encapuzada à noite e sua interação com um veículo, o que pode indicar uma atividade suspeita.",camera_analyzer_prompt_external_street,True,True
event_20250408_154830_8534a9f2,4,motion_detected/event_20250408_154830_8534a9f2/0000_sneak_20250408_154830_frame.jpg,sneak,2025-04-08 15:48:30,N/A,Duas pessoas visíveis. Ambas parecem estar se abaixando ou se movendo cautelosamente em direção aos sofás e à mesa de centro.,"Movimentos furtivos ou incomuns das pessoas, agachadas e se movendo silenciosamente, sugerem intenções suspeitas.",sneak_20250408_154830_frame,"**Sim**, devido ao comportamento furtivo das pessoas no ambiente.",camera_analyzer_prompt_internal_closed,True,True
event_20250408_154828_714f6d56,2,motion_detected/event_20250408_154828_714f6d56/0000_gun_20250408_154828_frame.jpg,gun,2025-04-08 15:48:28,"Ambiente interno, iluminação boa, aparentemente uma loja de conveniência ou similar.","Aproximadamente 3 pessoas visíveis. Uma pessoa parece estar no caixa, enquanto as outras duas estão em atitude suspeita, com uma delas vestindo um moletom com capuz.","A presença de pessoas com capuz em um ambiente interno, combinada com o que parece ser uma transação no caixa, sugere um possível assalto. A atitude de estar perto do caixa e com capuz aumenta a suspeita.",13/02/2012 20:23:00,"**Sim**, Possível assalto em andamento devido à presença de indivíduos com capuz e comportamento suspeito próximo ao caixa.",camera_analyzer_prompt_internal_closed,True,True
event_20250403_092010_6fe6424e,10,motion_detected/event_20250403_092010_6fe6424e/0001_55406_20250302_230353_frame_20250403_092005_000031.jpg,55406,2025-03-02 23:03:53,"Ambiente externo, noturno, com iluminação pública. A cena se passa em frente a um portão que parece ser a entrada de um prédio, com uma rua em frente.","Vários carros passando na rua. A partir do frame 3, uma pessoa começa a caminhar na calçada em frente ao portão. Outra pessoa é detectada no frame 3.","A pessoa caminhando na calçada em frente ao portão pode ser considerada um risco potencial, dependendo de seu comportamento e do tempo que permanecer na área. A permanência de duas pessoas na calçada é potencialmente suspeita.",Camera 01,"**Sim**, Risco baixo. A presença de pessoas caminhando na calçada em frente ao portão justifica uma avaliação de risco. A observação contínua é recomendada.",camera_analyzer_prompt_external_street,False,True
event_20250402_134706_4376a9ef,8,motion_detected/event_20250402_134706_4376a9ef/0001_6888_20250219_153816_frame_20250402_134706_000056.jpg,6888,2025-02-19 15:38:16,"Ambiente interno, dia com iluminação artificial, elevador.",Nenhuma pessoa ou veículo visível.,Nenhum comportamento de risco aparente. O elevador parece estar parado com a porta fechada.,Camera 86,"**Não**, Nenhum risco aparente.",camera_analyzer_prompt_internal_closed,False,False
event_20250410_145302_e3f6e863,13,motion_detected/event_20250410_145302_e3f6e863/0000_robbery_20250410_145302_frame.jpg,robbery,2025-04-10 14:53:02,Ambiente interno: recepção/sala de espera de consultório odontológico. Dia e boa iluminação. A porta de entrada é visível.,"Três pessoas entram no local. Duas abordam os presentes (um sentado e outro em pé), enquanto a terceira parece observar.","A entrada abrupta das pessoas, o fato de estarem usando máscaras e a forma como abordam as pessoas no local indicam uma situação de roubo/assalto em andamento.","#sbtnews 11/11/2021 10:28:13 Ceilândia, DF","**Sim**, Há indícios claros de um assalto em andamento.",camera_analyzer_prompt_internal_to_outside,True,True
event_20250410_145304_750feb15,21,motion_detected/event_20250410_145304_750feb15/0000_climbing-wall_20250410_145304_frame.jpg,climbing-wall,2025-04-10 14:53:04,N/A,Duas pessoas caminhando na calçada. Uma carrega um saco plástico volumoso.,Presença de pessoas na rua carregando objeto volumoso em saco plástico em horário noturno pode indicar descarte irregular de resíduos ou outra atividade ilícita.,17-02-2021 01:23:45,"**Sim**, risco baixo devido à atividade suspeita em horário noturno.",camera_analyzer_prompt_external_street,True,True
event_20250410_145303_9ad868ab,14,motion_detected/event_20250410_145303_9ad868ab/0000_robbery_20250410_145303_frame.jpg,robbery,2025-04-10 14:53:03,"Rua residencial em área arborizada. Dia, boa iluminação. A câmera está posicionada externamente, possivelmente monitorando a entrada de um imóvel.","No início, um carro prata está parado na rua com as portas abertas. Uma pessoa está saindo do carro e outra a aguarda do lado de fora. Posteriormente, outras pessoas aparecem saindo do carro e cercando uma pessoa. No frame 11, surge uma motocicleta na cena.","A ação coordenada de várias pessoas saindo de um carro e cercando outra pessoa sugere uma situação de risco, possivelmente um assalto ou sequestro. A presença de uma motocicleta no frame 11 pode indicar um possível apoio ou fuga.",#jornaljhc,"**Sim**, alto. A ação de cercar a vítima com possível assalto ou sequestro é um risco elevado à segurança.",camera_analyzer_prompt_external_street,True,True
event_20250410_145304_2bed5305,12,motion_detected/event_20250410_145304_2bed5305/0000_climbing-wall_20250410_145304_frame.jpg,climbing-wall,2025-04-10 14:53:04,N/A,Uma pessoa. A pessoa está escalando o muro da propriedade.,"Uma pessoa está escalando o muro com arame farpado, claramente indicando uma tentativa de invasão.",Nenhum,"**Sim**, Risco alto devido à escalada do muro.",camera_analyzer_prompt_external_street,True,True
event_20250403_091138_c85f8cb2,12,motion_detected/event_20250403_091138_c85f8cb2/0001_55410_20250302_230353_frame_20250403_091138_000004.jpg,55410,2025-03-02 23:03:53,"Ambiente interno com vista para a área externa privada, especificamente o portão de entrada da propriedade e a rua adjacente. É noite e a iluminação é fornecida por luzes da rua e da propriedade.",Vários carros e uma moto passam na rua em frente à propriedade. Não há pessoas visíveis dentro da área da propriedade.,"Nenhum comportamento suspeito é observado nas imagens fornecidas. Não há sinais de pessoas tentando entrar, observar o imóvel de perto ou qualquer outra atividade incomum.","Camera 05, data e hora.","**Não**, Nenhum risco aparente baseado nas imagens.",camera_analyzer_prompt_internal_to_outside,False,False
event_20250408_154826_0a86d63c,4,motion_detected/event_20250408_154826_0a86d63c/0000_grab_20250408_154826_frame.jpg,grab,2025-04-08 15:48:26,Ambiente interno de uma loja ou estabelecimento comercial. Iluminação diurna. Presença de balcão de atendimento.,"Aproximadamente 5 pessoas visíveis nas imagens. As pessoas estão posicionadas ao redor do balcão de atendimento. Um indivíduo se movimenta pela loja, enquanto outros parecem estar aguardando ou sendo atendidos.","O indivíduo que se movimenta pela loja pode estar avaliando o local, porém não há indícios claros de comportamentos de risco nas imagens fornecidas.",Nenhum,"**Não**, Ausência de comportamentos de risco aparentes.",camera_analyzer_prompt_internal_closed,True,False
event_20250403_113409_13e3515e,35,motion_detected/event_20250403_113409_13e3515e/0001_7647_20250307_134155_frame_20250403_113409_000117.jpg,7647,2025-03-07 13:41:55,N/A,"Vários carros e um caminhão passando pela rua. A partir do frame 10, uma motocicleta passa na rua. Há um fluxo constante de veículos.","A motocicleta no frame 10 representa um risco potencial, embora sua passagem pareça normal.","Intelbras, data e hora, ""frente esquerda"", ""cozinha""","**Não**, a motocicleta não exibe nenhum comportamento suspeito como redução de velocidade, múltiplas passagens ou ocupantes olhando para o imóvel. O fluxo de carros é normal.",camera_analyzer_prompt_external_street,False,False
event_20250403_091909_dcb3fc90,35,motion_detected/event_20250403_091909_dcb3fc90/0001_55407_20250302_230353_frame_20250403_091906_000129.jpg,55407,2025-03-02 23:03:53,Área interna com vista para a rua através de um portão. A cena se passa à noite com iluminação pública. A área externa visualizada é a rua e a calçada em frente à propriedade.,"Há pedestres e veículos (carros, bicicletas) passando pela rua. Nas imagens 24, 25 e 26, há detecções de pessoas junto com carros na calçada. A partir da imagem 21 e até a 26, há pessoas atravessando a faixa de pedestres. Nas imagens finais, há duas pessoas caminhando na calçada em direção à rua vista pela câmera.","A presença de pessoas e veículos na rua e calçada é normal. Nenhuma das pessoas parece estar se aproximando ou interagindo com o portão ou a propriedade de forma suspeita. A presença de pessoas nas imagens 24, 25 e 26, juntamente com carros, pode indicar pessoas embarcando e desembarcando de veículos.",Camera 82 (imagens 0001 a 0023) e Camera 81 (imagens 0024 a 0035).,"**Não**, Nenhum risco aparente. O movimento de pessoas e veículos é consistente com o tráfego normal da rua.",camera_analyzer_prompt_internal_to_outside,False,False
event_20250403_110621_6b0b2685,43,motion_detected/event_20250403_110621_6b0b2685/0001_6985_20250307_101724_frame_20250403_110621_000090.jpg,6985,2025-03-07 10:17:24,"Rua externa, dia, boa iluminação. A câmera está posicionada em frente a um prédio ou imóvel, com vista para a rua e um trecho da calçada.","Várias pessoas caminham pela calçada, algumas em grupos. Há um fluxo constante de carros e ônibus na rua. Uma pessoa aparece andando de bicicleta.",Nenhuma atividade incomum ou suspeita é observada. O fluxo de pessoas e veículos parece normal para um ambiente urbano durante o dia.,Câmera 02,"**Não**, nenhum risco aparente. O tráfego de pessoas e veículos parece normal.",camera_analyzer_prompt_external_street,False,False
event_20250403_092056_211edf58,29,motion_detected/event_20250403_092056_211edf58/0001_55406_20250302_230353_frame_20250403_092056_000081.jpg,55406,2025-03-02 23:03:53,N/A,"Vários carros passam pela rua. Uma pessoa atravessa a rua em frente ao portão nos primeiros frames, e outras pessoas caminham na calçada ao longo da sequência.","Uma pessoa atravessa a rua e passa em frente ao portão da propriedade. Não há comportamentos claramente suspeitos, mas a presença constante de carros e pessoas requer atenção.",Camera 01,"**Não**, Nenhum risco aparente, mas a movimentação de pessoas e veículos requer monitoramento contínuo.",camera_analyzer_prompt_external_street,False,False
event_20250408_154827_aa517d3e,3,motion_detected/event_20250408_154827_aa517d3e/0000_hit_20250408_154827_frame.jpg,hit,2025-04-08 15:48:27,"Ambiente interno, possivelmente uma sala de espera de hospital ou clínica. Iluminação interna padrão. A área visualizada parece ser uma área comum de acesso a pacientes.","Várias pessoas presentes nas imagens. As pessoas estão interagindo de maneiras diversas: algumas sentadas, outras em pé e movimentando-se, inclusive uma que parece estar carregando outra.",A agitação e o comportamento incomum de algumas pessoas (uma pessoa sendo carregada) podem indicar uma situação de emergência médica ou outro problema que requer atenção. A presença de várias pessoas em pé e em movimento pode aumentar o risco de acidentes ou perturbações.,"""3. Triage"" e uma marca d'água com data e hora.","**Sim**, a agitação e o comportamento atípico das pessoas indicam potencial risco ou necessidade de atenção.",camera_analyzer_prompt_internal_to_outside,True,True
event_20250410_145304_dc57fbbf,13,motion_detected/event_20250410_145304_dc57fbbf/0000_robbery_20250410_145304_frame.jpg,robbery,2025-04-10 14:53:04,N/A,"No início, observa-se um carro estacionado. A partir do frame 8, percebe-se a presença de pessoas. A partir do frame 5, observa-se uma moto com duas pessoas se aproximando, a moto para e uma pessoa desce, enquanto a moto se afasta. A pessoa que desceu da moto se aproxima da residência.",Uma pessoa desce da moto e caminha em direção a uma residência enquanto a moto se afasta.,Bandeirantes,"**Sim**, Ações coordenadas entre duas pessoas em uma moto, onde uma delas desembarca e se aproxima da residência.",camera_analyzer_prompt_external_street,True,True
event_20250408_154828_d52e4f52,4,motion_detected/event_20250408_154828_d52e4f52/0000_fall_20250408_154828_frame.jpg,fall,2025-04-08 15:48:28,"Ambiente externo, noite, iluminação pública. A cena se passa em uma calçada ao lado de uma rua.","Várias pessoas envolvidas em uma briga ou agressão física. Inicialmente, um grupo parece estar agachado, e a sequência mostra uma pessoa caindo no chão enquanto as outras permanecem próximas. No frame 0002, um carro passa na rua. No frame 0003, uma pessoa está caída e outras estão próximas, possivelmente envolvidas na agressão.",Agressão física em via pública.,23 5 2008 22:45:26,"**Sim**, [A sequência demonstra claramente uma agressão física em curso, indicando um alto risco à segurança.]",camera_analyzer_prompt_external_street,True,True
event_20250408_154827_126ad03b,8,motion_detected/event_20250408_154827_126ad03b/0000_hit_20250408_154827_frame.jpg,hit,2025-04-08 15:48:27,N/A,Há várias pessoas envolvidas em uma briga generalizada na rua. Há também diversas motos estacionadas ao longo da rua.,"A briga em si representa um risco direto à segurança. Várias pessoas estão trocando socos e pontapés. Além disso, a presença de motos estacionadas pode representar um risco adicional, caso sejam danificadas durante a briga.","优酷, 四海由美食门口发生命案","**Sim**, Risco alto devido à briga generalizada e potencial dano a veículos.",camera_analyzer_prompt_external_street,True,True
event_20250408_154827_199ade09,3,motion_detected/event_20250408_154827_199ade09/0000_lying_down_20250408_154827_frame.jpg,lying,,N/A,"Aproximadamente 9 pessoas. Três pessoas estão caídas no chão, aparentemente imobilizadas ou detidas. Outras pessoas observam a cena, algumas com expressões de preocupação ou surpresa.",A situação sugere uma possível alteração da ordem ou incidente que resultou na imobilização de indivíduos. A presença de pessoas caídas no chão indica uma possível ameaça à segurança.,Nenhum,"**Sim**, Existe uma situação atípica em andamento, com pessoas imobilizadas, indicando um potencial risco.",camera_analyzer_prompt_internal_closed,True,True
event_20250408_154827_d86737e3,6,motion_detected/event_20250408_154827_d86737e3/0000_walk_20250408_154827_frame.jpg,walk,2025-04-08 15:48:27,N/A,Duas pessoas estão caminhando na rua. Um carro passa na rua.,Nenhuma atividade suspeita detectada.,Nenhum,"**Não**, Nenhum risco aparente.",camera_analyzer_prompt_external_street,True,False
event_20250410_145302_b885e6c1,15,motion_detected/event_20250410_145302_b885e6c1/0000_robbery_20250410_145302_frame.jpg,robbery,2025-04-10 14:53:02,"Ambiente interno, iluminação interna, aparenta ser uma cozinha.","Aproximadamente 3-4 pessoas sentadas à mesa inicialmente. Posteriormente, dois indivíduos mascarados entram no ambiente.","A entrada abrupta de dois indivíduos mascarados, um deles aparentando portar uma arma de fogo, caracteriza uma situação de assalto em andamento. Há interação física e aparente agressão contra as pessoas sentadas à mesa.","Jornal da Record, InterBrasil.","**Sim**, Alto. As imagens mostram um assalto em andamento, com agressão física, representando uma ameaça direta à segurança das pessoas presentes.",camera_analyzer_prompt_internal_closed,True,True
event_20250410_145304_dcaae9e4,8,motion_detected/event_20250410_145304_dcaae9e4/0000_climbing-wall_20250410_145304_frame.jpg,climbing-wall,2025-04-10 14:53:04,"Ambiente externo, noturno com iluminação artificial. A cena parece ser o quintal de uma residência, com uma piscina visível.","Há uma pessoa visível em todos os frames, movendo-se sobre um telhado em direção a uma janela ou varanda. Não há veículos detectados nas imagens.","Uma pessoa é vista escalando o telhado e se movendo em direção à casa, o que indica uma possível tentativa de invasão ou entrada não autorizada.",#JornaldaRecord interioras,"**Sim**, Alto. Uma pessoa está escalando para dentro da propriedade, indicando uma potencial invasão.",camera_analyzer_prompt_external_street,True,True
event_20250408_154828_5a4b81bc,5,motion_detected/event_20250408_154828_5a4b81bc/0000_run_20250408_154828_frame.jpg,run,2025-04-08 15:48:28,"Rua urbana, noite, iluminação pública presente. Câmera posicionada em altura, capturando a rua e calçada em frente a um edifício.",Dois carros visíveis. Um carro estacionado no lado esquerdo da rua e outro se movendo no fundo da rua.,Nenhum comportamento de risco aparente.,"FRONT, CAM 1, 2016-05-15 21:57:20","**Não**, Nenhum risco aparente.

**Imagem 2: 0001_run_20250408_154828_frame.jpg**

- **Contexto**: Rua urbana, noite, iluminação pública presente. Câmera posicionada em altura, capturando a rua e calçada em frente a um edifício.
- **Pessoas e veículos**: Um carro estacionado no lado esquerdo da rua e outro se movendo no fundo da rua. Um pequeno grupo de pessoas caminhando na calçada no fundo da rua.
- **Comportamentos e sinais de risco**: Nenhum comportamento de risco aparente.
- **Label**: FRONT, CAM 1, 2016-05-15 21:57:21
- **Avaliação Geral de Risco**: **Não**, Nenhum risco aparente.

**Imagem 3: 0002_run_20250408_154828_frame.jpg**

- **Contexto**: Rua urbana, noite, iluminação pública presente. Câmera posicionada em altura, capturando a rua e calçada em frente a um edifício.
- **Pessoas e veículos**: Um carro estacionado no lado esquerdo da rua e outro se movendo no fundo da rua. Um pequeno grupo de pessoas caminhando na calçada no fundo da rua.
- **Comportamentos e sinais de risco**: Nenhum comportamento de risco aparente.
- **Label**: FRONT, CAM 1, 2016-05-15 21:57:22
- **Avaliação Geral de Risco**: **Não**, Nenhum risco aparente.

**Imagem 4: 0003_run_20250408_154828_frame.jpg**

- **Contexto**: Rua urbana, noite, iluminação pública presente. Câmera posicionada em altura, capturando a rua e calçada em frente a um edifício.
- **Pessoas e veículos**: Um carro estacionado no lado esquerdo da rua e um grupo de pessoas caminhando/correndo no fundo da rua.
- **Comportamentos e sinais de risco**: O grupo de pessoas está caminhando/correndo pela calçada.
- **Label**: FRONT, CAM 1, 2016-05-15 21:57:23
- **Avaliação Geral de Risco**: **Sim**, A corrida/caminhada acelerada do grupo no fundo pode indicar uma situação de emergência ou fuga, elevando o risco potencial na área.

**Imagem 5: 0004_run_20250408_154828_frame.jpg**

- **Contexto**: Rua urbana, noite, iluminação pública presente. Câmera posicionada em altura, capturando a rua e calçada em frente a um edifício.
- **Pessoas e veículos**: Um carro estacionado no lado esquerdo da rua e um grupo de pessoas caminhando/correndo no fundo da rua.
- **Comportamentos e sinais de risco**: O grupo de pessoas está caminhando/correndo pela calçada.
- **Label**: FRONT, CAM 1, 2016-05-15 21:57:24
- **Avaliação Geral de Risco**: **Sim**, A corrida/caminhada acelerada do grupo no fundo pode indicar uma situação de emergência ou fuga, elevando o risco potencial na área.",camera_analyzer_prompt_external_street,True,True
event_20250410_145302_7293e8c6,10,motion_detected/event_20250410_145302_7293e8c6/0000_altercation_20250410_145302_frame.jpg,altercation,2025-04-10 14:53:02,N/A,"Uma pessoa e uma motocicleta aparecem na cena. A pessoa parece estar empurrando ou manobrando a moto. Em alguns frames, parece estar havendo uma altercação física.",A presença de uma moto sendo manobrada de forma incomum e o possível confronto físico entre a pessoa e a moto indicam um possível risco.,Intelbras Gerencial,"**Sim**, Manuseio suspeito de uma motocicleta e possível altercação física.",camera_analyzer_prompt_external_street,True,True
event_20250403_091821_49781bba,46,motion_detected/event_20250403_091821_49781bba/0001_55407_20250302_230353_frame_20250403_091814_000079.jpg,55407,2025-03-02 23:03:53,"Ambiente interno com vista para uma área externa privada, possivelmente um pátio ou jardim com cadeiras e mesas. A iluminação é noturna, com iluminação pública da rua adjacente. A câmera tem visão parcial da rua e do portão de acesso à propriedade.","Vários carros passam na rua. A partir do frame 25, uma pessoa é detectada na rua e, posteriormente, várias pessoas são vistas caminhando na calçada e cruzando a rua em frente à propriedade. Nenhuma pessoa entra ou tenta entrar na área privada.","Há uma presença constante de pessoas na calçada e atravessando a rua, o que é normal em áreas urbanas. Nenhuma pessoa demonstra comportamento suspeito em relação à propriedade, como se aproximar excessivamente do portão ou tentar espiar para dentro.",Camera 82,"**Não**, Nenhum comportamento suspeito foi detectado. A presença de pessoas na rua é consistente com o ambiente urbano.",camera_analyzer_prompt_internal_to_outside,False,False
event_20250402_142436_bcc6c37c,33,motion_detected/event_20250402_142436_bcc6c37c/0001_6884_20250219_153816_frame_20250402_142436_000046.jpg,6884,2025-02-19 15:38:16,N/A,"No início da sequência, uma pessoa entra em um carro estacionado na rua e sai dirigindo. Posteriormente, duas pessoas passam de bicicleta e, no final da sequência, uma pessoa caminha pela calçada. Vários carros passam pela rua durante a sequência.",Nenhum comportamento suspeito visível. As ações observadas parecem normais para o ambiente.,Camera 02,"**Não**, Nenhum risco aparente.",camera_analyzer_prompt_external_street,False,False
event_20250410_145303_53a482af,9,motion_detected/event_20250410_145303_53a482af/0000_robbery_20250410_145303_frame.jpg,robbery,2025-04-10 14:53:03,Rua residencial durante a noite com iluminação pública. A câmera está voltada para uma rua com casas e garagens.,"Um carro está estacionado na rua, em frente a uma casa. Em frames subsequentes, um indivíduo sai do carro e corre na direção da casa.","A sequência mostra um indivíduo saindo de um carro estacionado e correndo na direção de uma casa, o que pode indicar uma intenção de invadir ou assaltar o local.","#JornalDaRecord, data e hora visíveis.","**Sim**, indivíduo corre em direção a imóvel após sair de um carro, indicando comportamento suspeito.",camera_analyzer_prompt_external_street,True,True
event_20250402_134858_0c08b61e,6,motion_detected/event_20250402_134858_0c08b61e/0001_6887_20250219_153904_frame_20250402_134858_000010.jpg,6887,2025-02-19 15:39:04,N/A,Nenhuma pessoa detectada nas imagens. Visualização de um carro estacionado.,Nenhum comportamento de risco aparente.,Camera 05,"**Não**, nenhum risco aparente.",camera_analyzer_prompt_internal_to_outside,False,False
event_20250410_145303_f653ab78,5,motion_detected/event_20250410_145303_f653ab78/0000_robbery_20250410_145303_frame.jpg,robbery,2025-04-10 14:53:03,N/A,"Em um dado momento, duas pessoas são visíveis caminhando em direção ao veículo estacionado.",As pessoas estão caminhando rapidamente em direção ao carro.,"ring.com, FOX TV STATIONS","**Sim**, A rápida movimentação das pessoas em direção ao carro é um sinal de alerta.",camera_analyzer_prompt_external_street,True,True
event_20250403_103142_fb391f55,9,motion_detected/event_20250403_103142_fb391f55/0001_17205_20250307_002852_frame_20250403_103142_000133.jpg,17205,2025-03-07 00:28:52,N/A,Uma pessoa é detectada em alguns frames. A pessoa parece estar caminhando pela área.,A pessoa caminha pela área de armazenamento durante a noite. Não há sinais claros de comportamento suspeito além da presença noturna.,"Intelbras, data e hora, L.D. Fundos","**Não**, A pessoa está apenas caminhando no local.",camera_analyzer_prompt_external_street,False,False
event_20250408_154826_c294253d,2,motion_detected/event_20250408_154826_c294253d/0000_kick_20250408_154826_frame.jpg,kick,2025-04-08 15:48:26,Ambiente externo privado (entrada de casa) durante o dia. Boa iluminação. A área visualizada é uma entrada de automóveis com um carro estacionado.,"Uma pessoa, usando capuz e aparentemente uma máscara, corre em direção à porta da frente da casa.","A pessoa corre em direção à porta da frente, indicando uma ação imediata e potencialmente hostil. A vestimenta (capuz e possível máscara) sugere uma tentativa de ocultar a identidade.","SWNS, West Midlands Police","**Sim**, A pessoa corre em direção à casa com a cabeça coberta, o que sugere uma intenção hostil.",camera_analyzer_prompt_internal_to_outside,True,True
event_20250403_101111_73ee91ec,6,motion_detected/event_20250403_101111_73ee91ec/0001_17201_20250307_002851_frame_20250403_101111_000004.jpg,17201,2025-03-07 00:28:51,N/A,Não há pessoas ou veículos visíveis.,Nenhum comportamento de risco aparente.,"Frente,L,E","**Não**, nenhum risco aparente.",camera_analyzer_prompt_external_street,False,False
event_20250403_110251_48dc17db,10,motion_detected/event_20250403_110251_48dc17db/0001_6984_20250307_101724_frame_20250403_110250_000039.jpg,6984,2025-03-07 10:17:24,N/A,Presença de carros passando pela rua. Uma pessoa está sentada próxima a câmera. Ciclistas passando na rua.,Nenhum comportamento de risco aparente. O tráfego parece normal.,Camera 01. Data e hora visíveis na imagem.,"**Não**, Nenhum risco aparente.",camera_analyzer_prompt_external_street,False,False
event_20250403_114910_ef2d8eb6,7,motion_detected/event_20250403_114910_ef2d8eb6/0001_7640_20250307_134155_frame_20250403_114910_000075.jpg,7640,2025-03-07 13:41:55,"Ambiente externo, dia, boa iluminação. Local da cena: rua com fachada de imóvel e rampa de acesso.",Não há pessoas ou veículos visíveis nas imagens.,Nenhum comportamento de risco aparente.,"intelbras, RAMPA, Data e hora da captura","**Não**, Nenhum risco aparente.",camera_analyzer_prompt_external_street,False,False
event_20250403_103035_5012da09,9,motion_detected/event_20250403_103035_5012da09/0001_17205_20250307_002852_frame_20250403_103034_000066.jpg,17205,2025-03-07 00:28:52,"Ambiente externo, noturno, com iluminação artificial. O local parece ser uma área de armazenamento ou pátio com diversos objetos empilhados.",Presença de uma pessoa detectada nas imagens 7 e 9. Não há veículos visíveis. A pessoa permanece na área de armazenamento.,A pessoa está presente na área de armazenamento à noite. A falta de contexto impede determinar a natureza da presença dessa pessoa.,"Intelbras, Data/Hora, L.D. Fundos","**Sim**, devido à presença de uma pessoa em um local de armazenamento à noite, sem informações adicionais sobre sua intenção.",camera_analyzer_prompt_external_street,False,True
event_20250403_115717_1c794723,8,motion_detected/event_20250403_115717_1c794723/0001_7639_20250307_134155_frame_20250403_115717_000090.jpg,7639,2025-03-07 13:41:55,N/A,Observam-se vários carros estacionados na rua e outros carros passando. Não há pessoas visíveis na calçada ou rua.,Nenhum comportamento suspeito é observado nos veículos ou em relação ao imóvel. O tráfego parece normal.,"intelbras, frente direita","**Não**, Nenhum risco aparente.",camera_analyzer_prompt_external_street,False,False
event_20250403_111707_745eb95c,6,motion_detected/event_20250403_111707_745eb95c/0001_6990_20250307_101724_frame_20250403_111707_000098.jpg,6990,2025-03-07 10:17:24,"Ambiente interno, dia, boa iluminação. Parece ser uma sala de tratamento ou escritório em uma clínica.",Uma pessoa é visível mexendo em objetos próximos a uma das macas.,"A pessoa parece estar manuseando objetos de forma intensa e repetida, o que pode indicar uma possível tentativa de furto ou adulteração.",Câmera 07,"**Sim**, devido ao manuseio repetido e intenso de objetos, o que pode indicar atividades suspeitas.",camera_analyzer_prompt_internal_closed,False,True
event_20250403_115036_e936a192,10,motion_detected/event_20250403_115036_e936a192/0001_16312_20250307_134155_frame_20250403_115036_000004.jpg,16312,2025-03-07 13:41:55,Escritório bem iluminado durante o dia.,Uma pessoa é detectada brevemente.,Nenhuma ação suspeita ou indício de risco aparente.,"intelbras, Escitorio, 2025-03-07 10:41:13","**Não**, Nenhum risco aparente.",camera_analyzer_prompt_internal_closed,False,False
