folder_name,image_count,first_image,cam_id,event_datetime,contexto,pessoas,comportamentos,label,avaliacao,scenario_type,real,predict
event_20250402_133726_41ca0095,8,motion_detected/event_20250402_133726_41ca0095/0001_6890_20250219_153816_frame_20250402_133726_000010.jpg,6890,2025-02-19 15:38:16,"Área interna (garagem coberta) com vista para espaço de entrada/saída e área externa privada de um imóvel. Iluminação diurna com luz natural. O local apresentado é uma garagem ou estacionamento de acesso restrito, provavelmente residencial, com automóveis estacionados e ambiente parcialmente fechado.","Um indivíduo é visto caminhando pela garagem (frame 1 e 2), se deslocando da área interna para fora do campo de visão, aparentemente em direção à saída ou entrada do imóvel. Duas vagas estão ocupadas por veículos estacionados, mas não há movimentação desses automóveis.","- O único comportamento observado é o deslocamento a pé, sem interação evidente com os veículos ou portas.
  - Não há aproximação de muros, portões ou veículos de forma suspeita.
  - Não há tentativa visível de abertura de portas/portões, nem sinal da pessoa estar observando ou sondando o local.
  - A pessoa simplesmente passa de um ponto ao outro dentro da garagem, desaparecendo do campo de visão posteriormente.","Texto de data/hora (“02-19-2025 Qua 12:33:22”, “Camera 08”) aparece como marca d’água.","**Não**. O comportamento visualizado é de circulação normal em área privativa (como saída ou entrada por parte de morador ou visitante). Não há gestos, posturas ou interações que sugiram risco (baixo, médio ou alto) nesta sequência específica.",camera_analyzer_prompt_internal_to_outside,False,False
event_20250402_142333_c72d52a0,9,motion_detected/event_20250402_142333_c72d52a0/0001_6890_20250219_153905_frame_20250402_142332_000010.jpg,6890,2025-02-19 15:39:05,"Ambiente interno coberto (possivelmente garagem ou área de acesso), com vista para área externa privada, próxima a veículos estacionados. Iluminação diurna, com boa visibilidade. Local se assemelha a uma garagem ou estacionamento interno.","Uma pessoa aparece brevemente (nas duas primeiras imagens), caminhando da área interna para a área próxima ao portão/saída, portando volume (aparenta ser uma bolsa ou sacola) e seguindo seu trajeto sem interação aparente com portões, veículos ou demais objetos. Depois, área fica vazia até o final da sequência. Dois veículos estão estacionados.","A pessoa observada transita de maneira direta, sem atitudes suspeitas como observar o ambiente, tentar acessar portões/veículos ou áreas restritas. Não há sinais de tentativa de violação, arrombamento ou observação suspeita. Não há circulação incomum ou comportamento de vigilância.","""02-19-2025 Qua 12:39:21"", ""Camera 08"" (marcação de data/hora e identificação da câmera)","**Não**, movimentação típica de morador ou visitante autorizado, sem ação suspeita visível.",camera_analyzer_prompt_internal_to_outside,False,False
event_20250408_154828_92f9ba46,3,motion_detected/event_20250408_154828_92f9ba46/0000_stand_20250408_154828_frame.jpg,stand,2025-04-08 15:48:28,"Ambiente interno, bem iluminado (possível luz natural e artificial); parece ser uma loja, possivelmente de eletrônicos ou acessórios (prateleiras com inúmeros objetos pequenos à direita e balcão ao fundo).","Aproximadamente 1 pessoa visível, homem adulto, deslocando-se próximo à prateleira lateral. Sem veículos.","O indivíduo caminha devagar, com as mãos aparentemente nos bolsos, observando a prateleira de perto. Não há sinais imediatos de tentativas de forçar gavetas, manipulação repetida de objetos, ações agressivas ou retirada acelerada de itens nas imagens apresentadas.","""CAM 1"", timestamp visível na parte superior (“09-04-2013 15:11:53” a “15:11:55”).","**Não**, neste trecho específico não há comportamento visualmente suspeito ou ação classificável como risco imediato. Apenas observação do ambiente até o momento.",camera_analyzer_prompt_internal_closed,False,False
event_20250403_113340_c77d7f02,6,motion_detected/event_20250403_113340_c77d7f02/0001_7647_20250307_134155_frame_20250403_113340_000088.jpg,7647,2025-03-07 13:41:55,"Ambiente externo, rua residencial com calçada visível, vegetação e muros. Imagens captadas durante o dia, boa iluminação natural. A câmera está voltada para a rua à frente de um imóvel, registrando também o portão/entrada lateral.","- Foram detectados 2 a 3 carros estacionados em diferentes pontos da rua, mudando ligeiramente de posição entre os frames. 
  - Um veículo, identificado como uma viatura (possivelmente policial) ou carro de segurança privada, entra em cena nos últimos frames e estaciona próximo aos veículos já parados. 
  - Não há presença visível de pessoas circulando a pé, nem motos identificadas.","- Não são observados comportamentos suspeitos como tentativa de manipulação de portão, movimentação hesitante, olhares repetidos ou aglomeração.  
  - Os veículos permanecem relativamente estáticos ou trafegam normalmente, sem sinais de redução de velocidade sistemática, paradas prolongadas ou atitudes coordenadas entre ocupantes.  
  - A chegada da viatura indica possível patrulhamento de rotina ou atendimento a ocorrência, mas não há sinais claros de abordagem ou ação suspeita nas imagens apresentadas.","- Marcas d'água: ""intelbras"", data/hora no topo, localização “frente esquerda” no canto inferior esquerdo.","**Não**.  
  - Justificativa: Não são observados comportamentos objetivamente associados a risco de segurança no contexto das imagens analisadas. O tráfego de carros e entrada da viatura ocorrem de modo ordinário, sem sinais ou ações suspeitas de condutas preparatórias para delito.",camera_analyzer_prompt_external_street,False,False
event_20250410_145304_58dfd8c0,15,motion_detected/event_20250410_145304_58dfd8c0/0000_climbing-wall_20250410_145304_frame.jpg,climbing-wall,2025-04-10 14:53:04,"Ambiente interno com vista para área externa privada, especificamente um corredor lateral/jardim junto ao portão de entrada da propriedade. Iluminação noturna artificial, permitindo boa visibilidade da área.","Uma pessoa aparece a partir do frame 11, surgindo do lado externo e escalando o portão, entrando na propriedade privada e caminhando pelo jardim/corredor lateral. Não há veículos visíveis, e a movimentação é exclusivamente de uma pessoa.","O indivíduo escala o portão da residência, acessando a área interna sem uso da entrada regular, em um horário atípico (noite). Esse comportamento indica potencial invasão ou acesso não autorizado, caracterizando um risco objetivo à segurança.","""intelbras"" e data/hora visíveis no canto superior das imagens.","**Sim**, há risco, pois a presença de uma pessoa escalando o portão e entrando na área privada configura invasão e ameaça clara à segurança do local.",camera_analyzer_prompt_internal_to_outside,True,True
event_20250408_154827_75a2a6c1,5,motion_detected/event_20250408_154827_75a2a6c1/0000_walk_20250408_154827_frame.jpg,walk,2025-04-08 15:48:27,"Ambiente interno, bem iluminado, com luz artificial (possivelmente de loja). O layout indica uma loja com expositores de óculos ou itens similares fixados na parede à direita e balcão à esquerda.","Duas pessoas visíveis nas imagens (uma aparece durante toda a sequência; a outra ao fundo do ambiente). Ambas parecem vestir uniformes, uma delas com jaqueta reflexiva de alta visibilidade e calças verdes.","O indivíduo de jaqueta reflexiva observa atentamente os produtos expostos na parede e muda de posição lentamente, mas não é possível ver interação direta (como mexer ou retirar objetos) nos frames fornecidos. Também não há sinais claros de forçar armários, movimentação acelerada, esconder rosto ou ações agressivas.","""CAM 1"" e data/hora visíveis na parte superior das imagens.","**Não**, pois não há comportamentos visuais objetivos indicando risco à segurança ou ao patrimônio nesta sequência – apenas observação dos produtos em exposição.",camera_analyzer_prompt_internal_closed,True,False
event_20250402_142629_1e214b45,16,motion_detected/event_20250402_142629_1e214b45/0001_6888_20250219_153904_frame_20250402_142629_000001.jpg,6888,2025-02-19 15:39:04,"Ambiente interno, trata-se de um elevador. A iluminação é artificial e suficiente para boa visibilidade. Não há luz direta do exterior, indicando um local fechado e controlado.","Aproximadamente duas pessoas. Uma pessoa entra no elevador carregando objetos (saco ou caixa e animal de estimação pequeno), aparenta aguardar e interage com os objetos/porta. Outra pessoa, posteriormente, pega outro objeto do chão (uma caixa/ferramenta) e ambos saem do elevador. Não há veículos, apenas pessoas.","- Nenhuma das pessoas exibe comportamento suspeito ou agressivo.
  - Não há tentativa de forçar abertura de portas, manipular indevidamente objetos do elevador, esconder o rosto, ou movimentação acelerada e nervosa.
  - O comportamento é compatível com o uso rotineiro do elevador, levando objetos pessoais e possivelmente um animal.","Há indicações textuais de data, hora (“09-19-2025 Qua 12:39:...”) e a marcação “Camera 06” na borda das imagens.","**Não**. As ações das pessoas são típicas de usuários do elevador e não existem sinais visuais claros de risco à integridade das pessoas ou do patrimônio, de acordo com esta sequência.",camera_analyzer_prompt_internal_closed,False,False
event_20250408_154827_fbf1558e,3,motion_detected/event_20250408_154827_fbf1558e/0000_lying_down_20250408_154827_frame.jpg,lying,,"Ambiente interno, iluminação clara (luz artificial); trata-se de uma loja ou pequeno mercado, com prateleiras organizadas e produto expostos.","Duas pessoas presentes. Uma próxima ao balcão, em pé, aparentemente atendendo ou observando. Outra no chão, inicialmente agachada e, em seguida, deitada ou rastejando no corredor central.","Um indivíduo agachado e depois deitado/rastejando no chão sem um contexto claro (por exemplo, queda súbita, possível busca de proteção), enquanto outra pessoa permanece em posição de observação/próxima ao balcão. Não há sinais claros de retirada de objetos ou agressão, mas o comportamento de deitar-se no chão pode indicar resposta a ameaça, assalto ou emergência (pode ser uma tentativa de se esconder ou se proteger).","Marcação de data e hora, canal da câmera (""CH8"").","**Sim**, devido ao comportamento anormal de uma pessoa deitar-se/rastejar no chão em local comercial, podendo indicar situação de assalto, ameaça, emergência médica ou risco à segurança.",camera_analyzer_prompt_internal_closed,True,True
event_20250403_102654_82623f65,6,motion_detected/event_20250403_102654_82623f65/0001_17204_20250307_002852_frame_20250403_102654_000004.jpg,17204,2025-03-07 00:28:52,"Ambiente externo, noturno, com iluminação artificial localizada. A câmera está posicionada em frente a um imóvel, mostrando calçada, portão e parte de um estacionamento frontal. Cena em rua aparentemente pouco movimentada.","Não há pessoas ou veículos claramente visíveis nas imagens, apenas é possível observar um possível farol vermelho distante nos dois primeiros frames (em direção oposta à câmera), que logo desaparece. Nenhum outro elemento (moto, carro, pessoa a pé) em evidência.","Não há indícios visuais de tentativas de forçar entradas, permanência prolongada de pessoas/veículos próximos, circulação suspeita de motocicletas, nem comportamentos anormais de observação do imóvel. O local permanece desocupado ao longo da sequência.","""Intelbras"", data e hora e ""FRENTE L.D"" visíveis no canto da tela.",**Não**. Justificativa: Não foram identificados sinais ou comportamentos visuais objetivos que indiquem risco potencial à segurança durante a sequência analisada.,camera_analyzer_prompt_external_street,False,False
event_20250403_112220_0f05ffe1,6,motion_detected/event_20250403_112220_0f05ffe1/0001_6993_20250307_101724_frame_20250403_112220_000094.jpg,6993,2025-03-07 10:17:24,"Ambiente externo com presença de vegetação em primeiro plano, aparentando ser uma área junto a um muro ou parede lateral, possivelmente calçada ou jardim ao lado de muro/parede de imóvel. Iluminação diurna (imagem clara), sem sinais de baixa luminosidade.","Não há pessoas nem veículos visíveis nas imagens; toda a sequência está obstruída em grande parte por folhas e galhos, impedindo a visualização clara da rua, calçada ou portão.","Não há comportamentos ou sinais objetivos de risco observáveis nas imagens fornecidas, pois não há pessoas, veículos ou qualquer ação visível na cena.","Marca d'água ""Camera: 10"", data e hora no topo esquerdo.","**Não**, pois não há quaisquer elementos visuais ou comportamentais que indiquem risco ou ameaça, nem mesmo passível de dúvida, devido à ausência total de atividade na cena.",camera_analyzer_prompt_external_street,False,False
event_20250403_110345_d4895a53,40,motion_detected/event_20250403_110345_d4895a53/0001_6984_20250307_101724_frame_20250403_110345_000092.jpg,6984,2025-03-07 10:17:24,"Ambiente externo, iluminação diurna (manhã), aparentemente com céu nublado. Cena voltada para uma rua urbana, com calçada, estacionamento frontal e um portão à esquerda da imagem. Câmera fixa, protegida por guarda-sol.","- Inicialmente há uma pessoa sentada (provavelmente um vigilante ou porteiro) sob guarda-sol no canto inferior esquerdo, permanecendo praticamente imóvel durante toda a sequência.
  - Ao longo da sequência, circulam diversos carros, caminhonetes e ônibus.  
  - Pessoas caminham pela calçada, atravessam a rua ou caminham paralelamente ao imóvel em diferentes momentos.  
  - Uma bicicleta aparece rapidamente em um dos frames, transitando normalmente.  
  - Não há presença ou circulação de motocicletas, nem veículos parando de forma suspeita.","- Nenhum comportamento suspeito identificado:  
    - Os automóveis passam normalmente, sem paradas próximas ao imóvel, nem reduzem velocidade de maneira incomum.  
    - Pedestres transitam de maneira natural, sem hesitação, sem permanência prolongada em frente ao imóvel ou olhares repetitivos para a propriedade ou arredores.  
    - Ninguém tenta manipular portão, fechadura ou demonstrar interesse indevido pela área monitorada.
    - Não há ações coordenadas, ocupantes com capuz/boné/máscara em situação atípica ou aproximações incomuns.
    - Bicicleta e pedestres cruzam a cena sem qualquer atitude suspeita.",Marca d’água “Camera 01” visível; data/hora no canto superior esquerdo.,"**Não**.  
  Justificativa: O fluxo de pessoas e veículos é típico de área urbana/residencial, sem ações objetivamente suspeitas, tentativas de abordagem ou permanência em frente ao imóvel. Não há circulação de motos, nem comportamentos que indiquem risco à segurança neste intervalo.",camera_analyzer_prompt_external_street,False,False
event_20250402_140834_8e7ff747,6,motion_detected/event_20250402_140834_8e7ff747/0001_6883_20250219_153816_frame_20250402_140834_000092.jpg,6883,2025-02-19 15:38:16,"- Ambiente externo, captado por uma câmera voltada para rua residencial, com calçada e portão visíveis. 
  - Condição de iluminação: dia, ensolarado, boa visibilidade.
  - Localização: frente de imóvel residencial, calçada e rua.","- Não há presença de pessoas identificáveis nas calçadas ou em frente ao imóvel.
  - Em apenas um frame (terceiro da sequência), observa-se a passagem de um veículo (provavelmente um carro) transitando normalmente pela rua, sem qualquer indicação de parada, lentidão, ou interação com o imóvel.","- Nenhum comportamento de risco identificado. 
  - Não há tentativa de forçar portão, parada prolongada, aproximação suspeita, circulação lenta ou repetida de veículos, pessoas observando o imóvel, nem circulação de motocicletas no contexto apresentado.","- Texto visível mostrando data, hora e ""Camera 01"" no canto da imagem.","**Não**
  - Justificativa: Nenhum sinal objetivo de risco ou atividade suspeita foi identificado durante toda a sequência apresentada. O movimento do único veículo captado é breve e típico de tráfego local.",camera_analyzer_prompt_external_street,False,False
event_20250403_110902_b869b941,44,motion_detected/event_20250403_110902_b869b941/0001_6994_20250307_101724_frame_20250403_110902_000092.jpg,6994,2025-03-07 10:17:24,"Ambiente interno, visão para área de estacionamento privativo/jardim, parcialmente exposto. É dia, iluminação natural clara. A área visualizada compreende um espaço de estacionamento com vagas demarcadas, próximo a um portão/muro, com visão para rua ao fundo.","- Há circulação eventual de pessoas na calçada junto ao portão/muro, vindas da rua. 
  - No início, dois indivíduos caminhando juntos passam em frente ao portão lateral (primeiros 3 frames).  
  - Nos frames seguintes, há circulação normal de veículos automotores (carros e motocicleta) pela rua lateral.  
  - Entre os frames 14 e 34, uma mulher caminha sozinha na calçada, em sentido ao fundo da cena; embarca/desce do ônibus (ou próximo dele), outra pessoa aparece logo depois andando na mesma calçada após saída do ônibus.   
  - Por fim, mais um indivíduo também caminha pela calçada paralela à rua, sem sinais de interação direta com o imóvel monitorado.","- Não há aproximação nem permanência de pessoas junto ao portão ou muros.
  - Nenhum comportamento de tentativa de acesso ao imóvel, observação insistente, ou qualquer ação suspeita (como tentativa de abrir portas/portões, olhar por frestas ou movimentação no interior da propriedade).
  - Todos os indivíduos seguem pelo percurso da calçada, sem invasão à zona interna do estacionamento/jardim.","Datas e horários no canto superior esquerdo, e identificação ""Camera 11"" no canto inferior direito.","**Não**.  
  Justificativa: Apenas circulação comum de pedestres e veículos na via pública/externa, sem interação anormal ou tentativa de acesso à área interna. Nenhum risco aparente.",camera_analyzer_prompt_internal_to_outside,False,False
event_20250403_110529_22a621b0,11,motion_detected/event_20250403_110529_22a621b0/0001_6985_20250307_101724_frame_20250403_110529_000039.jpg,6985,2025-03-07 10:17:24,"Ambiente externo, aparentemente durante o dia, com boa iluminação natural. A cena mostra uma rua residencial, calçada e estacionamento frontal de um imóvel, com portão visível.","- Veículos: Aproximadamente dois carros circulando pela rua, alguns passando lentamente ou parando rapidamente em frente à área. Um desses veículos permanece estacionado na rua durante toda a sequência.
  - Pessoas: Detecção de uma pessoa circulando em um dos frames (possivelmente um ciclista); não há concentração de pessoas ou grupos interagindo diretamente com o imóvel monitorado.","- Não foram observados comportamentos como tentativas de forçar entradas, manipulação de portões, permanência prolongada de pessoas em frente ao portão, nem veículos parados com ocupantes observando ou agindo de forma suspeita.
  - Os veículos que aparecem estão em fluxo típico, parando brevemente ou apenas trafegando. Não há motocicletas envolvidas nem atitudes que indiquem intenção de abordagem ao imóvel.",Marcação “Camera 02” no canto inferior direito; data e horário no canto superior esquerdo.,"**Não**, nenhum comportamento objetivo de risco identificado. A circulação de veículos e a presença pontual de uma pessoa não apresentam sinais claros de observação ou preparação para ação criminosa.",camera_analyzer_prompt_external_street,False,False
event_20250410_145302_70a01170,11,motion_detected/event_20250410_145302_70a01170/0000_altercation_20250410_145302_frame.jpg,altercation,2025-04-10 14:53:02,"Ambiente externo, posto de combustível à noite, com iluminação artificial. A cena ocorre na área do pátio, próxima às bombas de abastecimento, mesas e veículos no estacionamento frontal do posto.","- Cerca de cinco pessoas presentes em diferentes momentos, incluindo pessoas sentadas ou próximas a mesas, além de pelo menos dois motociclistas e motoristas de carros.
  - Presença de ao menos duas motocicletas (uma parada próxima às mesas, outra junto à bomba de combustível), dois carros visíveis (um branco perto das mesas e outro escuro que entra na cena), além de pessoas usando capacete.
  - Nas primeiras imagens, um indivíduo com capacete e postura agressiva parece apontar uma arma para outras pessoas, que levantam as mãos (gesto típico de rendição).","- Indivíduo com capacete (condição normal para motociclistas, mas incomum manter o capacete em ambiente de convivência) realiza abordagem direta, apontando o que aparenta ser uma arma de fogo para dois homens junto à mesa e ao carro branco.
  - Ação coordenada, pois enquanto o indivíduo aborda as pessoas, outro está em uma motocicleta, aparentemente aguardando próximo à bomba de combustível.
  - As vítimas apresentam comportamento de rendição, sugerindo tentativa de roubo ou assalto à mão armada.
  - O veículo preto chega na sequência, aparentemente em fuga ou apoio; após a ação, tanto o carro quanto os motociclistas deixam rapidamente o local.","Marca d'água de canal de TV no canto superior direito, data e hora visíveis (27/07/2018 21:24).","**Sim**.  
  **Justificativa:** Ação clara de ameaça física com suposta arma de fogo, abordagem coordenada entre indivíduos (possivelmente roubo/assalto), motociclistas com capacete mantendo-se prontos para fuga rápida, e reação de rendição das vítimas. Todos são sinais de risco elevado e crime em andamento.",camera_analyzer_prompt_external_street,True,True
event_20250408_154826_a42130eb,3,motion_detected/event_20250408_154826_a42130eb/0000_lying_down_20250408_154826_frame.jpg,lying,,"Ambiente externo, durante o dia, com iluminação natural clara. A cena ocorre em uma rua ou estacionamento residencial, com vários carros estacionados nas laterais e o chão em bom estado de conservação.","- Aproximadamente dois indivíduos visíveis, ambos envolvidos em um acidente de motocicleta.
  - Uma motocicleta está presente, claramente envolvida em uma queda e tombada sobre os ocupantes.
  - Não há indícios de outras pessoas ou veículos em movimento interagindo com a situação.","- As imagens mostram uma sequência clara de queda/acidente de moto envolvendo duas pessoas adultas. 
  - Não há sinais de tentativa de manipulação de entrada, permanência suspeita, olhares excessivos para o imóvel, nem circulação lenta/monitoramento do local.
  - Os ocupantes aparentam estar usando capacete, e não há ações coordenadas entre outros indivíduos ou comportamento intimidatório em relação ao imóvel ou veículos estacionados.  
  - O risco identificado é de ordem acidental, não ligado à segurança patrimonial, mas sim à integridade física dos envolvidos no acidente.",@1stMrC (marca visível no canto superior esquerdo),"**Não**, pois não há indícios de comportamento suspeito ou ameaça à segurança do imóvel ou das pessoas na área. A situação analisada é um acidente de trânsito, não uma ação criminosa ou suspeita no contexto de vigilância patrimonial.",camera_analyzer_prompt_external_street,True,False
event_20250410_145302_1de172a2,9,motion_detected/event_20250410_145302_1de172a2/0000_robbery_20250410_145302_frame.jpg,robbery,2025-04-10 14:53:02,"Ambiente interno (corredor ou acesso de garagem) com portão aberto, voltado para uma área externa privada, provavelmente entrada veicular de um imóvel com visão direta para a rua. Iluminação diurna, céu aberto, boa visibilidade. Área monitorada compreende portão, calçada interna e parte da rua em frente.","- Mínimo de três pessoas identificadas durante a sequência.
  - Dois indivíduos de capacete, aparentemente armados, abordam uma terceira pessoa (provável morador ou visitante) que está em cima ou ao lado de uma motocicleta preta dentro do imóvel. Outro indivíduo de camisa pode ser visto posteriormente correndo em direção ao portão, aparentemente após o início da ação.
  - Duas motocicletas presentes (uma vermelha do lado de fora e uma preta dentro do portão). Veículos de passeio estacionados na rua.","- Dois indivíduos adentram a área privada pela calçada com abordagem direta a uma pessoa e sua motocicleta, utilizando capacete (tentativa de ocultar identidade) e possível uso de ameaça física.
  - Subtração da motocicleta da vítima dentro da propriedade, seguida de fuga dos suspeitos.
  - Pessoas agindo de maneira coordenada e apressada, evidenciando ação de roubo/assalto.
  - Movimentação atípica e rápida de indivíduos em área privada, com sinais claros de subtração de bem (motocicleta).","""f datenaoficial"" visível no canto superior esquerdo de todas as imagens (marca d'água).","**Sim**, risco **alto**. Justificativa: Ação clara de assalto/roubo com invasão de área privada, abordagem física a morador, emprego de capacete para ocultação e ameaça, e subtração de bem dentro da propriedade. Sinais explícitos de violação grave à segurança do local.",camera_analyzer_prompt_internal_to_outside,True,True
event_20250403_092022_f63db61a,34,motion_detected/event_20250403_092022_f63db61a/0001_55406_20250302_230353_frame_20250403_092017_000043.jpg,55406,2025-03-02 23:03:53,"Ambiente externo, aparentemente noite com boa iluminação pública. A câmera está posicionada voltada para a rua, mostrando a frente de um imóvel (provavelmente residencial, devido ao portão, calçada e estacionamento visíveis).","- A sequência mostra diversas pessoas caminhando pela calçada, em direções opostas e momentos distintos.
  - Em alguns momentos, há grupos pequenos de pessoas caminhando juntos.
  - Há carros estacionados na rua e veículos passando, entre eles alguns veículos transitando em velocidade regular, sem sinais de redução brusca, parada prolongada ou movimentos repetidos em frente ao imóvel.
  - Aparecem motocicletas transitando na via, mas todas seguem movimento fluido, sem indicativo de redução de velocidade, parada ou observação específica direcionada ao imóvel.
  - Não há evidência visual de tentativas de forçar/abrir portão ou manipular fechaduras, nem de pessoas observando com insistência a residência ou se posicionando de modo suspeito diante do portão.","- O trânsito de pessoas e veículos parece natural e esperado para um ambiente urbano residencial.
  - Não há permanência prolongada de pessoas ou grupos em frente ao imóvel.
  - Não é observado uso de capuz, boné ou máscara de modo incomum, nem coordenação suspeita entre indivíduos.
  - Não há veículos ou motos parados com ocupantes em atitude de observação.
  - Motocicletas passam rapidamente, sem interação com as pessoas em cena ou com o imóvel.","Câmera 01, data/hora visível no canto superior, nenhuma outra marca d'água significativa.","**Não**.  
  Justificativa: Não foram identificados comportamentos visuais objetivos que indiquem potencial risco à segurança (como vigilância insistente, aproximação suspeita, coordenação para ação ilícita, ou postura de preparo para arrombamento/abordagem). O fluxo de pessoas e veículos está compatível com o contexto de uma rua urbana durante a noite.",camera_analyzer_prompt_external_street,False,False
event_20250408_154826_7490d4e4,2,motion_detected/event_20250408_154826_7490d4e4/0000_lying_down_20250408_154826_frame.jpg,lying,,"Ambiente externo, durante o dia, com iluminação natural adequada. A cena é de uma área de jardim/frente de imóvel residencial com calçada e rua à frente.","1 pessoa visível (adulta) caída ou deitada em uma pequena piscina infantil no jardim. Pelo menos 3 carros estacionados na rua em frente, nenhum movimento suspeito aparente entre veículos.","- Não há tentativa de forçar entradas, manipular portão ou qualquer sinal de atenção ao imóvel.
  - A pessoa está caindo/brincando na piscina infantil ao invés de exibir comportamentos relacionados à segurança ou invasão.
  - Os veículos estão estacionados sem ocupantes visíveis em atitude suspeita.
  - Não há sinais de motocicletas, circulação lenta ou observação do imóvel.","""FAILARMY ULTIMATE SECURITY CAMERA FAILS"" (marca d'água visível)","**Não**, situação típica de acidente ou brincadeira, sem nenhuma indicação de risco à segurança patrimonial ou suspeita de crime.",camera_analyzer_prompt_external_street,True,False
event_20250403_110825_c72ce50a,21,motion_detected/event_20250403_110825_c72ce50a/0001_6994_20250307_101724_frame_20250403_110825_000056.jpg,6994,2025-03-07 10:17:24,"Ambiente externo, durante o dia, com iluminação natural adequada. A cena mostra a frente de um imóvel com visão para a rua, calçada, estacionamento privativo e portão de entrada.","- Passagem de vários carros e pelo menos um caminhão, sem paradas ou diminuição suspeita de velocidade; todos seguindo fluxo normal do trânsito.
  - Entre os frames 12 a 15, duas pessoas aparecem caminhando pela calçada. Não permanecem paradas na frente do imóvel, passam de forma contínua e não demonstram interesse nem tentativas de manipulação ou observação do portão/entrada.","- Não há tentativas de forçar ou manipular entradas, nem permanência prolongada em frente ao imóvel;
  - Não foi observado olhar repetido para o local, circulação lenta, paradas de veículos, motocicleta ou outro indicativo suspeito;
  - Não há sinais de coordenação entre indivíduos; ambos apenas passam pelo local.","“Camera 11” visível, data e hora impressos, sem outras marcas ou textos.","**Não**. O comportamento de todos os veículos e pessoas observados nas imagens é compatível com o trânsito e passagem comuns para o contexto urbano residencial. Não há indícios objetivos de risco, suspeita ou preparação para ação criminosa.",camera_analyzer_prompt_external_street,False,False
event_20250403_115614_921a5ad2,8,motion_detected/event_20250403_115614_921a5ad2/0001_7639_20250307_134155_frame_20250403_115614_000028.jpg,7639,2025-03-07 13:41:55,"Ambiente externo, iluminação diurna e intensa (dia claro). Câmera posicionada em fachada ou lateral de imóvel, voltada para a rua, captando calçada, portão de entrada e estacionamento frontal.","Apenas carros são visíveis — dois estacionados (um branco à direita, outro prateado à esquerda) e um terceiro veículo (aparentemente carro de cor clara) passando de forma normal pela rua. Não há pessoas caminhando ou paradas nas imagens analisadas.","Nenhuma indicação de comportamento suspeito ou de risco: não há tentativa de abordagem ao imóvel, parada prolongada, circulação repetida ou hesitante, nem ocupantes visíveis realizando observação direcionada ao local.","""Intelbras"", ""frente direita"", data/hora (marca d'água).","**Não**, movimentação veicular normal e ausência total de sinais comportamentais suspeitos.",camera_analyzer_prompt_external_street,False,False
event_20250408_154827_a5c783c9,3,motion_detected/event_20250408_154827_a5c783c9/0000_sit_20250408_154827_frame.jpg,sit,2025-04-08 15:48:27,"Ambiente interno, provavelmente uma sala de audiência ou tribunal. A iluminação parece ser artificial, típica de ambientes institucionais fechados. O local se assemelha a uma sala de julgamento/júri (presença de mesas, cadeiras, bancada e espaço separado para público).","Aproximadamente 5 pessoas visíveis na cena. Três pessoas ao fundo sentadas, duas na frente (uma trabalhando com papéis, outra aparentando estar em depoimento ou ouvindo atentamente). Não há veículos.","Não se observa comportamento de risco — as pessoas estão sentadas, algumas atentas, aparentando comportamento típico de ambiente formal. Não há sinais de movimentação brusca, manipulação suspeita de objetos, tentativas de acesso restrito ou atitude agressiva.",Há texto sobreposto e áreas desfocadas (possível ocultação de informações sensíveis). Legenda na parte inferior da imagem.,"**Não**, nenhum comportamento suspeito ou de risco foi identificado nas imagens analisadas.",camera_analyzer_prompt_internal_closed,True,False
event_20250408_154827_20d6eb21,5,motion_detected/event_20250408_154827_20d6eb21/0000_hit_20250408_154827_frame.jpg,hit,2025-04-08 15:48:27,"- Ambiente externo, aparentemente uma rua residencial ou travessa.
  - Cena noturna, iluminação fraca ou artificial (possivelmente luz de poste e faróis de carro).
  - Local ao lado de um portão/parede, com calçada estreita e acesso direto à rua.","- Presença de pelo menos 4 pessoas, todas aglomeradas na calçada/próximo ao portão.
  - Dois veículos claramente visíveis: uma motocicleta parada na calçada, ocupada, e um carro parado na rua à frente, com os faróis ligados e uma pessoa próxima ao capô ou porta.
  - As pessoas estão posicionadas próximas ao portão e à moto, algumas com postura curvada ou movimentos rápidos (sugere manipulação ou ação apressada).
  - Pelo menos uma pessoa de capuz, à frente do portão, movimentando-se rapidamente próximo à moto.","- Aglomerado de pessoas em horário avançado da noite.
  - Movimentação apressada e descoordenada, com possíveis tentativas de manipular o portão ou objetos próximos ao muro.
  - Moto parada muito próxima ao portão, ocupada, e carro parado na via com motorista não aparente (possível fuga ou apoio).
  - Uso de capuz em horário noturno.
  - Ações possivelmente coordenadas entre pessoas ao redor do portão, moto e carro.",Data e hora visível no topo (“2013-03-23 00:02:13” a “00:02:16”); Nenhuma outra marca d'água ou label específico.,"**Sim**. Justifica-se pela presença de múltiplas pessoas em horário suspeito, aglomeração próxima ao portão, comportamento apressado, uso de capuz, e veículos posicionados estrategicamente junto à propriedade, sugerindo potencial tentativa de invasão, roubo ou abordagem criminosa.",camera_analyzer_prompt_external_street,True,True
event_20250403_110951_999c970a,21,motion_detected/event_20250403_110951_999c970a/0001_6994_20250307_101724_frame_20250403_110947_000137.jpg,6994,2025-03-07 10:17:24,"- As primeiras 18 imagens mostram uma área externa privada, possivelmente um estacionamento ou pátio em frente a um portão de acesso de veículos, com vaga para pessoas com deficiência e marcações no chão. O local parece ser semiaberto, de fácil visualização do interior da rua. Está de dia, com iluminação natural e boa visibilidade.  
  - As três últimas imagens mostram o interior de um corredor residencial/comercial, com escada e acesso a cômodos internos.","- Aproximadamente 1 pessoa é vista caminhando na área externa, junto à calçada, ao lado do estacionamento da propriedade. Não há interação direta desta pessoa com portões, carros no pátio ou áreas de acesso restrito.  
  - Nos primeiros frames, essa pessoa apenas transita caminhando, não aparentando observar ou tentar acessar o imóvel.  
  - Vários carros transitam na rua, sendo detectados em sequência — possivelmente é horário de pico ou fluxo normal na via. Nenhum dos veículos demonstrou manobra dirigida ao interior da propriedade.
  - Nas cenas internas, não há presença de pessoas ou movimentação aparente.","- Não há sinais de tentativa de invasão, abertura de portões, observação insistente do imóvel nem movimentação suspeita no corredor.
  - A pessoa observada apenas caminha pela calçada, atravessando a frente do imóvel, sem se deter ou interagir, e logo se afasta do campo de visão da câmera.
  - Os carros apenas passam pela rua; nenhum acessa o imóvel, para ou realiza movimento incomum próximo ao portão.","- As imagens têm timestamp, data e a marca d'água ""Camera 11"" (externa) e ""Camera 18"" (interna).","**Não**  
  - Justificativa: Todos os comportamentos registrados são compatíveis com circulação normal em via pública e rotina de estacionamento. Não há nenhuma evidência visual de atitude suspeita, tentativa de acesso à propriedade privada, observação anormal, nem movimento de pessoas em áreas restritas. O risco de segurança para o imóvel, neste recorte analisado, é considerado inexistente.",camera_analyzer_prompt_internal_to_outside,False,False
event_20250410_145303_c8185c7c,8,motion_detected/event_20250410_145303_c8185c7c/0000_robbery_20250410_145303_frame.jpg,robbery,2025-04-10 14:53:03,"Ambiente externo, durante o dia, com boa iluminação natural. A localização parece ser a entrada de um imóvel, com área de estacionamento frontal e acesso de veículos, cercada por vegetação e jardim.","Em média, há 2 a 3 pessoas envolvidas nas interações, além de um carro estacionado próximo ao portão/entrada. Inicialmente, há uma pessoa ao lado do carro. Nos frames seguintes, outras duas pessoas se aproximam da entrada do imóvel. Ao longo da sequência, observa-se aproximação direcionada ao portão e possível ação sobre a pessoa já presente ali.","- Aproximação coordenada de dois indivíduos em direção a uma terceira pessoa junto à entrada, indicando possível ação deliberada e coordenada.
  - Um dos indivíduos usa capuz e ambos usam roupas escuras, o que pode indicar tentativa de ocultação de identidade.
  - Movimentação rápida e foco em abordar a pessoa próxima à entrada, tipicamente associada a ações de assalto ou abordagem criminosa.
  - A interação mostra possível intimidação ou abordagem forçada, já que a pessoa de branco parece rendida ou coagida.
  - Um dos indivíduos se volta em direção ao veículo, indicando possível planejamento de fuga ou apoio.
  - Não há motos envolvidas, mas o comportamento é altamente suspeito e compatível com tentativa de roubo ou sequestro relâmpago.",Data e hora visíveis no canto superior esquerdo das imagens.,"**Sim**, risco **alto**.  
  **Justificativa**: Aproximação coordenada, possíveis disfarces (capuz), coação física e comportamento consistente com abordagem criminosa junto à entrada do imóvel. Todos os sinais apontam para ação de risco à integridade dos presentes e segurança do local.",camera_analyzer_prompt_external_street,True,True
event_20250410_145304_a69efbc6,5,motion_detected/event_20250410_145304_a69efbc6/0000_break-in_20250410_145304_frame.jpg,break-in,2025-04-10 14:53:04,"Ambiente externo, aparentemente estacionamento ou pátio frontal de um imóvel com portão visível. As imagens são noturnas, com iluminação artificial suficiente para identificar pessoas e veículos. O cenário se assemelha a uma área industrial ou comercial.","Nos primeiros quatro frames, há vários indivíduos (mínimo de três) posicionados próximos ou no portão de entrada. Presença de um carro estacionado no canto esquerdo e, a partir do último frame, um caminhão no fundo.","Nota-se grande proximidade de múltiplas pessoas junto ao portão, inclusive em diferentes posições em sequência rápida, o que pode indicar tentativa de manipulação ou forçamento da entrada. A movimentação é concentrada e potencialmente coordenada, o que eleva o risco. Não há motocicletas na cena, mas a postura dos envolvidos próximos à entrada (com ações rápidas e sucessivas) pode estar associada a arrombamento ou invasão.",Nenhum visível.,"**Sim**, pois há várias pessoas juntas, próximas ao portão e realizando movimentos que sugerem ação coordenada ou tentativa de acesso não autorizado, especialmente em ambiente e horário com aparente baixa circulação. Assumir risco diante da movimentação noturna e proximidade ao ponto de entrada.",camera_analyzer_prompt_external_street,True,True
event_20250408_154827_5dbc25b2,5,motion_detected/event_20250408_154827_5dbc25b2/0000_hit_20250408_154827_frame.jpg,hit,2025-04-08 15:48:27,"Ambiente externo, à luz do dia, com boa iluminação natural. A cena ocorre em uma rua residencial ou comercial de bairro, com calçada, entradas de imóveis e comércio visível. Câmera voltada para a rua, posicionada em local externo, possivelmente fachada ou portão.","Aproximadamente cinco pessoas presentes. Uma motocicleta está parada na rua com uma pessoa sentada (capacete vermelho e azul claro), enquanto outra pessoa (calvo, vestindo shorts e camiseta) se envolve fisicamente com o ocupante da moto, aparentemente tentando imobilizá-lo ou tomar algo de suas mãos/braços. Outras duas pessoas (uma mulher de moletom rosa, um homem de boné azul claro) observam a cena, e um homem de camisa clara está na calçada, olhando parcialmente para o evento.","- Motocicleta parada em frente ao imóvel.
  - O indivíduo de shorts e camiseta força fisicamente o motociclista, tentando imobilizá-lo ou retirar algum objeto (em todas as imagens, há esforço e agressividade visível).
  - O motociclista está com capacete e tenta resistir ou se proteger.
  - O evento ocorre em plena luz do dia, porém o comportamento é atípico e violento para o contexto de uma simples parada, sugerindo tentativa de furto, roubo ou outro conflito grave. 
  - As demais pessoas, apesar de próximas, mantêm certa distância e observam, sugerindo receio ou surpresa diante da situação.","""Shared by HOI GA MY MIEN NAM"" (marca d'água visível).","**Sim**. A cena mostra confronto físico envolvendo um motociclista e um pedestre, com sinais explícitos de agressão e tentativa de subjugação/coerção. O uso de força, o contexto envolvendo moto parada e a atenção dos outros presentes apontam para uma situação de alto risco, potencialmente criminosa, caracterizando ameaça clara à segurança.",camera_analyzer_prompt_external_street,True,True
event_20250408_154828_05caaa12,2,motion_detected/event_20250408_154828_05caaa12/0000_throw_20250408_154828_frame.jpg,throw,2025-04-08 15:48:28,"Ambiente externo, durante o dia, com boa iluminação natural. Cena captada em uma rua residencial, aparentemente próxima a um portão de entrada ou estacionamento frontal, com vários carros estacionados em ambos os lados da via.","Aproximadamente 6 a 7 carros visíveis, todos carros de passeio, alguns aparentemente parados e outros estacionados. Apenas uma pessoa é visível andando pela rua, próxima a um veículo (possivelmente policial, dado o padrão visual do automóvel).","Uma porta de carro segue aberta em um dos veículos à esquerda, o que pode indicar movimentação recente. No segundo frame, a pessoa aparenta estar em movimento rápido ao lado de um carro, sugerindo interação direta com o veículo. Não há motos ou comportamentos relacionáveis a motocicletas. O comportamento da pessoa, próximo ao carro e aparentemente se abaixando, aliado ao texto sobre um ataque captado em vídeo, sugere situação de conflito. Porém, baseado apenas nos frames, o comportamento visível é uma aproximação rápida e posturalmente agressiva em relação ao carro.","""ERIN LESLIE"" (canto superior direito), texto visível na segunda imagem informando sobre um ataque a policial.","**Sim**, pois há indícios claros de situação de conflito/ataque envolvendo uma pessoa e um carro de polícia na rua, comportamento visivelmente fora do padrão seguro para área residencial.",camera_analyzer_prompt_external_street,True,True
event_20250403_111752_4930dd6b,10,motion_detected/event_20250403_111752_4930dd6b/0001_6990_20250307_101724_frame_20250403_111751_000141.jpg,6990,2025-03-07 10:17:24,"Ambiente interno, com iluminação artificial clara (aparenta ser à noite pelo uso intenso de luz artificial). O espaço lembra uma sala de recepção, escritório ou pequena sala de espera, com mobiliário básico, plantas em vaso, bancada, aparelhos de uso comum e uma área de atendimento.","Aproximadamente 1 pessoa visível durante a sequência observada. Não há veículos presentes. A pessoa se encontra próxima ao balcão/receptivo, movimentando-se entre balcão e área adjacente.","A pessoa interage repetidamente com o balcão/mesa e objetos localizados sobre este, parecendo manusear ou buscar itens. Não há interação aparente com portas, gavetas, armários, nem sinais de movimentação acelerada, retirada apressada de objetos, tentativas de ocultação facial ou ações destrutivas/agressivas. A movimentação é constante, mas compatível com atividades administrativas ou de organização.","Data/hora e ""Camera: 87"" visíveis em todas as imagens.","**Não**, nenhum comportamento visualmente suspeito ou de risco objetivo foi identificado nesta sequência. A dinâmica é condizente com rotina de expediente (organização, atendimento ou trabalho administrativo).",camera_analyzer_prompt_internal_closed,False,False
event_20250402_140721_e4453231,12,motion_detected/event_20250402_140721_e4453231/0001_6883_20250219_153816_frame_20250402_140721_000021.jpg,6883,2025-02-19 15:38:16,"Ambiente externo, durante o dia, sob forte iluminação natural. A câmera está posicionada voltada para uma calçada e portão de entrada de imóvel, com rua residencial visível e carro estacionado à frente.","Inicialmente há duas pessoas caminhando juntas pela calçada, se aproximando do portão e passando pelo carro estacionado. Na sequência, um dos indivíduos (camiseta branca) permanece caminhando sozinho junto ao carro, permanecendo por alguns segundos ao lado/à frente do portão. Em seguida, ambos se afastam do local e a calçada fica vazia. Não há motocicletas presentes nestas imagens e apenas um carro estacionado.","- As pessoas caminham normalmente pela calçada, sem demonstrar tentativas de manipular o portão, sem permanência prolongada ou hesitação significativa junto ao imóvel.
  - Não há sinais de observação insistente do local ou entorno.
  - A interação entre ambos aparenta ser apenas passagem, sem ações coordenadas apontando para preparação de delito.
  - O indivíduo de camiseta branca permanece por poucos segundos próximo ao veículo/portão, sem exibir gestos suspeitos.","Texto da data, hora e nome da câmera exibidos no canto superior esquerdo e direito inferior (""Cameras 01"").","**Não**, pois não há comportamentos objetivamente associados a risco: a movimentação parece típica de pedestres em trânsito, sem interação anômala com o imóvel, o carro ou o ambiente monitorado.",camera_analyzer_prompt_external_street,False,False
event_20250410_145302_a6bcedf2,24,motion_detected/event_20250410_145302_a6bcedf2/0000_robbery_20250410_145302_frame.jpg,robbery,2025-04-10 14:53:02,"- Ambiente externo, calçada e área frontal junto a um imóvel com parede de tijolos laranja.  
  - Cenário iluminado, provavelmente dia.  
  - Local é uma rua urbana com calçada, em frente ao imóvel e junto a uma vaga de estacionamento.","- Dois indivíduos presentes: ambos usando capacetes, um de casaco/busão vermelho e outro de roupas escuras.  
  - Duas motocicletas: uma parada (cinza/vermelha) na calçada, outra parada no interior do imóvel (preta/vermelha).  
  - O indivíduo de roupas escuras se aproxima rapidamente da moto parada e do homem de vermelho.  
  - O homem de vermelho mostra sinais de tentativa de defesa (postura corporal, braços erguidos em direção ao abordador).  
  - O abordador (rosto parcialmente coberto pelo capacete e máscara) assume rapidamente a moto parada, o que indica subtração forçada.  
  - Em seguida, foge do local com o veículo furtado.","- Abordagem direta, rápida e coordenada entre os dois indivíduos.  
  - Ambos utilizam capacete de motociclista para ocultar a identidade.  
  - Um dos indivíduos faz contato visual e abordagem corporal intimidadora à vítima.  
  - Subtração forçada do veículo (caracteriza-se como roubo).  
  - Fuga imediata com a motocicleta roubada, sem tentativa de contato adicional com a vítima.  
  - O segundo indivíduo (de vermelho) não tenta correr ou confrontar após o roubo, permanecendo próximo à segunda moto.","Marca d'água ""intelbras"", data/hora visível (04/05/2021 08:32:50-08:33:13), ""Nenhum"" adicional.","**Sim**, **risco altíssimo**.  
  - Justificativa: Houve abordagem agressiva, ameaça explícita e roubo de moto em plena luz do dia, com ação coordenada, ocultamento de identidade e fuga rápida. Comportamento típico de crime patrimonial, exigindo atenção máxima e acionamento imediato das autoridades.",camera_analyzer_prompt_external_street,True,True
event_20250410_145303_28abe440,5,motion_detected/event_20250410_145303_28abe440/0000_robbery_20250410_145303_frame.jpg,robbery,2025-04-10 14:53:03,"Ambiente interno com vista para área externa privada, possivelmente uma garagem ou corredor lateral de acesso, com portão visível ao fundo. Imagens durante o dia, com iluminação natural clara e boa visibilidade. Vegetação nas paredes, piso de pedra ou cimento.","Vários indivíduos em motos (ao menos 4 motocicletas, 4 a 6 pessoas), todos acessando rapidamente a área interna da propriedade após a abertura do portão. Alguns indivíduos aparecem correndo, evidenciando ação coordenada e ágil.","- Entrada simultânea e rápida de múltiplas motocicletas e pessoas em área tipicamente restrita, área privativa.
  - Aproximação de motociclistas ao portão e acesso imediato ao interior após abertura.
  - Um ou mais indivíduos descem das motos e correm, sugerindo pressa ou fuga.
  - Não há sinais de entrega, visita agendada, ou comportamento compatível com rotina normal do ambiente.","""BRASÍLIA 22ºC"" visível no canto superior direito das imagens.","**Sim**, risco **alto**. Justificativa: Entrada coordenada e simultânea de múltiplos indivíduos em motocicletas por um portão privado, com ações rápidas, invasivas e fora do padrão esperado para propriedades residenciais, sugerindo possível ocorrência de crime (invasão, assalto ou tentativa).",camera_analyzer_prompt_internal_to_outside,True,True
event_20250408_154830_a2a34495,5,motion_detected/event_20250408_154830_a2a34495/0000_sneak_20250408_154830_frame.jpg,sneak,2025-04-08 15:48:30,"Ambiente interno com vista para área externa privada, aparentemente um quintal lateral ou fundos, parcialmente coberto e com objetos como lona, cones, lixo e uma motocicleta. Iluminação noturna, provavelmente por infravermelho da câmera.","1 pessoa visível em toda a sequência, movendo-se pelo espaço externo, inicialmente perto dos fundos/lixaria, depois se deslocando em direção ao centro da área. Motocicleta parada coberta por lona.","Presença de pessoa em área externa privada no período noturno; movimentação atípica em direção ao interior da propriedade (zona onde geralmente não há circulação). Não há interação visível com portão, porém o local parece restrito e a presença não parece autorizada.",Marcação de data/hora da câmera (“CH4 2012/03/29 06:05:36” no topo da imagem).,"**Sim**, risco identificado — Justifica-se pela movimentação de uma pessoa sozinha em área de circulação privada no período noturno, indicando potencial invasão ou tentativa de acesso não autorizado.",camera_analyzer_prompt_internal_to_outside,True,True
event_20250408_154830_d10056f5,5,motion_detected/event_20250408_154830_d10056f5/0000_sneak_20250408_154830_frame.jpg,sneak,2025-04-08 15:48:30,"Ambiente externo, à noite, com iluminação artificial visível. O local da cena é uma espécie de área de passagem/pátio adjacente a um imóvel, próximo a veículos e um compartimento (parecendo um armário metálico ou caixa de equipamento).","Presença de pelo menos dois indivíduos, ambos usando roupas de cor clara e semelhantes a macacões, possivelmente com capuz cobrindo a cabeça. Não há indicação de motocicletas nesta sequência, mas há ao menos dois veículos (possivelmente um furgão e um carro) estacionados próximos.","Ambos os indivíduos estão ajoelhados próximos ao compartimento/armário metálico, aparentemente tentando forçar, abrir ou manipular a estrutura (ação coordenada). O local, horário (noite) e a postura dos indivíduos (agachados, com roupas que cobrem a identidade e agindo próximos a uma área restrita/fechada) são altamente sugestivos de atividade ilícita ou tentativa de invasão/arrombamento.","Há carimbo de data/hora visível nas imagens, e uma marca no canto superior esquerdo (""CAM1"").","**Sim**, comportamento fortemente indicativo de tentativa de arrombamento/invasão. Uso de vestimenta cobrindo a identidade, ação coordenada em horário noturno e postura focada em acessar local restrito indicam risco **alto** e elevado potencial de crime em andamento.",camera_analyzer_prompt_external_street,True,True
event_20250403_113729_6e0a44fe,6,motion_detected/event_20250403_113729_6e0a44fe/0001_7645_20250307_134155_frame_20250403_113729_000004.jpg,7645,2025-03-07 13:41:55,"Ambiente externo, durante o dia, com iluminação natural intensa (sol forte e sombras bem definidas). O local registrado é um estacionamento frontal ou área interna logo atrás do portão de entrada de um imóvel, conforme indicado pela legenda (""portao entrada"").","Não há detecção visível de pessoas, veículos, motos ou ocupantes nos frames analisados.","Não foram identificados comportamentos suspeitos ou sinais objetivos de risco, como tentativa de forçar entradas, circulação de motos, pessoas paradas ou observando o imóvel.","""Intelbras"", timestamp e ""portao entrada"".","**Não**, não há qualquer indicação ou evidência visual de comportamento de risco na sequência analisada.",camera_analyzer_prompt_external_street,False,False
event_20250408_154827_550cbaa0,2,motion_detected/event_20250408_154827_550cbaa0/0000_walk_20250408_154827_frame.jpg,walk,2025-04-08 15:48:27,"Ambiente interno, recepção ou loja comercial; iluminação diurna aparentemente adequada (área bem iluminada). Área visualizada é balcão de atendimento, provável entrada principal ao fundo, típica de interior de estabelecimento.","Aproximadamente duas pessoas visíveis. Uma pessoa atrás do balcão (possível atendente), outra pessoa aparentemente mascarada/encapuzada do lado do cliente, próxima à porta.","Na sequência, uma pessoa parece abordar o balconista, que depois se deita/crava atrás do balcão (possível sinal de coação ou ameaça). Indivíduo próximo à porta aparentemente deixa o local com objeto/sacola na mão, sugerindo furto ou roubo.",LiveLeak (marca d'água presente na parte superior esquerda de ambas as imagens),"**Sim**, comportamento compatível com assalto (coação do atendente, retirada de objeto e fuga rápida). Alto risco para segurança do local.",camera_analyzer_prompt_internal_to_outside,True,True
event_20250408_154828_2b362832,3,motion_detected/event_20250408_154828_2b362832/0000_fall_20250408_154828_frame.jpg,fall,2025-04-08 15:48:28,"Ambiente interno com portas de vidro automáticas, voltado para área externa (possível entrada principal ou lobby de edifício). Iluminação artificial interna clara; é noite externa.","Duas pessoas são visíveis nas imagens, ambas em movimentação rápida, parecendo correr para dentro ou já dentro do local, com uma pessoa caindo no solo logo após passar pelas portas.","- Movimentação brusca e rápida em direção à área interna, sugerindo possível fuga ou entrada apressada incomum para um ambiente controlado.
   - Uma pessoa cai após passar pelas portas, evidenciando pressa excessiva ou situação de estresse.
   - Possível aproximação simultânea de mais de uma pessoa à entrada em curto espaço de tempo, o que pode não ser condizente com comportamento de circulação normal.",Nenhum,"**Sim**. Justificativa: A movimentação abrupta, comportamento de fuga e a queda seguida de corrida para o interior do local indicam potencial situação de risco (ex.: tentativa de invasão, perseguição, fuga de evento externo). Recomenda-se averiguação imediata dessa entrada e verificação da origem da movimentação.",camera_analyzer_prompt_internal_to_outside,True,True
event_20250403_101251_f265bb7e,16,motion_detected/event_20250403_101251_f265bb7e/0001_17201_20250307_002851_frame_20250403_101250_000102.jpg,17201,2025-03-07 00:28:51,"Ambiente externo, noturno, com iluminação artificial (infraestrutura de iluminação visível através do brilho no asfalto e contraste nas superfícies). A câmera está posicionada próxima a um muro ou grade, voltada para a calçada e rua de frente ao imóvel, aparentemente em área residencial de baixa movimentação.","- Não há pessoas visíveis em nenhum dos frames.
  - Um veículo (possivelmente um carro, com faróis altos) se aproxima pela rua a partir do canto superior esquerdo dos frames 1-6, desacelera ou permanece um pouco em frente ao imóvel (frames 5-8), e então prossegue, saindo do campo de visão à direita (frames 9-10).","- O único comportamento de possível atenção é o fato do veículo desacelerar ou parar em frente ao imóvel por alguns segundos (frames 5-8), mas não há indicação de pessoas saindo do veículo, tentativas de manipular entradas, aproximação à calçada, ou outro comportamento explicitamente suspeito.
  - Não há motos ou indivíduos realizando observação ou circulação incomum.","""Frente,L,,E"" (marca d'água de localização da câmera) e data/hora visível.","**Não**.  
  - Justificativa: A parada breve de um carro em frente ao imóvel à noite pode ocorrer por diversos motivos e, isoladamente, sem outros sinais objetivos (como ocupantes observando ativamente o imóvel, descendo ou tentando manipular portões), não configura comportamento de risco. Não há ação coordenada entre pessoas, nem circulação de motos, nem outros indícios relevantes nesta sequência.",camera_analyzer_prompt_external_street,False,False
event_20250403_110712_5aa7d505,21,motion_detected/event_20250403_110712_5aa7d505/0001_6985_20250307_101724_frame_20250403_110706_000134.jpg,6985,2025-03-07 10:17:24,"Ambiente externo, dia claro com boa iluminação natural. As imagens mostram uma rua urbana com calçada e estacionamento frontal ao imóvel monitorado, além de portão e fachada visíveis.","- Inicialmente, um pedestre (aparentemente sozinho, caminhando normalmente) atravessa a calçada e segue seu trajeto na rua, sem permanecer em frente ao imóvel.
  - Presença frequente de carros trafegando pela rua nos dois sentidos; nenhum veículo para ou reduz drasticamente a velocidade diante do imóvel.
  - Não há presença de motocicletas, tampouco dupla de ocupantes em moto, tampouco sinais de espera suspeita ou aproximação deste tipo de veículo na sequência apresentada.
  - Nas imagens finais, outro pedestre caminha normalmente pela calçada, parecendo estar a caminho de seu destino.","- Não se observa tentativa de manipulação de portões, fechaduras, nem interação direta de pessoas com a entrada do imóvel.
  - Nenhum indivíduo é visto parado por tempo prolongado, rondando, olhando repetidamente para o imóvel ou para os arredores de maneira suspeita.
  - Não há circulação lenta ou parada de veículos diretamente em frente ao portão, tampouco ocupantes olhando em direção ao imóvel.
  - Não há vestimentas ou acessórios (boné, capuz, máscara) que indiquem tentativa de ocultação da identidade em contexto suspeito.
  - Nenhum comportamento coordenado entre pessoas.","Datas, horários e numeração da câmera (“Camera 02”, “Camera 11”). Nenhuma marca d'água comercial.","**Não** — Comportamentos observados são típicos de circulação em rua urbana (pedestres e automóveis em trânsito), sem sinais claros ou sutis de risco potencial à segurança ou atitude suspeita.",camera_analyzer_prompt_external_street,False,False
event_20250410_145303_7f97b2f6,25,motion_detected/event_20250410_145303_7f97b2f6/0000_robbery_20250410_145303_frame.jpg,robbery,2025-04-10 14:53:03,"Ambiente externo, posto de gasolina. É dia, a iluminação é natural e adequada. A cena ocorre na área frontal do posto, junto à bomba de abastecimento.","- Inicialmente, há uma caminhonete Mitsubishi com um ocupante visível (motorista).
  - Dois indivíduos aproximam-se do veículo a pé, ambos usando roupas escuras e cobrindo o rosto (máscara/boné).
  - Um dos indivíduos está armado e aponta a arma diretamente para o motorista.
  - Ao longo da sequência, o motorista é abordado e forçado a sair do veículo sob ameaça de arma de fogo.
  - Os dois indivíduos permanecem próximos ao veículo, enquanto um terceiro parece atuar na retaguarda.","- Abordagem rápida e coordenada de dois indivíduos ao veículo.
  - Uso de máscara/boné para ocultar a identificação.
  - Apontamento de arma de fogo em direção à vítima.
  - Ação claramente intimidatória, violência explícita e risco iminente à integridade da vítima.
  - Retirada forçada do motorista do veículo, caracterizando assalto a mão armada (carjacking).
  - Não há sinais de reação de outros ocupantes ou intervenção de terceiros.","""canaluol"", ""uol"", data/hora visível no canto superior direito.","**Sim**, risco **altíssimo**. Trata-se de um assalto armado a veículo, com agressividade elevada, ameaça direta à vida e evidente atuação criminosa em pleno dia.

**Resumo:** Sequência mostra crime grave, com abordagem armada e roubo de veículo no posto. Segurança em risco crítico.",camera_analyzer_prompt_external_street,True,True
event_20250408_154828_7e69c268,3,motion_detected/event_20250408_154828_7e69c268/0000_throw_20250408_154828_frame.jpg,throw,2025-04-08 15:48:28,"Ambiente interno com boa iluminação, aparentemente durante o dia. Trata-se de um escritório ou recepção (há mesas, computadores e sinalização na parede).","Aproximadamente 3 a 4 pessoas visíveis. Uma pessoa, em movimento acelerado, parece interagir abruptamente com outra que está atrás do balcão.","Há uma clara movimentação súbita e agressiva: uma pessoa atravessa o balcão, aparentemente lançando ou empurrando algo na direção da atendente/sentada. O restante dos presentes parece surpreso com a ação.",Marca d’água de data/hora no canto superior esquerdo e indicação de câmera no canto inferior direito; texto “PROBLEM SOLVING” na parede.,"**Sim**, devido à ação agressiva/súbita em direção a outra pessoa, sugerindo potencial ameaça física ou início de situação de conflito/agressão.",camera_analyzer_prompt_internal_closed,True,True
event_20250408_154829_ae55aced,5,motion_detected/event_20250408_154829_ae55aced/0000_struggle_20250408_154829_frame.jpg,struggle,2025-04-08 15:48:29,"Ambiente interno, iluminação clara (provavelmente diurna ou luz artificial forte). O local parece ser uma sala fechada, possivelmente quarto ou cela, com cama visível.","Aproximadamente 2 pessoas (uma figura está sobre a outra em todos os frames), nenhuma presença de veículos visível.","As imagens mostram uma clara situação de confronto físico (possível luta corporal ou agressão física): uma pessoa está sobre a outra, com movimentos característicos de imobilização ou agressão. Não há sinais de objetos sendo retirados, mas a situação sugere violência interpessoal direta.","""WE WANT MORE FACTS"" (marca d'água inferior direita).","**Sim**, há risco elevado devido à presença de confronto físico/agressão, o que representa perigo imediato à integridade física dos envolvidos.",camera_analyzer_prompt_internal_closed,True,True
event_20250408_154826_22dc91e2,3,motion_detected/event_20250408_154826_22dc91e2/0000_kick_20250408_154826_frame.jpg,kick,2025-04-08 15:48:26,"Ambiente interno, sala de academia com diversos equipamentos de musculação. Iluminação interna clara. Tipo do local: academia de ginástica/treinamento físico.","Aproximadamente duas pessoas visíveis na cena principal; mais pessoas ao fundo (reflexo do espelho), mas sem participação direta na ação.","As imagens mostram uma cena de agressão física evidente: uma pessoa segura outra e a joga com violência ao solo. A vítima cai de costas, aparentando risco de lesão, enquanto o agressor permanece de pé, próximo à vítima caída. O comportamento representa alta periculosidade, podendo causar danos físicos graves.",@BAHIJKADDOURA (marca d'água visível no canto superior esquerdo),"**Sim**, há risco **alto** devido à agressão física grave, com potencial imediato de ferimento sério para a pessoa atacada.",camera_analyzer_prompt_internal_closed,True,True
event_20250403_110809_e9b8e587,11,motion_detected/event_20250403_110809_e9b8e587/0001_6994_20250307_101724_frame_20250403_110809_000040.jpg,6994,2025-03-07 10:17:24,"Ambiente externo, área de estacionamento frontal voltada para a rua. Condição de iluminação diurna, aparentemente com luz natural suficiente. Local da cena é uma rua residencial (possui calçada, vagas de estacionamento e acesso a portão/muro).","Entre 1 e 2 carros circulando na rua ao longo dos frames, em momentos distintos. Não há registro de pessoas visíveis nas imagens. Nenhuma motocicleta aparece.","Não há indícios de tentativas de manipular entradas, paradas prolongadas, circulação lenta repetida, observação insistente ou qualquer comportamento atípico relacionado a risco. Os carros transitam normalmente, em passagem única, sem permanecer ou realizar manobras suspeitas.","Marca d'água ""Camera 11"" e data/hora visível no canto superior esquerdo.","**Não**, o fluxo de veículos é normal, sem comportamentos ou situações associáveis a risco de segurança no contexto observado.",camera_analyzer_prompt_external_street,False,False
event_20250408_154826_0a85b8b5,4,motion_detected/event_20250408_154826_0a85b8b5/0000_grab_20250408_154826_frame.jpg,grab,2025-04-08 15:48:26,"Ambiente interno, bem iluminado, aparenta ser uma área de serviço/recurso (possível depósito ou sala técnica), com objetos de manutenção, escada e bancada visíveis.","Aproximadamente 2 pessoas adultas, ambas próximas à porta interna. Uma delas parece retirar ou entregar rapidamente um objeto (possível saco ou invólucro grande) para a outra.","Troca de objeto relativamente grande de forma aparentemente apressada e discreta no canto do ambiente; não há contexto claro para a ação. Não há sinais explícitos de agressividade, mas a movimentação pode indicar tentativa de esconder ou retirar algo do local de forma não autorizada.",Marcas d’água “HTTP://EFFECTIVATI.RU” e informações de câmera (“Camera 01”).,"**Sim**, comportamento de risco moderado/alto identificado — movimentação de objeto volumoso de maneira potencialmente disfarçada ou não justificada em ambiente restrito.",camera_analyzer_prompt_internal_closed,True,True
event_20250403_091404_c34755c2,22,motion_detected/event_20250403_091404_c34755c2/0001_55410_20250302_230353_frame_20250403_091404_000146.jpg,55410,2025-03-02 23:03:53,"Ambiente interno com vista para área externa privada, provavelmente portão de entrada com jardim ou recuo frontal. O ambiente está iluminado artificialmente, indicando período noturno. A área monitorada é o recuo frontal da residência com portão gradeado voltado para a rua.","Em todos os frames analisados, não foram detectadas pessoas dentro da área privada ou próximas ao portão. Há trânsito ocasional de veículos do lado externo (rua), mas nenhum veículo ou pessoa para junto ao portão nem interage com a propriedade.","Não há qualquer comportamento suspeito visível. Nenhuma pessoa no interior da área privada, nenhum sinal de tentativa de acesso, nenhum veículo parado em atitude suspeita na frente do imóvel, nem aproximação incomum ao portão ou frestas.","Há marcações padrão de data/hora (“Camera 05”, “Camera 03”, etc.), sem presença de marcas d’água incomuns.","**Não** — Nenhum risco aparente. Todas as ações observadas correspondem a trânsito normal de veículos na rua, sem presença humana suspeita ou interação com a área privada monitorada.",camera_analyzer_prompt_internal_to_outside,False,False
event_20250403_110744_338b958b,15,motion_detected/event_20250403_110744_338b958b/0001_6994_20250307_101724_frame_20250403_110744_000016.jpg,6994,2025-03-07 10:17:24,"Ambiente interno com vista para área externa privada (provavelmente estacionamento ou área frontal de imóvel residencial/comercial). Imagens captadas durante o dia, com iluminação natural boa. A área visualizada é um pátio com vagas demarcadas, próximo de um portão que separa da rua.","Nenhuma pessoa foi detectada ou visualizada nas imagens. Há apenas circulação de veículos (carros e motos), todos trafegando normalmente pela via externa ao imóvel, sem indícios de entrada ou tentativa de acesso ao pátio interno.","Não há registro de pessoas em área restrita, nem aproximação suspeita de portão, janelas, ou tentativas de acesso ao imóvel. Os veículos estão apenas transitando pela rua, em nenhum momento invadindo ou interagindo com a propriedade monitorada.","""Camera 11"" e data/hora no canto superior esquerdo das imagens.","**Não**, nenhum comportamento suspeito ou risco visível. Todas as ações observadas correspondem a trânsito normal na rua adjacente, sem envolvimento com a área privada monitorada.",camera_analyzer_prompt_internal_to_outside,False,False
event_20250403_103057_3dd4eced,7,motion_detected/event_20250403_103057_3dd4eced/0001_17205_20250307_002852_frame_20250403_103057_000088.jpg,17205,2025-03-07 00:28:52,"Ambiente externo, captado à noite, com iluminação artificial visível principalmente no fundo da cena (próximo ao portão/saída). A câmera está posicionada na área dos fundos de um imóvel, direcionada para o pátio ou estacionamento externo, cercado e com objetos/entulhos visíveis.","Não há pessoas reconhecíveis ou em movimento nas imagens, tampouco veículos em circulação na área monitorada. Em todas as imagens, observa-se apenas um veículo (aparentemente um carro branco) estacionado ao fundo próximo ao portão/saída, sem sinais de ocupantes visíveis ou atividade suspeita ao redor.","Nenhum comportamento suspeito visível: não há circulação, tentativa de manipular entradas, permanência próxima ao portão ou movimentação de pessoas ou motocicletas. O veículo está parado, aparentemente desligado e sem ocupantes visíveis. Não existem pessoas observando ou rondando o imóvel.","""Intelbras"", ""L.D. Fundos"", data e hora visíveis no canto superior direito.","**Não**. Não foram observados sinais objetivos de risco, nem presença humana ou movimentação suspeita nas imagens. Apenas um veículo parado ao fundo, sem interação ou comportamento anormal.",camera_analyzer_prompt_external_street,False,False
event_20250408_154829_43c0b5c1,2,motion_detected/event_20250408_154829_43c0b5c1/0000_struggle_20250408_154829_frame.jpg,struggle,2025-04-08 15:48:29,"Ambiente externo, em área aberta, com iluminação natural (dia). Cena parece ser uma calçada ou entrada de imóvel, com portão visível aberto voltado para a rua, próximo a estacionamento frontal e rua residencial/comercial.","Três pessoas visíveis. Duas delas estão envolvidas em uma interação física intensa, possivelmente luta/contenda corporal, muito próximo da entrada do imóvel/portão. Uma terceira pessoa observa próximo ao meio-fio (aparentemente não intervém no momento).","- Presença de confronto físico intenso (um indivíduo aparentemente imobilizando ou agredindo o outro na entrada do imóvel).
  - Terceira pessoa próxima observa sem agir, podendo estar associada/coordenada com o evento.
  - Não há veículos em movimento direto na cena, e nenhuma motocicleta visível nos frames.
  - Não é possível afirmar tentativa de invasão, mas há clara situação de confronto/agressão física, o que sugere risco significativo à segurança do local e das pessoas envolvidas.","""Camera 1"" visível no canto inferior direito.","**Sim**, devido ao confronto físico explícito na área de entrada do imóvel, o que representa risco elevado para integridade das pessoas e possível ameaça ao patrimônio, além do potencial de evoluir para situações ainda mais graves.",camera_analyzer_prompt_external_street,True,True
event_20250410_145304_211eddc9,11,motion_detected/event_20250410_145304_211eddc9/0000_climbing-wall_20250410_145304_frame.jpg,climbing-wall,2025-04-10 14:53:04,"- Ambiente externo, em via pública.
  - Condição de iluminação diurna, céu provavelmente nublado (luz natural, mas sem sombras fortes).
  - Rua residencial, fachada de casas, calçadas e portões, com uma moto estacionada na calçada do lado esquerdo das imagens.","- 1 motocicleta estacionada na calçada.
  - 1 automóvel estacionado mais ao fundo da rua.
  - Uma pessoa foi registrada escalando o muro de uma residência (casa à direita nas imagens). O indivíduo aparece inicialmente na calçada do imóvel e, nas imagens seguintes, realiza a escalada do muro, pulando para o interior da propriedade. Não há outros pedestres visíveis próximos ao local.","- Escalada e invasão clara do muro de uma residência.
  - Ausência de hesitação ou disfarce, ação direta e rápida.
  - Não há evidências claras de apoio de outros indivíduos, mas a motocicleta estacionada relativamente próxima pode, em tese, ser um foco de atenção secundário.
  - A ação ocorre durante o dia, favorecendo fuga rápida após a invasão.",Nenhum (não há marca d'água ou texto visível de aviso além da data/hora padrão da câmera).,"**Sim**
  - **Justificativa**: Há flagrante de invasão residencial pelo muro, ação tipicamente associada a furto, roubo ou outras práticas ilícitas. O comportamento é objetivo e grave, classificando risco como **alto**.",camera_analyzer_prompt_external_street,True,True
event_20250408_154829_68936014,4,motion_detected/event_20250408_154829_68936014/0000_sneak_20250408_154829_frame.jpg,sneak,2025-04-08 15:48:29,"Ambiente interno, aparentemente uma sala de estar. A iluminação está baixa, sugerindo ser à noite (infravermelho típico de câmeras noturnas). Móveis de sala – sofás, mesa central, decoração.",Aproximadamente duas pessoas visíveis nos frames. Ambas estão agachadas ou se locomovendo rente ao chão.,"- Ambas as pessoas se movimentam de forma furtiva, rastejando ou agachando entre os móveis, sugerindo tentativa de evitar serem vistas.
  - Não há movimentação natural para o contexto do ambiente (nenhum indício de brincadeira, trabalho de limpeza ou rotina doméstica).
  - Postura corporal e deslocamento típico de ação disfarçada ou tentativa de ocultação.
  - Não há sinal de veículos.",Nenhum texto ou marca d'água visível nas imagens.,"**Sim**, classificação de risco **alto**. A movimentação disfarçada/furtiva em ambiente interno, especialmente à noite e sem contexto aparente, sugere possível tentativa de ação criminosa (furto, invasão ou preparação para roubo).",camera_analyzer_prompt_internal_closed,True,True
event_20250402_140812_81b82a7a,7,motion_detected/event_20250402_140812_81b82a7a/0001_6883_20250219_153816_frame_20250402_140808_000066.jpg,6883,2025-02-19 15:38:16,"Ambiente externo, registrado durante o dia com iluminação natural boa. A câmera está posicionada em uma rua residencial, visualizando a calçada, o portão de entrada e parte do estacionamento frontal/rua.","- Inicialmente há um carro passando pela rua (frame 1), após o qual não há veículos visíveis até o sexto frame, quando um pedestre (aparentemente uma mulher) aparece caminhando normalmente pela calçada em frente ao imóvel. Nos outros frames, não há presença de outros veículos, motos ou pessoas paradas ou circulando de forma suspeita.","- Nenhum comportamento objetivo de risco é observado:  
    - Não há tentativas de manipulação de entradas, nem permanência prolongada em frente ao imóvel.
    - O veículo e a pessoa estão apenas de passagem, não demonstrando olhares suspeitos nem gestos incomuns.
    - Não foi identificada motocicleta ou movimentação considerada de risco elevado.
    - O caminhar é contínuo, sem hesitação ou observação excessiva do imóvel.
    - Não há sinais de coordenação entre mais de uma pessoa.","""Camera 01"" (no canto da imagem); data e hora visíveis.","**Não**, não há indícios objetivos de risco na sequência analisada; tanto o veículo quanto a pessoa passam normalmente pela área, sem comportamentos atípicos ou suspeitos.",camera_analyzer_prompt_external_street,False,False
event_20250403_115819_956b2299,14,motion_detected/event_20250403_115819_956b2299/0001_7639_20250307_134155_frame_20250403_115805_000137.jpg,7639,2025-03-07 13:41:55,"Ambiente externo, em plena luz do dia, com boa iluminação natural. A cena ocorre em uma rua residencial, com calçada e portão à direita do enquadramento, característica de fachada de imóvel ou estacionamento frontal.","- Diversos carros estacionados e alguns transitando ao longo da sequência.
  - Um ônibus visível brevemente (frame inicial).
  - Ausência de motocicletas durante toda a sequência.
  - No final da sequência, surge uma pessoa a pé, que caminha tranquilamente pela calçada, aproximando-se de um carro estacionado (últimos frames).","- Não foram observados carros ou pessoas parados em frente à propriedade por tempo anormal.
  - Não há circulação lenta e repetida, nem pessoas demonstrando hesitação, observando o imóvel intensamente ou olhando reiteradamente para arredores.
  - Nenhuma tentativa aparente de forçar, manipular portão ou entrada.
  - Nenhum uso incomum de capuz, boné ou máscara.
  - Não há presença de motocicletas (veículos de maior risco nesse contexto).
  - A pessoa que aparece no final caminha normalmente, sem atitudes suspeitas visíveis.","""intelbras"", data e hora, ""frente direita"" (marca d'água visível nas imagens).","**Não**, nenhum comportamento objetivo ou sinal claro de risco à segurança foi identificado nesta sequência. O fluxo de veículos e pedestres indica movimentação habitual de rua residencial sem ações suspeitas ou preocupantes.",camera_analyzer_prompt_external_street,False,False
event_20250410_145304_b48dca52,10,motion_detected/event_20250410_145304_b48dca52/0000_break-in_20250410_145304_frame.jpg,break-in,2025-04-10 14:53:04,"Ambiente interno de um imóvel com vista para a área externa privada (possivelmente loja, sala ou recepção com fachada de vidro voltada para a rua). É noite, com iluminação artificial interna e externa suficiente para registro das imagens. A área visualizada abrange o interior do estabelecimento, a entrada principal, e a rua ao fundo.","- Uma pessoa circulando do lado de fora do imóvel inicialmente, tornando-se visível gradualmente pelo vidro da fachada.
  - A pessoa se aproxima da entrada de vidro, aparentemente força a porta ou arromba, e entra no estabelecimento.
  - Dentro do local, a pessoa se movimenta rapidamente pelo ambiente.","- Presença em área privada comercial em horário claramente fora de expediente (madrugada, 05h42–06h05).
  - Aproximação direta à estrutura de acesso (porta de vidro) e aparente rompimento ou arrombamento, já que depois a pessoa está no interior do local.
  - Movimentação rápida e direcionada, típica de invasão/furto.
  - Não é observada ação de interação social, apenas entrada e deslocamento não autorizados.","""#BalancoGeralSE"", horário ""12:41"", data e hora de gravação ""23/02/2018 C4 05:42~06:05"" visível nas imagens, além da marca d’água do programa.","**Sim**. A classificação é de **risco alto**, pois há evidência clara de invasão durante a madrugada, com rompimento de barreira física e entrada não autorizada em estabelecimento privado. O comportamento registrado caracteriza evento crítico de segurança.",camera_analyzer_prompt_internal_to_outside,True,True
event_20250402_142524_574db192,16,motion_detected/event_20250402_142524_574db192/0001_6884_20250219_153816_frame_20250402_142514_000083.jpg,6884,2025-02-19 15:38:16,"Ambiente externo, em rua residencial, durante o dia com iluminação natural adequada. A câmera mostra uma calçada, canteiro ajardinado, árvores, parte do portão de entrada e a rua em frente ao imóvel.","Não há presença de pessoas visíveis em nenhum dos frames. Um ou mais carros aparecem transitando e estacionados ao longo da via, incluindo veículos que passam pela frente do imóvel em poucos segundos de diferença, sem sinais de parada prolongada ou comportamento anormal aparente.","Não há comportamentos visualmente suspeitos: nenhum veículo ficou parado tempo elevado próximo ao imóvel, não há motocicletas, nem pessoas circulando, nem tentativa de abordagem ao portão, nem vigilância suspeita identificada.",Marca d’água de data/hora e “Camera 02” visíveis.,"**Não**. Justificativa: Trânsito automotivo típico para contexto residencial; ausência de pessoas, motos ou qualquer comportamento suspeito observável. Nenhum indício objetivo de risco à segurança na sequência apresentada.",camera_analyzer_prompt_external_street,False,False
event_20250403_113354_c8cf51c7,14,motion_detected/event_20250403_113354_c8cf51c7/0001_7647_20250307_134155_frame_20250403_113347_000095.jpg,7647,2025-03-07 13:41:55,"Ambiente externo, com iluminação diurna e condições de luz adequadas. Local da cena é uma rua residencial ou pouco movimentada, com calçada e carros estacionados ao longo da via, em frente à fachada de um imóvel protegido por muro ou portão.","Aproximadamente 4 carros estacionados (um em destaque próximo da câmera). Vemos alguns veículos circulando, incluindo um carro adesivado (parece tipo táxi ou serviço, mas não é possível afirmar com certeza), e um caminhão ou carro utilitário passando rapidamente ao fundo. Em nenhuma das imagens são visíveis pessoas a pé ou ocupantes claramente visíveis dentro dos veículos parados.","Não há registros visuais de tentativas de invasão, manipulação de entradas, nem de pessoas circulando ou paradas em atitude suspeita em frente à residência. O trânsito dos veículos segue fluxo normal e não há motos, lentidão proposital, paradas incomuns ou qualquer observação sistemática ao imóvel monitorado. Os veículos adesivados apenas transitam sem sinais de comportamento suspeito.","Marcas d'água ""intelbras"", data/hora e ""frente esquerda"".","**Não**, não há comportamentos de risco observáveis na sequência analisada. Tudo indica movimentação veicular comum em ambiente residencial diurno, sem sinais típicos de preparação para ação criminosa ou atividade suspeita.",camera_analyzer_prompt_external_street,False,False
event_20250402_164111_69dfa316,7,motion_detected/event_20250402_164111_69dfa316/0001_18250_20250228_124222_frame_20250402_164111_000068.jpg,18250,2025-02-28 12:42:22,"Ambiente externo, captado durante o dia com iluminação natural intensa. A cena ocorre em estacionamento frontal de um imóvel, com jardim gramado visível e área de vagas, incluindo vaga para PCD.","Não há pessoas visíveis nas imagens. Nos primeiros frames, há dois veículos estacionados (um hatch escuro e uma van clara). Nos frames seguintes, surge um terceiro carro (sedã escuro) que permanece estacionado ao lado. O movimento dos carros é pequeno, indicando apenas estacionamento regular.","Não há comportamento suspeito observado. Nenhum dos veículos apresenta circulação lenta, parada prolongada com ocupantes visíveis, tampouco há pessoas andando de forma hesitante, circulando de moto ou manipulando entradas. A movimentação percebida é típica de estacionamento.","""RACK-P2 ZONA 01"" no canto inferior esquerdo. Data/hora no canto superior direito.",**Não**. Não há indícios de risco potencial; apenas veículos estacionados sem presença ou ação suspeita de ocupantes ou terceiros.,camera_analyzer_prompt_external_street,False,False
event_20250403_091224_4da7849c,71,motion_detected/event_20250403_091224_4da7849c/0001_55410_20250302_230353_frame_20250403_091221_000046.jpg,55410,2025-03-02 23:03:53,"Ambiente interno com vista para área externa privada (corredor lateral/jardim em frente a um portão de acesso à rua). Imagens noturnas, iluminação adequada para vigilância por câmera infravermelha. Visualização do portão, calçada e rua ao fundo.","- Inicialmente, apenas veículos transitando na rua, sem interação com a área monitorada.
  - A partir do frame onde o carro branco para próximo ao portão, uma pessoa aparece na calçada em frente ao portão, permanece por alguns segundos e depois se retira.","- Pessoa parada à frente do portão da residência por tempo prolongado, aparentemente observando ou aguardando algo.
  - Não há tentativa visível de entrada forçada ou abertura do portão, mas a presença de pessoa em área onde normalmente não há circulação (especialmente à noite) é um fator relevante.","Texto da data/hora e identificação da câmera (""Camera 05"").","**Sim**, risco **médio**. Justificativa: A presença de uma pessoa parada em frente ao portão por vários segundos, durante a noite, é um comportamento que merece atenção e pode indicar risco potencial à segurança. Não há ação direta de invasão, mas a situação deve ser acompanhada e, se recorrente, demandar medidas preventivas.",camera_analyzer_prompt_internal_to_outside,False,True
event_20250402_150700_3c793a13,24,motion_detected/event_20250402_150700_3c793a13/0001_40427_20250221_185342_frame_20250402_150655_000004.jpg,40427,2025-02-21 18:53:42,"Ambiente externo, durante o dia, iluminação natural boa. A câmera está posicionada de modo a cobrir a calçada, a via pública em frente a um imóvel (possivelmente fachada residencial ou comercial, com portão/entrada visível e degraus que dão acesso à calçada).","Duas pessoas (pedestres) e pelo menos uma motocicleta visível na sequência. Um dos indivíduos caminha na calçada em direção ao imóvel monitorado, enquanto outro indivíduo permanece na moto parada na rua, próxima ao meio-fio, com ambos os pés no chão. O motociclista permanece na mesma posição durante vários segundos, olhando para frente ou para os lados, em direção ao imóvel/entrada. Em alguns quadros, a pessoa a pé se aproxima da entrada do imóvel, mas segue caminhando, afastando-se posteriormente. Não foi observada manipulação de portão/entrada.","- Motocicleta parada junto ao meio-fio, ocupada, com o condutor observando atentamente o imóvel/entrada.
  - Motociclista permanece imóvel por vários segundos, comportamento incomum para simples trânsito ou entrega.
  - Pedestre passa em frente à propriedade e, embora siga seu caminho, parece trocar olhares ou sinais com o motociclista.
  - Não há ação direta de abordagem ou arrombamento, mas o conjunto — permanência da moto parada, observação do imóvel e possível cooperação entre indivíduo a pé e motociclista — é condizente com práticas de “olheiro” para delitos ou preparação para abordagem.",Marcação “Camera 36” e “Camera 02” visíveis em diferentes cenas. Data/hora também estão presentes no topo das imagens.,"**Sim**. O comportamento do motociclista parado, com postura de espera e observação focada no imóvel, associado à passagem lenta de um pedestre e possível interação visual, representa risco **médio a alto** de segurança, especialmente no contexto brasileiro onde esse tipo de dinâmica está frequentemente associada a práticas de assalto, roubo ou levantamento para futuras ações ilícitas. Em caso de dúvida, a recomendação é atenção e monitoração reforçada.",camera_analyzer_prompt_external_street,False,True
event_20250402_171319_5435f854,7,motion_detected/event_20250402_171319_5435f854/0001_4990_20250228_161321_frame_20250402_171318_000023.jpg,4990,2025-02-28 16:13:21,"Ambiente externo, em frente a um imóvel delimitado por muro e vegetação. As imagens estão registradas durante o dia, com iluminação natural forte. A câmera monitora uma rua residencial, calçada e o acesso ao imóvel.","- Do frame 1 ao 4 não foram identificados veículos ou pessoas em destaque.  
  - No frame 5 há a detecção de um carro na rua, próximo ao imóvel.  
  - Nos demais frames, não há detecção clara de pessoas ou outros veículos.","- Não há ações que indiquem manipulação de entradas, permanência prolongada, olhares repetidos, hesitação, circulação lenta ou veículos suspeitos parados próximos ao imóvel.
  - Não há evidência clara de motocicletas, múltiplos ocupantes ou posturas anômalas.","""Camera 04"" visível no canto inferior direito das imagens.","**Não**, pois não foram observados comportamentos objetivos associados a risco na sequência apresentada. Apenas um carro passa rapidamente pelo local, sem sinais de observação ou aproximação suspeita.",camera_analyzer_prompt_external_street,False,False
event_20250408_154826_76dbc5b4,5,motion_detected/event_20250408_154826_76dbc5b4/0000_grab_20250408_154826_frame.jpg,grab,2025-04-08 15:48:26,"Ambiente interno, parece uma loja ou recepção com balcão de atendimento. Iluminação artificial e clara, indeterminada se é dia ou noite, mas o ambiente está totalmente iluminado e não há janelas aparentes.","Aproximadamente três pessoas visíveis: uma atrás do balcão, outra em frente ao balcão (centro da cena) e uma terceira entrando pelo fundo no final da sequência. Não há veículos.","- O indivíduo central está usando touca/gorro e veste com capuz, o que pode indicar tentativa de dificultar identificação.
    - Ele permanece próximo ao balcão, com postura possivelmente intimidatória, interagindo fisicamente com o atendente, exigindo ou pegando algo da mão deste.
    - O atendente parece entregar algo sob pressão, contexto típico de possível abordagem agressiva ou tentativa de assalto.
    - O terceiro indivíduo entra no ambiente já no final, mas não há ainda ação clara dessa pessoa.","Horário e data sobrepostas no topo da imagem (“08:27:56 PM”, “2017”), marcação “CAM02” no canto inferior esquerdo.","**Sim**. Justificativa: A interação é tensa, um indivíduo está possivelmente cobrindo ou dificultando a identificação do rosto, com contato físico envolvendo entrega forçada de objetos ou valores, o que sugere situação de ameaça ou risco elevado ao patrimônio e à segurança das pessoas presentes na loja.",camera_analyzer_prompt_internal_closed,True,True
event_20250402_140451_25399fec,9,motion_detected/event_20250402_140451_25399fec/0001_6896_20250219_153816_frame_20250402_140451_000082.jpg,6896,2025-02-19 15:38:16,"Ambiente interno de garagem com portão voltado para área externa privada, provavelmente entrada/saída de garagem residencial ou condomínio. Iluminação do dia, com claridade natural evidente no acesso ao lado externo. Área visualizada parece ser um corredor de acesso para veículos com portão de saída para rua ou área comum.",Presença de um veículo (carro) que estava estacionado dentro e realiza uma manobra de saída em direção ao portão. Não há pessoas visíveis nem circulação de pedestres nas imagens analisadas.,"Nenhum comportamento suspeito observado. Veículo simplesmente sai de forma regular pela garagem, não há tentativas de entrada não autorizada, presença incomum de pessoas, nem interação suspeita com estruturas (portão, muro).","Data e hora (“02-19-2025 Qua 12:41:46” e variações), “Camera 14”.","**Não**, saída rotineira de veículo sem qualquer sinal visual de risco observado na sequência.",camera_analyzer_prompt_internal_to_outside,False,False
event_20250408_154828_fe8760c3,4,motion_detected/event_20250408_154828_fe8760c3/0000_gun_20250408_154828_frame.jpg,gun,2025-04-08 15:48:28,"Ambiente externo, aparentemente noite devido à baixa luminosidade geral e presença de iluminação artificial forte (provavelmente poste/luz do imóvel). Localização parece ser calçada de entrada de um estabelecimento, com estacionamento frontal e veículo estacionado próximo.","Inicialmente, não há pessoas visíveis. A partir do segundo frame, aparece uma pessoa próximo à entrada do imóvel (lado esquerdo da imagem) e, em seguida, outra se aproxima do local vindo do lado do veículo, totalizando ao menos duas pessoas presentes. Há um veículo SUV estacionado muito próximo à entrada/portão, ocupando boa parte do quadro.","- Uma pessoa permanece junto à porta ou entrada, aparentemente aguardando ou observando a movimentação, e outra se aproxima caminhando rápido ou em atitude possivelmente direcionada à pessoa parada.
   - Não há sinais explícitos de arrombamento ou manipulação de portão/fechadura, mas a interação próxima ao veículo estacionado e ao acesso imediato do imóvel pode sugerir intenção de abordagem.
   - A aproximação rápida e direta pode indicar preparação para contato suspeito (ex.: tentativa de roubo, abordagem agressiva), embora neste trecho não seja totalmente possível confirmar a intenção final.
   - Vestimenta escura e possível cobertura de cabeça (difícil confirmar boné/capuz pela qualidade e iluminação).","""Camera8"", além de data/hora sobrepostas na imagem.","**Sim**, pois há movimentação e aproximação suspeita, interação direta na entrada do imóvel e presença de pessoas próximas ao veículo em um horário noturno, características compatíveis com abordagens de risco ou tentativas de delito, especialmente em contextos urbanos brasileiros.",camera_analyzer_prompt_external_street,True,True
event_20250402_150632_eb875975,6,motion_detected/event_20250402_150632_eb875975/0001_40426_20250221_185342_frame_20250402_150632_000001.jpg,40426,2025-02-21 18:53:42,"Ambiente interno (possivelmente portaria ou hall) com vista para área externa privada, composta por corredor lateral/jardim e portão metálico que dá acesso à rua ou garagem. Iluminação diurna, boa visibilidade, com vegetação ao lado do corredor.","Não há pessoas visíveis em nenhum dos frames analisados. Apenas um carro estacionado do lado externo, parcialmente visível através do portão.","Nenhuma pessoa ou comportamento suspeito detectado. O portão permanece aparentemente fechado e não há sinais de aproximação, tentativa de abrir, nem movimentação de pessoas próximas às áreas de maior interesse (portão, entrada, corredor, áreas verdes).","""Channel 05"" no canto inferior direito; timestamp visível no canto superior esquerdo; sem marcas d'água adicionais.","**Não**. Nenhum risco aparente neste intervalo temporal, visto que não há circulação ou presença incompatível com a rotina esperada para a área monitorada.",camera_analyzer_prompt_internal_to_outside,False,False
event_20250408_154828_6ca93aa5,3,motion_detected/event_20250408_154828_6ca93aa5/0000_gun_20250408_154828_frame.jpg,gun,2025-04-08 15:48:28,"- Ambiente externo, durante o dia, com iluminação natural adequada.
  - A cena ocorre em uma rua ou estacionamento, próxima a uma área com árvores e vegetação ao fundo, ao lado de uma cerca/muro de madeira.  
  - No canto superior direito, há uma marca d'água ""MAINE AG'S OFFICE"".","- Dois veículos visíveis: uma caminhonete (prata, próxima ao meio da cena) e uma viatura policial (branca, à esquerda).
  - Um policial uniformizado visível, claramente armado, fora da viatura, adota postura de tiro e aponta sua arma em direção ao veículo/caminhonete.
  - Não é possível afirmar o número de ocupantes na caminhonete, mas há pelo menos uma pessoa ao volante, parcialmente visível através do para-brisa.","- Policial aparentemente em ação de abordagem, com arma de fogo apontada na direção da caminhonete em posição agressiva/preparado para disparar.
  - Situação visivelmente tensa, sugerindo resposta a uma ameaça ou tentativa de contenção de risco (ex: possível fuga, reação de suspeito ou risco imediato à segurança dos presentes).
  - Caminhonete está posicionada muito próxima à viatura, sugerindo possível tentativa de aproximação abrupta ou situação de confronto entre veículo e policial.
  - Nenhum sinal de motocicleta ou comportamento típico de risco com motos, mas a situação geral é de risco elevado devido à postura do policial e proximidade dos veículos.","""MAINE AG'S OFFICE"" no canto superior direito das imagens.","**Sim**, risco **alto**.  
  - Justificativa: a presença de um policial armado em posição de disparo, a curta distância de um veículo suspeito, indica uma situação crítica com ameaça imediata à integridade física ou risco de evento violento (tiroteio, perseguição, reação de suspeito).",camera_analyzer_prompt_external_street,True,True
event_20250403_102825_0ffbeda4,6,motion_detected/event_20250403_102825_0ffbeda4/0001_17204_20250307_002852_frame_20250403_102824_000093.jpg,17204,2025-03-07 00:28:52,"Ambiente externo, aparentemente a calçada em frente a um imóvel, com um possível portão ou entrada à direita. As imagens foram captadas à noite (por volta de 21:17), mas a iluminação do local é adequada para visualização da cena (possível refletor instalado). Localização aparenta ser rua pouco movimentada, provavelmente residencial ou de acesso restrito.","Não há pessoas ou veículos visíveis nas imagens. O único objeto de interesse detectado é um hidrante (""fire hydrant"") aparentemente coberto ou protegido por um saco.","Não há indícios visuais de tentativas de invasão, manipulação de entradas, permanência prolongada de pessoas, circulação suspeita de veículos/motocicletas ou qualquer outro comportamento associado a risco observável nesta sequência.","""Intelbras"", ""FRENTE L.D"" e a data/hora, visíveis como sobreposições/marca d'água.","**Não**, nenhum risco aparente. Não foram observados comportamentos suspeitos, pessoas ou veículos em atitude de risco nas imagens analisadas.",camera_analyzer_prompt_external_street,False,False
event_20250410_145303_26161e43,33,motion_detected/event_20250410_145303_26161e43/0000_robbery_20250410_145303_frame.jpg,robbery,2025-04-10 14:53:03,"Ambiente externo, em uma rua asfaltada, com calçada e vagas de estacionamento perpendicular ao imóvel. Iluminação diurna, céu claro, facilitando boa visibilidade. Cena situada em frente a uma fachada comercial, com veículos estacionados e circulação de pessoas.","- 2 pessoas caminhando na calçada, próximas ao portão/entrada do imóvel.
  - 3 carros estacionados próximos ao meio-fio, além de um carro circulando na via.
  - Uma das pessoas (de camiseta cinza) inicialmente acompanha o outro individuo (de camiseta verde). Ambos param juntos ao lado de um carro estacionado. Em seguida, a pessoa de cinza rapidamente atravessa a rua, correndo em direção à faixa oposta e deixa o campo de visão. A pessoa de verde continua caminhando na calçada.
  - Não há motocicletas.","- Interação breve entre dois indivíduos, parando lado a lado na calçada, sem aparente motivo para parada.
  - Um dos indivíduos (camiseta cinza) observa a rua e, subitamente, atravessa ela correndo, sugerindo comportamento de fuga ou evasão. 
  - A ação não parece associada a veículos ou tentativas de manipulação de entrada, mas o movimento abrupto pode indicar que tentou evitar ser visto ou abordado, ou o término de uma abordagem suspeita.
  - Não há manipulação de veículos, portões ou fechaduras visível.
  - Não há uso de capuz, boné, máscara, nem circulação de motos.
  - Não é claramente possível afirmar que ocorreu um crime, mas o comportamento é atípico e pode indicar risco relacionado a furto/roubo ou atividade suspeita.",Marca d’água com data e hora visível no canto superior direito.,"**Sim**, risco **médio**.  
  Justificativa: O comportamento abrupto do indivíduo atravessando a rua correndo, após parada atípica ao lado de outro sujeito, indica atividade suspeita, mesmo sem flagrante de ação criminosa. Em contextos urbanos brasileiros, essas atitudes devem ser tratadas com atenção, especialmente em áreas residenciais/comerciais.",camera_analyzer_prompt_external_street,True,True
event_20250410_145303_22890143,7,motion_detected/event_20250410_145303_22890143/0000_robbery_20250410_145303_frame.jpg,robbery,2025-04-10 14:53:03,"Ambiente interno (farmácia ou drogaria), com vista para a entrada principal que dá acesso à área externa (calçada/rua). Iluminação artificial clara, indicando período noturno (horário no canto da tela: próximo às 21h). A área externa visualizada, embora pública, só é visível por poucos metros – logo após a porta principal.","Dois indivíduos presentes na área de entrada. Um deles (camiseta preta e boné) conduz ou pressiona outro (pessoa desfocada), enquanto outro indivíduo (moletom escuro com capuz, postura corpo arqueada) está à direita, aparentando tensão e vigilância. Não há outros veículos além de um carro estacionado do lado de fora, parcialmente visível.","Os dois indivíduos (ao que tudo indica, em possível ação conjunta) mostram sinais clássicos de abordagem suspeita: movimentam-se rapidamente e de forma coordenada pela loja, um deles parece conduzir o outro para fora, enquanto o segundo observa o entorno e mantém a mão próxima ao corpo como se ameaçasse ou simulasse portar algo. O ambiente sugere ausência de circulação normal de clientes e predomina o comportamento de tensão e controle de vítimas.","""PRIMEIROJORNAL"", timestamp (data/hora) e marca d'água de telejornal.","**Sim**, devido à presença de dois indivíduos em ação coordenada, comportando-se de modo a indicar uma possível situação de assalto ou ameaça (vítima sendo conduzida, gestos ameaçadores, atenção ao entorno e saída estratégica do local). Todos os sinais apontam risco elevado à segurança.",camera_analyzer_prompt_internal_to_outside,True,True
event_20250403_110435_2ec98035,18,motion_detected/event_20250403_110435_2ec98035/0001_6984_20250307_101724_frame_20250403_110430_000136.jpg,6984,2025-03-07 10:17:24,"Ambiente externo, com as imagens captadas durante o dia sob iluminação natural. A cena mostra uma rua urbana com estacionamento frontal e calçada, típica de ambiente comercial ou residencial. Câmera voltada para a rua, captando tanto a calçada como a via à frente do imóvel.","Inicialmente há uma pessoa caminhando na calçada, aparentemente passando pelo local e não interagindo com o imóvel. Diversos veículos passam pela rua (carros e uma motocicleta), todos em movimento regular, sem sinais de parada suspeita ou manobras incomuns. Em um dos quadros, uma motocicleta aparece trafegando normalmente na via.","Nenhum comportamento objetivamente suspeito foi registrado:
  - Não há pessoas próximas ao portão ou à entrada realizando movimentos de observação intensa ou tentativa de manipulação.
  - Não há permanência prolongada ou aproximação hesitante à fachada.
  - A motocicleta observada trafega normalmente, sem reduzir velocidade, parar, ou circular repetidas vezes.
  - Os veículos aparecem apenas em trânsito, não param ou reduzem velocidade de modo incomum nem exibem passageiros observando o imóvel de maneira suspeita.
  - Não foi detectado uso de capuz, boné ou máscara em clima incompatível.
  - Não há coordenação aparente entre pessoas ou veículos.",Nenhum (há apenas as marcações padrão da câmera nas imagens).,"**Não**, não há sinais ou comportamentos objetivamente ligados a risco nestas imagens. Todos os padrões de circulação e comportamento observados são compatíveis com o uso comum da via e passeio, sem atitudes suspeitas ou que demandem alerta adicional.",camera_analyzer_prompt_external_street,False,False
event_20250410_145304_84c6a861,9,motion_detected/event_20250410_145304_84c6a861/0000_break-in_20250410_145304_frame.jpg,break-in,2025-04-10 14:53:04,"Ambiente interno com porta de vidro voltada para área externa pavimentada, possivelmente um corredor de acesso lateral ou entrada de serviço. Iluminação artificial (aparentemente noturna, luz interna acesa).","Aproximadamente duas pessoas aparecem do lado externo, uma delas claramente acessando a porta e, progressivamente, adentrando o ambiente interno. Em alguns frames, vê-se o movimento de entrada do primeiro indivíduo, seguido de mais movimentação, sugerindo a chegada de outra pessoa.","- Presença de pessoas na área externa em horário incomum (04:42 da manhã).
   - Abertura da porta por parte dos indivíduos de fora para dentro, sugerindo entrada não autorizada.
   - Movimento rápido e furtivo, típico de tentativa de invasão ou arrombamento.
   - Sequência contínua sugere planejamento e ação coordenada.",Marcação de data e hora no canto superior esquerdo. Placa PNLA na parede à direita.,"**Sim**. Justificativa: Entrada de pessoas em horário atípico através de acesso do lado externo para dentro, possivelmente sem autorização, indicando alto risco de invasão.",camera_analyzer_prompt_internal_to_outside,True,True
event_20250408_154827_bcf6e29e,3,motion_detected/event_20250408_154827_bcf6e29e/0000_hit_20250408_154827_frame.jpg,hit,2025-04-08 15:48:27,"Ambiente interno, iluminação artificial e razoavelmente clara, aparenta ser uma loja ou minimercado (possui cestas, prateleiras com produtos, balcão de atendimento).",Aproximadamente três pessoas visíveis nos frames. Não há veículos.,"Um indivíduo veste preto, próximo à porta, aparentemente em movimento acelerado e em contato físico agressivo com outra pessoa (lançando-a para frente ou empurrando). No segundo frame, o movimento é brusco e sugere agressão física. No terceiro frame, há um terceiro envolvido próximo à ação, podendo indicar tentativa de impedir ou envolver-se na agressão. Também há cestas caídas no chão, sinal possível de tumulto.",Nenhum visível.,"**Sim**, [há evidência clara de comportamento agressivo e potencial confronto físico dentro do ambiente, elevando o risco à segurança das pessoas presentes].",camera_analyzer_prompt_internal_closed,True,True
event_20250403_110546_a69dc7b4,20,motion_detected/event_20250403_110546_a69dc7b4/0001_6985_20250307_101724_frame_20250403_110546_000055.jpg,6985,2025-03-07 10:17:24,"Ambiente externo, em frente a um imóvel residencial ou comercial; dia, iluminação natural adequada; local aparenta ser uma rua tranquila com calçada e estacionamento frontal.","Circulação de vários carros na via, sem sinais de parada anormal ou redução excessiva de velocidade. Um carro branco permanece estacionado durante toda a sequência. Um pedestre aparece nos frames 11 a 14, caminhando de maneira natural pela calçada e logo deixa o local.","Não há tentativas de manipulação de entradas, não há motos com comportamento suspeito, ninguém observa ou circula de forma hesitante junto ao imóvel, não há permanência prolongada ou articulação entre indivíduos. O pedestre apenas transita normalmente, sem gestos ou sinais de interesse pelo imóvel.","Há marca d'água de data/hora e identificação de câmera (""Camera 02"") visíveis em todas as imagens.","**Não**, pois não há nenhum comportamento objetivo ou sutil que indique risco à segurança ou intenção suspeita nesta sequência.",camera_analyzer_prompt_external_street,False,False
event_20250410_145301_4de8a0e3,23,motion_detected/event_20250410_145301_4de8a0e3/0000_burglary_20250410_145301_frame.jpg,burglary,2025-04-10 14:53:01,"Ambiente interno, possivelmente uma sala administrativa ou escritório com mesas, cadeiras e equipamentos eletrônicos. Iluminação noturna, provavelmente visão infravermelha de câmera de segurança (imagem em preto e branco com iluminação restrita).","Aproximadamente 2 pessoas presentes na cena, ambas usando toucas/gorros, vestimentas claras e aparentemente tentando ocultar suas identidades.","- Ambos os indivíduos movimentam-se de forma acelerada pelo espaço.
  - Um deles carrega rapidamente um objeto volumoso (possível equipamento eletrônico, como monitor ou computador), enquanto o outro vasculha a área próxima às mesas e computadores, aparentando procurar ou recolher objetos de valor.
  - Atitudes furtivas e coordenadas. 
  - Uso de lanterna em ambiente escuro, reforçando a intenção de agir sem atrair atenção externa.
  - Não há sinal de violência física, mas há clara intenção de furto/roubo de bens.","Marca d'água de horário/data (“13/07/2018 01:05:44”, “13:25”) visível no canto superior das imagens.","**Sim**. Justificativa: Há evidências visuais claras de furto em andamento com retirada e busca de objetos, movimentação suspeita e tentativa de ocultação de identidade, configurando risco alto ao patrimônio.",camera_analyzer_prompt_internal_closed,True,True
event_20250402_152207_a112c0ac,9,motion_detected/event_20250402_152207_a112c0ac/0001_10774_20250228_101013_frame_20250402_152207_000018.jpg,10774,2025-02-28 10:10:13,"Ambiente semiaberto (garagem coberta) com vista para área externa privada de um prédio residencial, especificamente uma garagem/estacionamento privativo. A iluminação é de dia, com luz natural abundante. Área visualizada inclui vagas de estacionamento, parede lateral do prédio e uma porta de acesso ao interior.","Foram observadas 2 pessoas apenas no início da sequência, uma delas andando em direção à porta e acessando o interior do prédio. Não há interação entre veículos e pessoas. A movimentação dos carros permanece estática durante a sequência.","Um indivíduo é visto se aproximando, usando o sistema de entrada e entrando normalmente pela porta do prédio (provavelmente utilizando chave/cartão/controlador autorizador). Não mostra sinais de forçar fechaduras, abrir portões externos, ou comportamento de observação suspeita. O acesso ocorreu de forma tranquila e rápida, sem hesitação ou tentativas de ocultação de ações.","Data/hora (""02-28-2025"", ""07:10:47"" a ""07:11:03""), câmera (""Camera: 05"").","**Não**. O comportamento observado indica acesso rotineiro e autorizado ao imóvel, sem indícios visuais de tentativa de invasão, arrombamento ou circulação não esperada na área monitorada.",camera_analyzer_prompt_internal_to_outside,False,False
event_20250408_154828_98b432bf,1,motion_detected/event_20250408_154828_98b432bf/0000_gun_20250408_154828_frame.jpg,gun,2025-04-08 15:48:28,"Ambiente externo, provavelmente em calçada ou entrada de imóvel. A cena está à noite, sob iluminação artificial de rua e/ou refletores do imóvel. Localização semelhante a uma rua residencial ou área comercial deserta.","Uma pessoa visível, aparentemente sozinha, usando roupa clara e cobrindo a cabeça (possivelmente com capuz ou touca), sem veículos ao redor.","O indivíduo está olhando e se aproximando do portão ou entrada do imóvel, com postura que sugere intenção de interação com o local (possivelmente tentativa de forçar a entrada, observar as condições ou manipular a fechadura). O uso de capuz/touca à noite e a ausência de outros pedestres indicam comportamento atípico e potencialmente suspeito.",Nenhum.,"**Sim**, devido ao comportamento suspeito de aproximação ao imóvel à noite, vestimenta encobrindo o rosto/cabeça e possível tentativa de manipular a entrada.",camera_analyzer_prompt_external_street,True,True
event_20250410_145304_31ef96d4,8,motion_detected/event_20250410_145304_31ef96d4/0000_break-in_20250410_145304_frame.jpg,break-in,2025-04-10 14:53:04,"Ambiente interno, aparentemente à noite ou com as luzes apagadas (iluminação noturna por infravermelho). Local parece ser uma sala de reuniões ou área de refeição, com mesa grande, cadeiras, televisão e alguns equipamentos sobre superfícies.","Duas pessoas presentes a partir do quarto frame, ambas com mochilas, bonés e roupas discretas. Não há veículos visíveis.","- Indivíduos circulam rapidamente pelo local.
    - Um dos indivíduos vasculha ou mexe em objetos próximos à mesa e equipamentos.
    - Ambos andam em posse de mochilas, aparentemente colocando objetos dentro delas.
    - Não há indicação clara de destruição, mas o contexto da ação (em local escuro, ambos escondendo o rosto com bonés, rapidamente retirando objetos) sugere invasão fora do horário permitido.
    - Em todos os momentos captados, não há demonstração de permanência legítima no ambiente, nem de tentativa de ocultar o rosto diretamente da câmera (mas há uso de boné abaixado).","""#DomingoEspetacular"" (canto superior esquerdo), carimbo de data/hora (canto superior direito).","**Sim**, múltiplos indícios claros de comportamento suspeito: entrada em ambiente escuro/deserto, movimentação rápida, retirada/armazenamento de objetos em mochilas e trajeto coordenado de ambos pelo espaço, típico de ação criminosa (possível furto/arrombamento).",camera_analyzer_prompt_internal_closed,True,True
event_20250408_154826_d9cb453c,5,motion_detected/event_20250408_154826_d9cb453c/0000_grab_20250408_154826_frame.jpg,grab,2025-04-08 15:48:26,"Ambiente externo, em frente a uma propriedade, provavelmente numa rua residencial. As imagens foram captadas à noite (imagem em preto e branco, iluminação típica de infravermelho/câmera noturna), com iluminação limitada e artificial proveniente do veículo e do sistema de câmeras.","Aproximadamente duas pessoas visíveis, ambas interagindo diretamente com um veículo (SUV estacionado com o porta-malas aberto). Os indivíduos aparentam usar roupas claras, com peças que podem sugerir capuzes ou toucas. Estão manipulando o interior do porta-malas. Não há outros veículos visíveis em movimento ou estacionados próximos à cena imediata além do SUV preto.","As pessoas estão manipulando intensivamente o interior do veículo estacionado, possivelmente carregando, descarregando ou retirando objetos. A ação ocorre à noite, o que por si só já eleva o risco quando não há outros sinais claros de atividade regular (ex.: mudança residencial assistida, entrega programada etc). Não há sinais de pressa extrema, mas a dupla parece coordenada e age de forma metódica. O uso de possíveis capuzes ou gorros pode ser visto como um agravante, dependendo da temperatura/lugar, pois facilita ocultação de identidade.","""RikCaa01"" (visível no canto superior esquerdo, aparentemente refere-se ao sistema de câmeras).","**Sim**, devido à presença de duas pessoas mexendo no porta-malas do veículo em área residencial durante a noite, com possível ocultação parcial da identidade (capuzes). O comportamento coordenado e o contexto noturno sugerem risco potencial, mesmo sem agressão física ou arrombamento explícito evidente nas imagens.",camera_analyzer_prompt_external_street,True,True
event_20250403_113241_df74149a,10,motion_detected/event_20250403_113241_df74149a/0001_7647_20250307_134155_frame_20250403_113241_000030.jpg,7647,2025-03-07 13:41:55,"Ambiente externo, diurno, com iluminação natural intensa (sol). As imagens mostram uma rua residencial, com calçada, área de estacionamento em frente à fachada de um imóvel.","Nos frames analisados, há presença de dois carros inicialmente (um branco estacionado em frente ao imóvel e outro carro mais adiante, do lado esquerdo da rua). Ao longo da sequência, carros passam pela via, mas não há detecção de pessoas visíveis na calçada ou próximo ao portão. Não há motocicletas presentes ou detectadas nas imagens.","Não são observados comportamentos suspeitos em relação à segurança:
  - Nenhum veículo permanece parado com ocupante olhando diretamente para o imóvel.
  - Nenhum veículo circula de forma repetida, lenta ou hesitante em frente à entrada.
  - Não há pessoas circulando ou tentando manipular entradas do imóvel.
  - Não é identificada coordenação entre indivíduos, uso de vestimentas que ocultem a identidade nem atitudes incomuns.","“intelbras”, data/hora e “frente esquerda” (marca d'água da câmera).","**Não**, nenhum risco aparente. Todos os carros estão em trânsito normal ou estacionados, sem sinais objetivos de comportamento suspeito.",camera_analyzer_prompt_external_street,False,False
event_20250402_153119_5e731392,9,motion_detected/event_20250402_153119_5e731392/0001_10785_20250228_101013_frame_20250402_153119_000089.jpg,10785,2025-02-28 10:10:13,"Ambiente externo, aparentando ser calçada/rua próxima a algum imóvel. As imagens possuem baixa qualidade e parecem ter sido capturadas de uma câmera de segurança com defeito/interferência. No início, parece ser pela manhã (relógio marca 07:13:xx), ainda assim a iluminação é precária pelas falhas no vídeo. Provável área de fachada ou entrada de imóvel, cercada por grades/estruturas.","Há ausência de detecções claras de pessoas ou veículos segundo o processamento YOLOv8 fornecido. Visualmente, apenas uma possível silhueta de pessoa ao longe (frames 1, 2, 3), que não apresenta ações detectáveis devido à má qualidade. Nos demais frames (4 a 9), vídeo indisponível — aparece a mensagem ""NO VIDEO"".","Não é possível identificar atitudes suspeitas ou comportamentos de risco específicos devido à indisponibilidade do vídeo na maior parte da sequência e à baixa qualidade dos instantes visíveis. Não há circulação de motos, veículos ou interação direta com o imóvel visível nas imagens disponíveis.","""NO VIDEO"" e marcação da câmera ""Camera 16"" visível nos quadros de ausência de sinal.","**Não**, nenhum risco aparente — Justificativa: Imagens sem detecção objetiva de pessoas/veículos ou comportamentos sugestivos de ameaça. Limitação severa devido à falta de vídeo na maior parte dos frames e baixa definição nos trechos visíveis.",camera_analyzer_prompt_external_street,False,False
event_20250410_145302_abaccd09,24,motion_detected/event_20250410_145302_abaccd09/0000_robbery_20250410_145302_frame.jpg,robbery,2025-04-10 14:53:02,"Ambiente externo, cena captada à noite em uma rua residencial. A iluminação é fornecida por luzes públicas e pelo farol de um carro parado, tornando visível a calçada, portão e a via próxima à fachada de uma residência.","Aproximadamente duas pessoas são vistas inicialmente próximas ao portão/parede da residência. Um veículo (carro claro) para na rua em frente ao imóvel, com os faróis acesos. Posteriormente, uma pessoa é vista caminhando pela calçada, e uma motocicleta passa pelo local na sequência das cenas.","- O carro fica estacionado por vários segundos com o farol em direção à residência, indicando possível observação ou abordagem. 
    - Uma pessoa se aproxima da calçada, parece sofrer uma queda ou se joga ao chão, possivelmente sob ameaça.
    - O carro avança em direção à pessoa caída, possivelmente tentando intimidar.
    - Após a saída do carro, a pessoa se levanta e outro indivíduo caminha pela calçada.
    - Uma motocicleta passa logo após o ocorrido, sugerindo potencial observação ou ação de comparsa, mesmo sem interação explícita.
    - Toda a movimentação ocorre de forma tensa, com permanência prolongada do carro e movimentação atípica das pessoas (queda/ataque).","Data/hora (21/01/2018 23:13:52 até 23:14:08), sem outras marcas visíveis.","**Sim**.  
Justificativa: Permanência prolongada do carro em frente ao imóvel à noite, movimentação suspeita de pessoas (queda ou ameaça na calçada), ação intimidadora do veículo, possível ligação com motocicleta em seguida. Indícios de abordagens possivelmente criminosas, caracterizando risco alto à segurança.",camera_analyzer_prompt_external_street,True,True
event_20250402_153028_6d75d183,7,motion_detected/event_20250402_153028_6d75d183/0001_10785_20250228_101013_frame_20250402_153028_000040.jpg,10785,2025-02-28 10:10:13,"Ambiente interno/semiaberto (possível corredor lateral), com vista para uma área externa privada. Iluminação diurna, luz natural presente, ainda que em algumas imagens a qualidade sugira baixa nitidez/luz. Área do tipo corredor lateral ou fundos, com pavimentação e muros laterais, possivelmente acesso restrito.",Não são visíveis pessoas ou veículos em qualquer um dos frames analisados.,"Não há detecção de pessoas ou comportamentos sugestivos de risco ao longo da sequência. As áreas de portão, muro e acesso estão vazias; não se observam tentativas de acesso, presença incomum ou circulação suspeita.","""HDF2072P30"", ""Camera 16"", datas/horários no topo das imagens, e em um frame a mensagem ""NO VIDEO"".",**Não**. Nenhuma presença humana ou ação suspeita foi identificada nos frames disponíveis para análise.,camera_analyzer_prompt_internal_to_outside,False,False
event_20250403_091207_eb29739f,9,motion_detected/event_20250403_091207_eb29739f/0001_55410_20250302_230353_frame_20250403_091207_000032.jpg,55410,2025-03-02 23:03:53,"Ambiente interno com vista para área externa privada (possivelmente quintal ou corredor lateral com portão de acesso à rua visível). As imagens foram captadas à noite, sob iluminação artificial adequada (provavelmente iluminação pública e/ou residencial). Não há presença de áreas sombreadas ou pontos cegos aparentes.","Não há pessoas visíveis em nenhum dos frames. Há veículos na via pública, do lado externo ao portão, mas nenhum indício de aproximação ou interação direta com a área monitorada.","Não foram observados comportamentos ou sinais que indiquem risco: nenhum indivíduo acessando, se aproximando ou observando através do portão; nenhuma tentativa de abertura; ausência de circulação incomum ou passagem inesperada na área privada.","""Camera 05"" e data/hora na parte superior esquerda das imagens.","**Não**, nenhum risco aparente foi identificado nas imagens analisadas.",camera_analyzer_prompt_internal_to_outside,False,False
event_20250403_091347_31d8b0de,9,motion_detected/event_20250403_091347_31d8b0de/0001_55410_20250302_230353_frame_20250403_091347_000129.jpg,55410,2025-03-02 23:03:53,"Ambiente interno com vista para uma área externa privada, possivelmente o acesso de garagem ou portão de entrada de veículos. As imagens foram captadas à noite, com iluminação artificial suficiente para visualizar a cena. O local observado parece ser um corredor lateral ou entrada, com portão metálico e área ao redor do portão protegida por muro e vegetação.",Não há pessoas visíveis nesta sequência. Há um carro branco estacionado ou parado próximo ao portão da propriedade durante todo o período mostrado.,"O único elemento registrado é o carro parado do lado de fora do portão. Não há aproximação de pessoas ao portão, tentativas de abertura, nem movimentos incomuns no interior da área monitorada. Não há movimentos de entrada/saída pelo portão.","Data/hora, “Camera 05” (na parte inferior da tela).","**Não**, a presença momentânea do carro parado não configura risco imediato ou comportamento suspeito na ausência de pessoas tentando acessar a propriedade ou interagindo com o portão. Para monitoramento contínuo é recomendável atenção caso o carro permaneça muito tempo ou pessoas apareçam na área.",camera_analyzer_prompt_internal_to_outside,False,False
event_20250408_154828_00fee1e5,2,motion_detected/event_20250408_154828_00fee1e5/0000_fall_20250408_154828_frame.jpg,fall,2025-04-08 15:48:28,"Ambiente interno (possivelmente varanda coberta ou área de entrada), com vista para área externa residencial privada (frente de uma casa). Iluminação natural, indicando dia claro. A área visualizada inclui jardim, calçada e trecho da rua ao fundo.","Duas pessoas visíveis, ambas próximas à entrada da residência, uma com mochila, outra logo atrás. Há pelo menos um carro estacionado na rua ao fundo.","Ambas as pessoas estão circulando numa área típica de acesso (entrada principal), sem atitude de tentativa de invasão, abertura de portas ou persistência junto a portões ou janelas. Não há interação suspeita ou movimento de fora para dentro (parecem sair da residência ou circular normalmente pela calçada da casa).","""FAILARMY ULTIMATE SECUI CAMERA FA"", localizada no canto superior direito das imagens.","**Não**, ambos apresentam comportamento compatível com circulação permitida/esperada na entrada da residência, sem indícios visuais de risco para segurança.",camera_analyzer_prompt_internal_to_outside,True,False
event_20250408_154829_617a7b45,4,motion_detected/event_20250408_154829_617a7b45/0000_struggle_20250408_154829_frame.jpg,struggle,2025-04-08 15:48:29,"Ambiente externo, em uma rua residencial, provavelmente durante o dia (iluminação natural). A câmera está posicionada acima, voltada para a rua em frente às casas/portões, com veículos estacionados ao longo da calçada.","- Vários carros estacionados (cerca de 4 a 5).  
  - Duas pessoas inicialmente na cena: uma aparentemente se aproximando do portão/casa, outra junto a um carro branco.  
  - Nas imagens seguintes, mais dois indivíduos aparecem, totalizando pelo menos 3 pessoas próximas ao veículo branco, uma delas aparentemente envolvida em confronto físico com outra.","- Um dos indivíduos (de roupa preta) aparenta estar tentando forçar a entrada no carro branco ou retirar algo de dentro, com movimentos bruscos e resistência por parte de outra pessoa.
  - Outra pessoa (de cinza) aparece tentando conter ou afastar a pessoa de preto, sugerindo uma tentativa de intervir em um possível roubo ou assalto.
  - A dinâmica sugere possível tentativa de furto/assalto de veículo com confronto físico, evidenciado pela força empregada e pela reação de defesa.
  - Não há motos envolvidas nessa sequência.
  - A movimentação das pessoas e a intensidade da ação indicam comportamento claramente suspeito e de risco elevado.","Marca d'água “News Dog Media” e logo no canto superior esquerdo (“M” estilizado, possivelmente de portal de notícias).","**Sim**, o risco é **alto**.  
  Justificativa: O flagrante mostra claramente confronto físico entre indivíduos ao redor do veículo, com tentativa aparente de furto ou assalto, necessidade de contenção, e reação de defesa ou ataque. O contexto justifica alerta imediato e classificação de risco elevado.",camera_analyzer_prompt_external_street,True,True
event_20250402_171342_cc7e5892,6,motion_detected/event_20250402_171342_cc7e5892/0001_4990_20250228_161321_frame_20250402_171342_000046.jpg,4990,2025-02-28 16:13:21,"Ambiente externo, durante o dia, com boa iluminação natural. A câmera está posicionada próxima à parede de uma residência, captando uma calçada e a rua à frente do imóvel, com vegetação aparente.",Não há detecção de pessoas nem veículos em nenhum dos quadros da sequência apresentada.,"Não foram observados comportamentos suspeitos ou sinais de risco. Não há presença de motos, veículos parados, pessoas próximas ao portão ou observando o imóvel, nem ações de tentativa de acesso.","""Camera 04"" visível; há também data e horário no topo das imagens.","**Não**, nenhum comportamento suspeito ou de risco identificado, apenas registro de área externa aparentemente tranquila.",camera_analyzer_prompt_external_street,False,False
event_20250403_091742_afe052f2,35,motion_detected/event_20250403_091742_afe052f2/0001_55407_20250302_230353_frame_20250403_091735_000041.jpg,55407,2025-03-02 23:03:53,"Ambiente externo, registro noturno com iluminação pública suficiente para boa visibilidade. A cena mostra a fachada/portão de um imóvel em área urbana, na calçada de uma rua aparentemente residencial ou mista.","- Veículos: Circularam vários carros pelas imagens, nenhum deles parou ou reduziu a velocidade de modo suspeito diante do imóvel. Não há motos presentes na sequência.
  - Pessoas: Diversos pedestres transitam pela calçada, tanto sozinhos quanto em pequenos grupos (máximo de três pessoas juntas visíveis). Os indivíduos caminham de forma contínua, sem parar em frente ao imóvel, sem manipular portões, sem gestos de hesitação ou de observação intensa sobre a residência. As pessoas não se agrupam de maneira coordenada ou suspeita, nem ficam paradas diante da entrada.","- Não há permanência prolongada ou parada diante do portão.
  - Não há tentativas de manipulação de fechaduras ou entrada.
  - Nenhum indivíduo observado olhando repetidamente para o imóvel ou agindo de modo hesitante.
  - Nenhum veículo ou motocicleta parando ou reduzindo excessivamente em frente ao local.
  - As pessoas transitam normalmente, seguindo por toda extensão da calçada.","""Camera 02"", data e horário visíveis no canto superior e inferior das imagens.","**Não**, pois não foram observados comportamentos ou sinais objetivos que indiquem risco à segurança do imóvel ou conduta suspeita, de acordo com os critérios fornecidos.",camera_analyzer_prompt_external_street,False,False
event_20250402_154309_d17a8c21,6,motion_detected/event_20250402_154309_d17a8c21/0001_10771_20250228_101013_frame_20250402_154309_000007.jpg,10771,2025-02-28 10:10:13,"Ambiente interno com vista para um corredor lateral externo, pavimentado com ladrilhos e murado de ambos os lados. Iluminação de dia, com luz natural. A área visualizada é um corredor lateral externo da residência, com muro alto separando da vizinhança e acesso ao fundo da propriedade.","Não há pessoas, veículos ou outros objetos em movimento visíveis em nenhuma das imagens da sequência.","Nenhum comportamento suspeito ou risco visual detectado — não há circulação de pessoas, tentativa de acesso ou aproximação a portões, portas, janelas, ou observação incomum do imóvel.","Há data, hora e identificação da câmera (""Camera 02"") na imagem.","**Não**, nenhum risco aparente — área totalmente deserta durante toda a sequência analisada.",camera_analyzer_prompt_internal_to_outside,False,False
event_20250402_170432_a89dcd4a,6,motion_detected/event_20250402_170432_a89dcd4a/0001_4992_20250228_161321_frame_20250402_170432_000006.jpg,4992,2025-02-28 16:13:21,"Ambiente externo durante o dia, com iluminação natural clara. A câmera está posicionada de forma a mostrar a calçada, portão de entrada e vegetação próxima à fachada de um imóvel, possivelmente em uma rua residencial.","Não há identificação clara de pessoas ou veículos em nenhum dos frames apresentados. As imagens estão parcialmente obstruídas por folhas grandes, dificultando a observação de ações detalhadas na calçada e no portão. Nenhuma moto ou carro é visível, tampouco pessoas caminhando ou paradas.","Não são observados comportamentos suspeitos, tentativas de manipulação de entrada, permanência prolongada em frente ao imóvel, circulação ou parada de veículos, nem indivíduos com comportamento atento ou em atitudes incomuns.","Há data, hora e o texto ""camera 06"" visíveis como marca d'água no canto inferior direito.","**Não**, nenhum sinal de risco aparente foi observado nesta sequência. As imagens estão limpas de atividades suspeitas e não há presença de pessoas ou veículos que motivem atenção.",camera_analyzer_prompt_external_street,False,False
event_20250408_154828_d3eda1a7,2,motion_detected/event_20250408_154828_d3eda1a7/0000_fall_20250408_154828_frame.jpg,fall,2025-04-08 15:48:28,"Ambiente interno, bem iluminado (parece ser dia ou iluminação artificial forte), provavelmente uma sala de triagem, recepção restrita ou área de detenção (observa-se móveis funcionais e ausência de elementos decorativos).","Quatro pessoas ao todo (segundo detecção, dois visíveis de forma clara e mais dois parcialmente presentes em um dos frames), sem veículos.","Duas pessoas (aparentam ser agentes de uniforme) estão interagindo fisicamente com uma terceira pessoa que está encostada contra a parede, aparentemente sendo revistada ou contida. A pessoa encostada aparenta vulnerabilidade e falta um sapato, indicando possível contenção ou revista forçada. A postura dos agentes é de clara superioridade física, com um deles manipulando a perna da pessoa contra a parede. Não há sinais nítidos de agressão excessiva, mas há potencial para risco físico devido ao grau de imobilização.",Texto de data/hora na parte superior da imagem.,"**Sim**, há potencial risco à integridade física da pessoa revistada/contida. A cena sugere um procedimento de contenção ou revista que, sem informações adicionais, pode representar risco moderado a alto devido à força física aplicada e à vulnerabilidade do indivíduo.",camera_analyzer_prompt_internal_closed,True,True
event_20250408_154829_ed9143f6,3,motion_detected/event_20250408_154829_ed9143f6/0000_run_20250408_154829_frame.jpg,run,2025-04-08 15:48:29,"Ambiente externo, durante o dia, com iluminação natural adequada. A cena ocorre em uma rua residencial, com calçada, portão e gramado na frente do imóvel.","Uma pessoa (provavelmente um adolescente) atravessando ou correndo pela rua. Um veículo (van branca) está estacionado do outro lado da rua, parado, sem ocupantes visíveis interagindo com o imóvel. Três animais (parecem ovelhas ou cachorros) estão na área gramada do imóvel.","Não há indícios de tentativa de invasão, manipulação de portão, observação insistente do imóvel ou circulação suspeita de veículos. A pessoa está apenas correndo ou atravessando a rua, sem interação suspeita com a residência ou portão. Nenhum comportamento coordenado entre indivíduos.","""FAILARMY"" visível como marca d'água no canto superior direito.","**Não**. Nenhum comportamento objetivo associado a riscos à segurança foi identificado. Cena cotidiana, sem sinais de ameaça ao imóvel monitorado.",camera_analyzer_prompt_external_street,True,False
event_20250403_110501_6729df14,21,motion_detected/event_20250403_110501_6729df14/0001_6985_20250307_101724_frame_20250403_110453_000004.jpg,6985,2025-03-07 10:17:24,"Ambiente externo, iluminação diurna; local aparenta ser uma rua residencial ou comercial tranquila, com calçada, faixa de pedestres amarela e área de estacionamento na frente de um imóvel com portão/muro.","- Inicialmente, há uma pessoa caminhando na calçada, próximo ao portão do imóvel. 
  - Diversos carros passam pela rua, estacionam ou seguem em direção única, a maioria em ritmo normal.
  - Registra-se o trânsito ocasional de motos, incluindo uma cena (frame 7 e frame 21) onde uma motocicleta passa próximas à entrada, mas sem sinais claros de estacionamento prolongado ou abordagem articulada.","- Não há tentativa de manipulação do portão, nem de abordagem ou permanência suspeita diretamente em frente ao imóvel.
  - Não há circulação lenta/insistente ou movimento coordenado de pessoas (principalmente nas motos).
  - Nenhum ocupante de moto ou carro é visto observando intensamente o imóvel, reduzindo velocidade de forma atípica ou com trajes suspeitos (como capuz ou máscara em situação incomum).",Nenhum,"**Não**. Justificativa: Não foram identificados comportamentos objetivos associados a risco, como permanência prolongada, tentativas de abordagem ou movimentação suspeita de motos. O fluxo de veículos segue normal e as pessoas não apresentam atitude anômala diante do imóvel.",camera_analyzer_prompt_external_street,False,False
event_20250408_154826_2c1ec565,5,motion_detected/event_20250408_154826_2c1ec565/0000_grab_20250408_154826_frame.jpg,grab,2025-04-08 15:48:26,Ambiente externo; cena noturna com iluminação artificial (provavelmente luzes públicas ou do próprio imóvel); área de estacionamento ou entrada residencial voltada para a rua (veículos sobre a calçada/entrada).,"- Dois automóveis identificados: um estacionado em frente ao imóvel (SUV ou caminhonete preta), outro parado na rua logo à frente.
  - É possível distinguir pelo menos duas pessoas no primeiro veículo (uma no banco do motorista e outra próxima à porta do carona).","- Pessoa saindo ou recém saída do veículo, mantendo a porta aberta por vários segundos (padrão observado nos cinco frames).
  - Portas abertas à noite podem indicar desembarque ou abordagem, mas não há ação ostensiva de arrombamento nem hasteamento incomum das pessoas.
  - Não há outros sinais de tentativas de manipulação de portão, hesitação extrema, ou movimentação muito suspeita capturada nos frames.","""IPC"" (provavelmente marca da câmera), data e hora.","**Não**, pois a sequência evidencia apenas o desembarque ou movimentação comum de ocupantes de um veículo em frente à residência durante a noite. Não são verificadas ações claramente suspeitas ou associadas a risco potencial neste curto intervalo analisado.",camera_analyzer_prompt_external_street,True,False
event_20250402_173754_467058ed,6,motion_detected/event_20250402_173754_467058ed/0001_53862_20250301_082830_frame_20250402_173754_000126.jpg,53862,2025-03-01 08:28:30,"Ambiente interno de corredor ou hall, com vista para uma área externa privada, provavelmente um quintal ou entrada lateral. Iluminação noturna, provavelmente de lâmpadas artificiais, pois ainda está escuro (horário próximo às 05:30 da manhã). O ambiente externo é fechado por um portão metálico e protegido por muro ou grade alta.",Nenhuma pessoa ou veículo visível nas imagens em toda a sequência apresentada.,"Não há detecção de presença humana, nem movimentação suspeita, aproximação de portões, tentativas de abertura ou observação através de grades/frestas. Nenhum comportamento de risco é notado na área monitorada.","Texto de data/hora no canto superior esquerdo e identificador ""Camera 04"" no canto inferior direito.","**Não**, nenhum risco aparente, pois não há presença ou ação suspeita detectada nesta sequência.",camera_analyzer_prompt_internal_to_outside,False,False
event_20250408_154828_79d7aceb,2,motion_detected/event_20250408_154828_79d7aceb/0000_throw_20250408_154828_frame.jpg,throw,2025-04-08 15:48:28,"Ambiente externo, aparentemente captado por câmera de segurança de um local urbano. Imagens parecem ter sido feitas durante o dia, sob iluminação natural ou artificial urbana. A cena mostra um viaduto/ponte sobre uma via férrea, com grafites nas paredes.",Aproximadamente duas pessoas visíveis sobre o viaduto. Não há veículos aparentes nos frames apresentados.,"Duas pessoas, aparentemente jovens, circulam sobre o viaduto e realizam ações suspeitas próximas à borda, sugerindo possibilidade de arremesso de objetos (“Rocks Thrown From Overpass” destacado na reportagem). Tal comportamento representa risco elevado à segurança de quem transita abaixo (veículos, pedestres ou trens), podendo causar acidentes graves.","“CRIME BEAT”, “ROCKS THROWN FROM OVERPASS”, marcas da emissora “13 WTHR”, informações de horário e previsão do tempo.","**Sim**, risco **alto** devido à presença de pessoas sobre o viaduto realizando ações perigosas (arremesso de objetos). Este tipo de atitude pode causar lesões sérias ou fatais e é frequentemente associado a condutas criminosas.",camera_analyzer_prompt_external_street,True,True
event_20250408_154827_6620de67,4,motion_detected/event_20250408_154827_6620de67/0000_sit_20250408_154827_frame.jpg,sit,2025-04-08 15:48:27,"Ambiente interno de um veículo (provavelmente táxi ou carro de aplicativo), durante o dia, iluminação natural forte vinda das janelas.","Uma pessoa (passageiro) sentada no banco traseiro, usando cinto de segurança. Não há outros ocupantes visíveis nesta sequência.","O passageiro está olhando ao redor e mexendo discretamente na região do rosto, mas não há sinais objetivos de tentativa de manipular portas, janelas, equipamentos ou esconder o rosto deliberadamente. O comportamento não caracteriza ações agressivas, destrutivas ou de ocultação perante à câmera.","Há texto sobreposto do próprio sistema de gravação, provavelmente marcando data/hora/localização, mas nenhuma marca d’água externa ou label de advertência específica.","**Não**, nenhum comportamento de risco aparente na sequência observada; a pessoa está apenas sentada, com gestos normais que podem indicar espera ou tédio.",camera_analyzer_prompt_internal_closed,True,False
event_20250402_150531_3b752641,9,motion_detected/event_20250402_150531_3b752641/0001_40424_20250221_185342_frame_20250402_150531_000008.jpg,40424,2025-02-21 18:53:42,"Ambiente externo, aparentemente dia, com boa iluminação natural. A localização parece ser a entrada de um imóvel, com portão de grade e vegetação nos arredores (possível área de acesso lateral, portaria ou entrada de condomínio/residência).","Apenas uma pessoa é vista rapidamente nos primeiros frames (homem com mochila), deslocando-se pelo campo de visão, aparentemente caminhando. Não há veículos ou outros indivíduos presentes na sequência. A pessoa não permanece por tempo prolongado, não está acompanhada, nem manifesta interação direta com portões ou fechaduras.","- Não há tentativa aparente de manipulação do portão ou das travas.
  - Não há indício de permanência prolongada ou de vigilância do entorno.
  - O comportamento registrado sugere apenas passagem rápida pelo local, sem gestos ou atitudes visivelmente suspeitas, olhares repetidos ou hesitação.
  - Não há uso de acessórios que dificultem identificação (capuz, máscara, boné).",Nenhum (não há marcas d'água adicionais além da própria gravação do sistema de monitoramento).,"**Não**.  
  Justificativa: A pessoa registrada atravessa rapidamente o local sem demonstrar interesse pelo imóvel ou comportamento suspeito associado a risco. Não há outros elementos ou sinais de ameaça à segurança na sequência apresentada.",camera_analyzer_prompt_external_street,False,False
event_20250408_154828_3dd50747,3,motion_detected/event_20250408_154828_3dd50747/0000_stand_20250408_154828_frame.jpg,stand,2025-04-08 15:48:28,"Ambiente externo, durante o dia, com iluminação natural. A cena se passa em uma rua ou pátio lateral, margeado por uma parede, com a presença de três carros estacionados (dois na sequência à esquerda e um à frente), uma motocicleta parada e algumas cadeiras junto à parede.","Aproximadamente 1 pessoa visível caminhando do lado de um carro estacionado, aparentemente saindo ou circulando ao redor do veículo. Há três carros estacionados, uma motocicleta parada próxima das cadeiras e uma bicicleta encostada junto ao muro no canto.","Não há evidências de manipulação de entradas, tentativas de forçar veículos, nem presença de múltiplas pessoas em atitude coordenada. A pessoa apenas caminha normalmente pelo local, sem comportamento hesitante ou suspeito. A motocicleta está parada, mas não há pessoas sobre ela ou indícios de atenção dirigida ao imóvel.","Marcação de data e hora no canto inferior esquerdo, sem outras marcas ou textos visíveis.","**Não**, não há comportamentos suspeitos ou sinais objetivos de risco detectados nesta sequência.",camera_analyzer_prompt_external_street,False,False
event_20250410_145303_1cfc3a0f,16,motion_detected/event_20250410_145303_1cfc3a0f/0000_robbery_20250410_145303_frame.jpg,robbery,2025-04-10 14:53:03,"Ambiente externo, aparentemente uma rua residencial com calçada e portões visíveis. As imagens foram captadas durante o dia, com boa iluminação natural.","- No início da sequência, há apenas carros estacionados na rua, sem presença visível de pessoas.
  - Um veículo SUV escuro aparece em movimento vindo da direita e reduz a velocidade, parando próximo à calçada.
  - Um indivíduo (de roupa escura) desce rapidamente do SUV e dirige-se correndo ao entorno do veículo.
  - O SUV acelera para sair do local, enquanto o indivíduo corre pela calçada.
  - Posteriormente, outro carro (prata) para e pelo menos uma pessoa entra rapidamente nele, demonstrando coordenação.
  - Ao longo das imagens, há mudanças rápidas de posição, com pessoas saindo apressadamente do local.","- Aproximação e parada rápida de um SUV em frente à propriedade/rua, com desembarque imediato de um indivíduo.
  - Movimento ágil e coordenado do indivíduo, que se dirige diretamente à frente do veículo e depois foge correndo (possível tentativa ou ação de assalto/furto, característica de abordagem relâmpago).
  - O veículo foge logo em seguida, reforçando comportamento típico de fuga após ato ilícito.
  - Presença de outro carro (prata) envolvido, onde uma pessoa se aproxima e embarca rapidamente, sugerindo ação combinada.
  - Não há sinais de hesitação comum em pedestres regulares, nem permanência casual: todas as ações são rápidas e direcionadas.
  - O contexto sugere clara atuação coordenada entre pessoas e veículos, típico de crimes patrimoniais na via pública.",Marca d’água “Smartec Protect” e exibição de data/hora.,"**Sim**, risco **alto**.  
  - Justificativa: Sequência mostra abordagem coordenada e fuga rápida, fortemente compatível com tentativa ou execução de roubo/furto a veículo ou pedestre, representando risco significativo à segurança dos envolvidos e da região.",camera_analyzer_prompt_external_street,True,True
event_20250403_115120_668de0a1,17,motion_detected/event_20250403_115120_668de0a1/0001_16312_20250307_134155_frame_20250403_115120_000048.jpg,16312,2025-03-07 13:41:55,"Ambiente interno, escritório corporativo, iluminação clara (provavelmente luz natural com apoio de luz artificial), horário diurno (manhã/tarde) conforme indicado (10:42/10:43); câmeras mostram baias e área com armários ao fundo.","Apenas uma pessoa aparece na sequência. Ela se movimenta em torno da baia, mexe em objetos no próprio ambiente de trabalho, senta-se e continua uma rotina aparentemente de escritório. Não há veículos.","A pessoa não executa movimentos bruscos, não força portas, gavetas ou armários, e não há indícios de tentativa de ocultar rosto ou retirada acelerada/disfarçada de objetos. O comportamento é consistente com tarefas habituais de escritório (organizadora, movimentação de papéis, uso de computador).","Logotipo “intelbras”, timestamp e identificação local “Escritorio” presentes em todas as imagens.","**Não**, não há qualquer movimentação ou ação visualizada que sugira risco à segurança de pessoas ou patrimônio nesta sequência.",camera_analyzer_prompt_internal_closed,False,False
event_20250408_154829_826e1905,4,motion_detected/event_20250408_154829_826e1905/0000_struggle_20250408_154829_frame.jpg,struggle,2025-04-08 15:48:29,"Ambiente externo, provavelmente à noite (pela iluminação artificial e horário na marcação: 01:45h). A câmera está voltada para uma calçada, em frente a um estabelecimento comercial (possivelmente uma casa de shows ou bar, conforme placa “Hardcore/Punk/Rockabilly”). Há movimentação típica de área urbana noturna.","Cerca de 8 pessoas claramente visíveis, a maioria adultos. Dois seguranças identificados por uniformes (“SECURITY”) participam diretamente de uma contenção física de outros indivíduos. Não há veículos próximos visíveis na cena, nem motocicletas.","- Ocorrência de confusão e contenção física: seguranças estão segurando ou separando pessoas, indicando uma briga ou tentativa de agressão.
   - Pessoas próximas observando, possivelmente envolvidas ou tentando acompanhar a situação.
   - Agitação física, potencial risco de escalada de violência.","Data/hora visíveis (""14/06/2009 1:45:07.749"", “SECURITY” nas costas dos seguranças), banner publicitário do local.","**Sim**, pois há evidências claras de conflito físico e possível escalada, com ação de seguranças para controlar a situação. Mesmo sem armas aparentes ou invasão à propriedade, a existência de briga em ambiente público representa risco à segurança pessoal dos envolvidos e de quem transita na rua.",camera_analyzer_prompt_external_street,True,True
event_20250408_154828_138fb57f,3,motion_detected/event_20250408_154828_138fb57f/0000_fall_20250408_154828_frame.jpg,fall,2025-04-08 15:48:28,"Área externa privativa (entrada/jardim frontal), filmada a partir de ambiente interno ou varanda coberta. Iluminação diurna, boa visibilidade.","Uma pessoa visível, identificada como entregador (uniforme e veículo FedEx) transportando caixas/pacotes do caminhão até a varanda da residência. Há um caminhão de entregas FedEx estacionado e um veículo particular (SUV) parado na garagem.","Nenhum comportamento suspeito observado. A pessoa está realizando uma entrega padrão de encomendas, aproxima-se da porta para deixar as caixas, não há sinais de tentativa de invasão, observação suspeita ou circulação incomum.","“ring.com” (marca d'água), data/hora.","**Não**, trata-se de atividade corriqueira de entrega de encomendas por um entregador devidamente identificado, sem indícios de intenção suspeita ou ação de risco na sequência mostrada.",camera_analyzer_prompt_internal_to_outside,True,False
event_20250402_134640_5c3ec297,11,motion_detected/event_20250402_134640_5c3ec297/0001_6888_20250219_153816_frame_20250402_134640_000031.jpg,6888,2025-02-19 15:38:16,"Ambiente interno, identificado como o interior de um elevador. A iluminação é artificial e bem distribuída, sugerindo horário indeterminado sem influência de luz solar (impossível determinar se é dia ou noite).","Uma pessoa adulta, sozinha, de camiseta clara. Está sentada ou recostada na parede do elevador e manipulando um celular durante toda a sequência.","Não há comportamento suspeito ou de risco identificado nas imagens. A pessoa aparenta estar apenas usando o celular e aguarda algo, sem interagir de forma anormal com portas, botões, objetos ou painéis do elevador.","""Camera 96"" (marca d'água), data e hora no canto superior esquerdo.","**Não**, nenhum comportamento de risco, agressivo ou suspeito foi observado. A ação é condizente com o uso comum do elevador.",camera_analyzer_prompt_internal_closed,False,False
event_20250402_141414_61adc9a9,6,motion_detected/event_20250402_141414_61adc9a9/0001_6887_20250219_153816_frame_20250402_141414_000009.jpg,6887,2025-02-19 15:38:16,"Ambiente interno, iluminado por luz natural (indício de dia), com vista para uma área de acesso restrito dentro do imóvel, provavelmente corredor interno voltado para garagem ou portão de veículos.","Não há detecção de pessoas visíveis na sequência de frames, mas há a presença de um veículo (aparentemente parado) posicionado junto ao fundo do corredor, próximo à porta ou portão de acesso externo.",Nenhum comportamento de risco aparente identificado nesta sequência; não há circulação de pessoas nem tentativa de acesso visível ao imóvel.,"Marca d'água com data/hora (""02-19-2025 Qua 12:39:22~12:39:30"") e texto ""Camera 05"" visíveis.","**Não**, nenhum comportamento suspeito ou sinal de risco nas imagens analisadas. Apenas um veículo parado, sem ação humana ativa registrada.",camera_analyzer_prompt_internal_to_outside,False,False
event_20250403_110227_40dfdb1b,13,motion_detected/event_20250403_110227_40dfdb1b/0001_6984_20250307_101724_frame_20250403_110227_000016.jpg,6984,2025-03-07 10:17:24,"Ambiente externo, dia, iluminação natural adequada. A câmera cobre uma área frontal de estacionamento/entrada, com vista para uma rua urbana, possível fachada de estabelecimento ou condomínio.","1 pessoa sentada sob guarda-sol à esquerda (possivelmente vigilante ou porteiro), utilizando celular e observando a área. Vários carros passam pela rua, em circulação normal, sem paradas bruscas ou repetição de trajeto. Nenhuma motocicleta ou movimentação de pedestres observada nesta sequência.","Nenhum comportamento suspeito observado. Os veículos atravessam a rua de forma contínua, sem redução excessiva de velocidade, sem paradas ou ocupantes olhando fixamente para o imóvel. A pessoa sentada mantém postura relaxada, sem sinais de tensão ou abordagem suspeita. Não há tentativa de manipulação de portão ou interação incomum entre pessoas.","Datas e horários visíveis no canto superior esquerdo, ""Camera 01"" no inferior direito.","**Não**, a sequência mostra apenas fluxo veicular normal e um possível vigilante/porteiro sem qualquer situação suspeita ou indicativo de risco.",camera_analyzer_prompt_external_street,False,False
event_20250408_154828_a4352938,2,motion_detected/event_20250408_154828_a4352938/0000_stand_20250408_154828_frame.jpg,stand,2025-04-08 15:48:28,"Ambiente externo, iluminação noturna (câmera com visão noturna), aparentemente uma rua urbana com calçada em frente a uma edificação ou entrada. Existe boa visibilidade da calçada e parte da rua.","Pelo menos duas pessoas visíveis – uma está em pé sobre a calçada, a outra parece sentada ou montada em uma motocicleta parada na rua, próximo à calçada/entrada. Não há veículos diretamente em frente ao portão, mas há carros estacionados do outro lado da rua.","- Motocicleta parada na rua, muito próxima à calçada, com pessoa sentada/montada (potencial piloto).
  - Outra pessoa em pé, em interação próxima com quem está na moto.
  - Este tipo de abordagem, à noite, nas proximidades de portões/entradas e com motocicleta parada, é comportamento comumente associado a risco, especialmente em áreas urbanas brasileiras.
  - O posicionamento da moto permite fuga rápida.
  - Não há sinais claros de violência ou manipulação de portão nesta sequência curta, mas a configuração sugere atenção.",TITANVORTEX (marca d'água visível),"**Sim**, risco **médio/alto** pelo contexto: abordagem noturna, motocicleta parada em frente ao imóvel, interação entre duas pessoas, característica comum em ações preparatórias ou execução de delitos (ex.: roubos, vigilância hostil). Foco extra por envolver motocicleta em situação suspeita.",camera_analyzer_prompt_external_street,False,True
event_20250408_154828_fabdce01,3,motion_detected/event_20250408_154828_fabdce01/0000_stand_20250408_154828_frame.jpg,stand,2025-04-08 15:48:28,"Ambiente interno, possivelmente um quarto de hospital ou clínica, iluminação artificial moderada (parece noite ou local sem luz natural), cômodo do tipo quarto com cama e mesa lateral.","Três pessoas visíveis (duas em pé, uma aparentemente deitada em uma cama hospitalar); sem veículos. As duas pessoas em pé parecem interagir com a pessoa acamada, não há sinais claros de agressão nas imagens disponibilizadas, mas há gesticulação próxima à cama e ao paciente.","Não há indícios claros de risco imediato visíveis nessas imagens específicas: não se observa agressão física, movimentação agressiva ou ações destrutivas diretamente. No entanto, trata-se de um ambiente sensível (acomodação de pessoa acamada), o que demanda atenção a gestos e abordagem das pessoas em pé.",Nenhum,"**Não**, com base nas imagens apresentadas não há ações físicas agressivas, destrutivas ou fora de contexto profissional. Recomenda-se cautela, devido ao ambiente sensível (pessoa acamada vulnerável), mas não há risco claro nestes frames.",camera_analyzer_prompt_internal_closed,False,False
event_20250403_110306_2a4c2741,12,motion_detected/event_20250403_110306_2a4c2741/0001_6984_20250307_101724_frame_20250403_110306_000054.jpg,6984,2025-03-07 10:17:24,"Área externa, possivelmente estacionamento de imóvel comercial ou residencial, com visão para rua e calçada. A iluminação é diurna (clara), sugerindo que as imagens foram captadas de manhã ou tarde. O ambiente está bem iluminado, favorecendo a visibilidade.","- Diversos veículos passam pela rua: carros e um caminhão de pequeno porte (tipo utilitário).
  - Ao fundo, em alguns frames (principalmente a partir do frame 8), aparece pelo menos uma pessoa caminhando pela calçada, atravessando a rua.
  - Não há aglomeração nem ações incomuns próximas à entrada.
  - No estacionamento, parece haver uma pessoa sentada ou agachada sob um guarda-sol (possivelmente um funcionário de portaria).","- Nenhum veículo ou pessoa demonstrou comportamento suspeito ou de risco nas imagens analisadas: 
    - Não há motos nem indicação de veículos circulando lentamente, parando, ou com ocupantes observando o imóvel.
    - Não há pessoas manuseando portões, hesitando junto à entrada, olhando repetidamente para o imóvel ou arredores.
    - Os veículos observados seguem fluxo normal de trânsito na via.
    - As pessoas que aparecem caminham de maneira natural, sem sinais de hesitação ou observação do imóvel.
    - Não há sinais de coordenação entre indivíduos, uso incomum de vestimenta (como capuz ou máscara), ou outros comportamentos que elevem o nível de risco.",Nenhum,"**Não**, nenhum comportamento suspeito ou indício de risco foi identificado na sequência. Apenas trânsito normal de veículos e movimentação peatonal típica de ambiente urbano.",camera_analyzer_prompt_external_street,False,False
event_20250410_145302_fd512be8,11,motion_detected/event_20250410_145302_fd512be8/0000_robbery_20250410_145302_frame.jpg,robbery,2025-04-10 14:53:02,"- Ambiente externo.
  - Dia, iluminação solar forte.
  - Rua residencial, calçada e portão de imóvel visíveis.","- Inicialmente dois indivíduos em uma moto (ambos de capacete), abordam duas outras pessoas na calçada em frente a um imóvel.
  - Os ocupantes da moto descem e abordam de forma agressiva as pessoas, aparentemente armados.
  - Uma das vítimas cai no chão; há subtração do veículo (moto vermelha) da vítima.
  - Indivíduo de jaqueta amarela monta na moto roubada e foge rapidamente, acompanhado pelo comparsa na outra moto.","- Abordagem em plena luz do dia com uso de motos, dois ocupantes, ambos de capacete (para ocultar rosto).
  - Agressão física clara e ameaça à vítima.
  - Subtração violenta de bem (roubo de motocicleta).
  - Ação coordenada entre dois indivíduos.
  - Fuga em alta velocidade imediatamente após o crime.
  - Uma vítima permanece caída no chão após a ação.",- Marca d'água de data e hora no canto superior esquerdo.,"**Sim**, **Risco Alto** – abordagem coordenada, uso de motocicleta, agressão física e subtração de bem em plena luz do dia; há ameaça direta, violência e fuga típica de ação criminosa. Recomenda-se acionamento imediato das autoridades e medidas preventivas na área.",camera_analyzer_prompt_external_street,True,True
event_20250410_145304_8ec3e678,25,motion_detected/event_20250410_145304_8ec3e678/0000_break-in_20250410_145304_frame.jpg,break-in,2025-04-10 14:53:04,"Ambiente interno, iluminação noturna com auxílio de infravermelho (imagem em preto e branco, forte contraste), provavelmente um corredor ou sala de depósito devido à presença de prateleiras/metais e caixas empilhadas.","Aproximadamente 2 a 3 pessoas aparecem nas imagens em diferentes momentos. Em pelo menos dois frames, indivíduos estão usando capuz e um deles exibe o rosto rapidamente antes de cobrir novamente.","- Movimentação rápida e suspeita na área, com indivíduos circulando e alternando posições em frente à câmera.
  - Pessoas encapuzadas, uma das quais exibe claramente um objeto pontiagudo (aparentemente uma faca ou semelhante) de forma ostensiva em diversos momentos.
  - Tentativa de ocultar o rosto ao notar a câmera, comportamento clássico para evitar identificação.
  - Horário noturno, fora do expediente típico, reforçando o contexto de risco.","Data e horário visíveis no canto superior direito das imagens (""11/07/2018 00:44:xx"").","**Sim**, risco **alto** — Justifica-se pela presença dos indivíduos encapuzados, porte de arma branca e condutas típicas de tentativa de arrombamento/violação, com movimentação furtiva e tentativa de ocultação do rosto, tudo registrado em horário fora do expediente.",camera_analyzer_prompt_internal_closed,True,True
event_20250402_150847_2875d9f1,6,motion_detected/event_20250402_150847_2875d9f1/0001_40428_20250221_185342_frame_20250402_150847_000004.jpg,40428,2025-02-21 18:53:42,"Ambiente externo, durante o dia com boa iluminação natural. Imagens mostram uma rua residencial com calçada, portão de entrada de imóvel e carros estacionados. A câmera está voltada para a entrada de um prédio e para a via pública em frente.","- Não há pessoas claramente visíveis nas imagens analisadas. 
  - Pelo menos três carros estacionados na via, um deles (vermelho) em evidência, estacionado próximo ao portão de entrada ao longo de toda a sequência.
  - Não há motocicletas, bicicletas ou caminhões presentes.
  - Não há carros parados em atitude suspeita; nenhum veículo aparece em movimento lento ou repetido.","- Não há tentativas aparentes de forçar entradas, manipular portão/fechaduras ou abordagens suspeitas.
  - Não há sinal de permanência prolongada de pessoas à frente do imóvel.
  - Nenhuma circulação hesitante ou observação incomum do local.
  - Nenhuma ação coordenada ou uso de roupas/acessórios ocultando rosto em situação incomum.
  - O veículo vermelho permanece estacionado, sem interação suspeita.",Nenhum,"**Não**, nenhum comportamento de risco evidente ou sinal de ameaça detectado nas imagens. Os veículos e o ambiente estão estáticos, sem movimentação atípica ou suspeita.",camera_analyzer_prompt_external_street,False,False
event_20250402_150644_65cf02b1,9,motion_detected/event_20250402_150644_65cf02b1/0001_40426_20250221_185342_frame_20250402_150640_000009.jpg,40426,2025-02-21 18:53:42,"Ambiente interno ou semiaberto, com vista para área externa privada (acesso lateral protegido por portão e vegetação). Iluminação diurna, condições de visibilidade boa. A área monitorada parece ser um corredor de acesso entre a rua e um imóvel/residência, delimitado por portão de grade e vegetação ao lado.","Inicialmente, há uma pessoa (adulto) com mochila, aparentemente utilizando um interfone ou mecanismo de acesso para abrir o portão lateral e entrar. Após a entrada desse indivíduo, não há mais presença de pessoas nos frames seguintes. Nos momentos finais (últimos dois frames), a câmera mostra a rua, onde são detectados um carro estacionado próximo ao portão e, em seguida, uma motocicleta em movimento, sem interação direta com a propriedade.","A presença de uma pessoa abrindo o portão pode ser considerada normal se houver autorização ou identificação, típica de morador, visitante esperado ou prestador de serviço. Não há indícios visíveis de tentativa forçada de acesso, vandalismo, observação suspeita em volta do imóvel, ou interação duvidosa com portões/janelas. Não se observa tentativa de acesso não autorizada nem movimentação incomum no entorno imediato do portão após a entrada.","""Camera 05"", data e hora visíveis, sem marcas d’água adicionais.","**Não**, pois o único indivíduo detectado apresenta comportamento condizente com acesso autorizado (utilização do mecanismo do portão), e não há qualquer outro indício visual de risco ou ameaça à segurança no restante da sequência.",camera_analyzer_prompt_internal_to_outside,False,False
event_20250402_153052_8400b28d,11,motion_detected/event_20250402_153052_8400b28d/0001_10785_20250228_101013_frame_20250402_153052_000063.jpg,10785,2025-02-28 10:10:13,"Ambiente externo, aparentemente uma entrada de imóvel ou passagem lateral, com cercas de metal ou gradil em ambos os lados. É dia, como pode ser observado pela claridade, embora algumas imagens apresentem distorção e baixa qualidade. A iluminação natural parece suficiente.",Nenhuma pessoa ou veículo visível em nenhum dos frames analisados. Não há detecção de movimentação humana ou veicular de interesse.,"Não foram observados comportamentos suspeitos ou situações que indiquem risco potencial, como presença próxima de pessoas, tentativas de acesso, circulação de motos ou carros em baixa velocidade, ou qualquer ação anômala.",Marcação “Camera 16” presente. Diversos frames apresentam a tela “NO VIDEO”.,"**Não**, nenhum risco objetivo foi identificado. Apesar das falhas intermitentes no sinal e da qualidade prejudicada em alguns frames, não há evidências visuais de atividades suspeitas ou risco iminente segundo as imagens fornecidas.",camera_analyzer_prompt_external_street,False,False
event_20250402_154239_6901bc0d,7,motion_detected/event_20250402_154239_6901bc0d/0001_10782_20250228_101013_frame_20250402_154239_000133.jpg,10782,2025-02-28 10:10:13,"Ambiente externo, durante o dia, com boa iluminação natural. A cena mostra uma rua asfaltada em área urbana, provavelmente residencial, com calçada e entrada/vaga frontal ao imóvel monitorado.","Aproximadamente 1 motocicleta ocupada por duas pessoas aparece rapidamente passando na rua (apenas no primeiro frame), em seguida não há presença de pessoas, nem motos paradas ou veículos próximos ao imóvel.","A motocicleta com dois ocupantes passa pela rua em velocidade aparentemente normal, sem redução perceptível, parada, ou movimento suspeito em direção ao imóvel; os demais frames não apresentam pessoas ou veículos circulando de maneira atípica ou parados observando a área.","""Camera 13"" visível, sem outras marcas d'água ou textos relevantes.","**Não**. Não há sinais objetivos de vigilância, hesitação, redução de velocidade, permanência ou ações que indiquem ameaça à segurança. A passagem da motocicleta foi breve e comum para o contexto observado.",camera_analyzer_prompt_external_street,False,False
event_20250408_154827_489da73b,3,motion_detected/event_20250408_154827_489da73b/0000_sit_20250408_154827_frame.jpg,sit,2025-04-08 15:48:27,"Ambiente interno, possivelmente uma recepção ou escritório, com vista parcial para a área externa por portas de vidro. Iluminação diurna, ambiente bem iluminado. A área visível através das portas parece ser uma entrada externa ou sala de espera.","Duas pessoas visíveis—um adulto em pé próximo à porta de vidro e uma criança, que está inicialmente em pé e depois se senta em uma cadeira. Não há veículos na cena.","Nenhum comportamento suspeito ou de risco evidente nas imagens. As pessoas não demonstram tentativas de invadir, abrir portas externas ou acessar áreas restritas. Não há abordagem de portões ou muros, nem movimento incomum.","""BROWARD SHERIFF'S OFFICE"" visível nas imagens.","**Não**, pessoas aparentam estar aguardando ou interagindo normalmente em ambiente interno, sem qualquer sinal de risco à segurança.",camera_analyzer_prompt_internal_to_outside,True,False
event_20250408_154827_df4d752d,5,motion_detected/event_20250408_154827_df4d752d/0000_walk_20250408_154827_frame.jpg,walk,2025-04-08 15:48:27,"Ambiente interno coberto (provavelmente uma varanda ou área gourmet) com vista para uma área externa privada (quintal ou fundos da residência). Iluminação natural, indicando que é dia. A área possui cadeiras plásticas, mesa coberta e alguns objetos dispersos.","Presença de 1 pessoa circulando pela área, próximo à mesa central e cadeiras. Não há veículos visíveis.","- A pessoa está em uma área geralmente reservada e privada (fundos/quintal da casa), movimentando-se em torno de objetos e móveis.
  - Não há indícios claros de arrombamento, mas o comportamento de andar pela área e manipular objetos pode indicar exploração ou busca por algo.
  - Não há abordagem direta a portas, portões ou tentativas visíveis de acesso para dentro do imóvel nestes frames, mas a circulação por si só, em local potencialmente restrito, já configura alerta.","""camera2"" visível no canto superior esquerdo de todas as imagens.","**Sim**, pois há presença de pessoa em local privado, fora dos padrões de circulação comum (exemplo: horário ou local normalmente restrito), o que justifica atenção e sinalização de risco de segurança.",camera_analyzer_prompt_internal_to_outside,True,True
event_20250403_110122_9008d0c2,6,motion_detected/event_20250403_110122_9008d0c2/0001_6987_20250307_101724_frame_20250403_110122_000108.jpg,6987,2025-03-07 10:17:24,"Ambiente interno, iluminado (aparenta ser de dia devido à luminosidade natural próxima à janela). O local se assemelha a um escritório ou sala de atendimento/recepção, com mesa de trabalho, computadores e cadeiras.","Aproximadamente 2 pessoas presentes, ambas sentadas — uma atrás da mesa (provavelmente funcionária/usuária do computador), outra na frente da mesa (visitante ou cliente). Não há veículos visíveis.","Não há sinais claros de comportamento de risco: nenhuma tentativa de abrir gavetas, retirar objetos de forma acelerada ou disfarçada, movimentação brusca, ações agressivas, nem tentativa de cobrir o rosto frente à câmera. Ambos parecem sentados, conversando tranquilamente, um deles trabalhando no computador.","""Camera: 04"", data/hora visíveis no canto superior esquerdo.","**Não**, nenhum sinal aparente de comportamento suspeito ou ação de risco para pessoas ou patrimônio.",camera_analyzer_prompt_internal_closed,False,False
event_20250403_101317_ac64b50b,14,motion_detected/event_20250403_101317_ac64b50b/0001_17201_20250307_002851_frame_20250403_101317_000129.jpg,17201,2025-03-07 00:28:51,"Ambiente externo, registrado à noite conforme indicado pela baixa iluminação natural e horário no canto superior direito das imagens (21:18h). A iluminação artificial (provavelmente de refletores ou postes) deixa parte da rua e entrada do imóvel visíveis. O local parece ser uma rua residencial, com gradeamento e cerca de proteção em frente ao imóvel, além de calçada e pequeno recuo.","Não há pessoas visíveis. Um veículo (automóvel) circula da direita para a esquerda do campo de visão. Ele é visto inicialmente ainda distante e passa em linha reta pela frente do imóvel, permanecendo alguns segundos em quadro enquanto segue seu trajeto.","O veículo aparece circulando normalmente pela rua, sem sinais visuais objetivos de parada, redução brusca de velocidade, permanência prolongada, manobras de retorno, aproximação da entrada do imóvel, ocupantes observando a residência, ou qualquer comportamento de risco imediato. Não há circulação de motocicletas ou pessoas nas imagens analisadas.","""Frente, L, E"" (marca d'água da câmera), data e horário visíveis.","**Não**, o veículo apenas transita pela rua sem sinais comportamentais de risco ou suspeição - não há motos, nem permanência, nem interação de ocupantes ou aproximação do imóvel.",camera_analyzer_prompt_external_street,False,False
event_20250403_111720_8438ede2,13,motion_detected/event_20250403_111720_8438ede2/0001_6990_20250307_101724_frame_20250403_111720_000111.jpg,6990,2025-03-07 10:17:24,"Ambiente interno bem iluminado, provavelmente durante o dia (luminosidade alta e luz branca artificial). O espaço se assemelha a uma sala de recepção ou escritório, com móveis, plantas decorativas e balcão de atendimento.",Aproximadamente 1 pessoa presente nas imagens. Não há veículos.,"O indivíduo é visto próximo ao balcão, aparentemente mexendo ou manipulando objetos persistentemente na bancada/área de atendimento. Não há movimentação acelerada ou ações explícitas de destruição, mas o manuseio pode ser questionável ou fora do padrão esperado para uma recepção (aparente busca entre objetos, possível tentativa de retirada/disfarce, ou busca não autorizada).","Texto da câmera visível no canto superior esquerdo (""03-07-2025...""), ""Camera 87"" no canto inferior direito.","**Sim**, pois há manipulação recorrente de objetos em área de atendimento/recepção sem contexto claro, podendo sinalizar busca, tentativa de extrair itens ou algum outro comportamento suspeito.",camera_analyzer_prompt_internal_closed,False,True
event_20250408_154828_0ef99938,9,motion_detected/event_20250408_154828_0ef99938/0000_stand_20250408_154828_frame.jpg,stand,2025-04-08 15:48:28,"Ambiente interno (possivelmente loja ou conveniência), à noite (horário indicado é 21:11, iluminação artificial forte), área visualizada é parte interna da loja voltada para entrada/saída (porta de vidro). Não há área externa privada visualizada diretamente nas imagens.","Presença de uma pessoa próxima à porta de entrada/saída da loja. A pessoa está se movimentando junto à porta, aparentemente tentando interagir com ela. Não há outros indivíduos ou veículos visíveis nas imagens.","A pessoa aparentemente tenta abrir a porta de entrada/saída, possibilitando intenção de deixar o local ou, dependendo do contexto (ex.: loja fechada ou área restrita), tentativa de saída não autorizada. Não há interação visível com outros objetos exceto a porta.",Estampado “CAM 3” e data/hora constantes no topo das imagens.,"**Não**. Justificativa: O comportamento observado (acionar ou tentar abrir a porta principal) pode ser interpretado como saída comum de cliente/funcionário, sem sinais evidentes de ação suspeita ou forçada. Contexto da imagem sugere ambiente comercial em funcionamento, e não há ação agressiva, arrombamento ou presença em área privada restrita. Caso o estabelecimento estivesse fora do horário de funcionamento, reclassificar como risco médio.",camera_analyzer_prompt_internal_to_outside,False,False
event_20250402_135631_93a32206,11,motion_detected/event_20250402_135631_93a32206/0001_6895_20250219_153816_frame_20250402_135623_000080.jpg,6895,2025-02-19 15:38:16,"Ambiente interno, provavelmente garagem coberta ou área de estacionamento privativa, com vista para o portão de acesso veicular. Iluminação diurna, recebendo luz de fora por meio do portão aberto. A área observada é de circulação restrita, típica de veículos entrando ou saindo da propriedade.","Nas duas primeiras imagens da sequência, há um carro (SUV prata) em movimento na área interna, indo em direção ao portão. Não há pessoas visíveis a pé. O veículo inicia seu deslocamento na área interna e progride para a saída, desaparecendo completamente após alguns segundos.","- Não há presença de pessoas a pé em áreas restritas.
  - O carro está apenas realizando o movimento normal de saída, não há sinais de invasão, tentativas de acesso forçado, ou pessoas observando, abrindo, ou tentando manipular portas/portões.
  - Nenhuma atitude suspeita ou fora do padrão esperado para o local.","Marcação do tempo e da câmera (""02-19-2025 Qua 12:41:41"", ""Camera 13"") visível. Marca d'água padrão do sistema de monitoramento.","**Não**, pois o único evento identificado é a saída regular de um veículo da área interna para a externa, sem comportamentos, interações ou circulação suspeita de pessoas.",camera_analyzer_prompt_internal_to_outside,False,False
event_20250403_115050_7683df45,19,motion_detected/event_20250403_115050_7683df45/0001_16312_20250307_134155_frame_20250403_115049_000017.jpg,16312,2025-03-07 13:41:55,"Ambiente interno bem iluminado (provavelmente durante o dia) com iluminação natural e artificial evidente. O espaço é um escritório administrativo (""Escritorio"", conforme label), com divisórias, mesas, computadores e armários ao fundo. Não há visão externa.","Presença de uma pessoa circulando em todo o ambiente e um ou mais ocupantes sentados/funcionando nas mesas (comportamento típico de trabalho). Em vários frames observa-se a mesma pessoa caminhando, se aproximando de caixas ou objetos no chão, se agachando, levantando, movimentando-se entre áreas.","- Nenhum comportamento explícito de forçar portas, gavetas ou armários.
  - Não há sinais de movimentação acelerada/atípica, retirada ou ocultação de objetos de forma suspeita.
  - A movimentação da pessoa é natural e compatível com trabalho de escritório: caminha, interage com objetos nas caixas do canto, retorna à mesa.
  - Não há tentativas de cobrir ou esconder o rosto ao passar próximo à câmera, nem gestos destrutivos/agressivos.","""Intelbras"", ""Escritorio"", data e hora na parte superior (marca d'água de sistema de CFTV).","**Não**, todos os comportamentos observados são compatíveis com rotina de escritório; não há sinais visuais de risco para pessoas ou patrimônio.",camera_analyzer_prompt_internal_closed,False,False
event_20250403_092133_a41a7e4e,15,motion_detected/event_20250403_092133_a41a7e4e/0001_55406_20250302_230353_frame_20250403_092127_000111.jpg,55406,2025-03-02 23:03:53,"Ambiente interno (possivelmente hall ou entrada) com vista para área externa privada (portão da frente) e rua ao fundo. As imagens mostram uma calçada, portão e parte da área interna da propriedade. O registro foi feito à noite, com iluminação pública e artificial suficiente para boa visualização. A área observada parece ser a frente da residência, voltada para rua residencial movimentada.","Vários veículos estacionados e em movimento na rua. Trânsito noturno normal. Em diferentes momentos, há presença de 1 a 3 pessoas transitando pela calçada, inclusive passando em frente ao portão da propriedade. Algumas dessas pessoas caminham sozinhas, outras em dupla ou trio. Não há aproximação direta ao portão ou tentativa de invasão observada; todos seguem caminhando, aparentemente utilizando a calçada de maneira comum.","Não há comportamento visual suspeito registrado: ninguém para, observa insistentemente ou tenta acessar a propriedade; não há tentativas de abertura do portão, nem movimentação incomum dentro dos limites privados captados pela câmera. O fluxo de pessoas se restringe ao lado externo da propriedade, na via pública.","Data e hora no canto superior esquerdo (""03-02-2025 Mon  23:06:55""...) e identificação da câmera (""Camera 01"") no canto inferior direito.","**Não**. Trânsito de pessoas e veículos compatível com uso rotineiro da via pública, sem indícios de risco à segurança ou comportamento atípico do lado privado da propriedade.",camera_analyzer_prompt_internal_to_outside,False,False
event_20250403_092148_f7aec939,20,motion_detected/event_20250403_092148_f7aec939/0001_55406_20250302_230353_frame_20250403_092148_000132.jpg,55406,2025-03-02 23:03:53,"Ambiente interno com vista para área externa privada (possivelmente entrada ou garagem, com portão de grade). Noturno, com iluminação pública adequada na rua e claridade interna suficiente para a câmera registrar detalhes externos. A área visualizada corresponde à calçada/muro em frente ao portão da propriedade e à rua ao fundo.","Inicialmente, há duas pessoas presentes: uma andando pela calçada e outra em uma bicicleta, ambas próximas ao portão da propriedade. As duas transitam paralelamente ao portão, sem indicativos claros de interação direta com a propriedade. Nos quadros seguintes, ambas se afastam; após a passagem dos dois, não há outras pessoas visíveis na área monitorada. Há vários veículos passando pela rua, incluindo um carro azul estacionado no outro lado.","- Não houve aproximação ao portão além da circulação normal pela calçada.
   - Não há evidência de tentativa de abrir, observar ou manipular o portão.
   - As pessoas em questão apenas transitam pela área pública, sem movimentos suspeitos em direção à propriedade ou seus acessos.
   - Não foi observado ninguém tentando atravessar o portão, abrir portas ou agir de forma a indicar intenção de invasão ou observação do interior do imóvel.","Data e hora na parte superior esquerda (""03-02-2025 Mon  23:06:37"" em diante) e identificação da câmera (""Camera 01"").","**Não**, nenhum comportamento suspeito ou indicativo de risco à segurança foi observado nas imagens. O movimento registrado é compatível com circulação comum na via pública, sem interação direta com a área interna privada.",camera_analyzer_prompt_internal_to_outside,False,False
event_20250410_145303_bf28867c,25,motion_detected/event_20250410_145303_bf28867c/0000_robbery_20250410_145303_frame.jpg,robbery,2025-04-10 14:53:03,"Ambiente externo localizado em uma área de estacionamento frontal de um imóvel, provavelmente comercial/institucional, com diversas motos e um caminhão de transporte de valores identificado (""Preserve""). A cena ocorre durante o dia, sob boa iluminação natural.","Há múltiplas pessoas visíveis, incluindo seguranças próximos ao caminhão, além de indivíduos que aparecem correndo e se abrigando ao longo da sequência. Vários veículos estão estacionados, com destaque para a movimentação de carros e motos. O caminhão de valores está com sua porta aberta e, em determinado momento, as pessoas próximas ao veículo reagem de forma abrupta, deitando-se ou se protegendo atrás de objetos. Em seguida, pessoas correm pela lateral do imóvel/parede, sugerindo fuga ou busca de cobertura.","- Pessoas deitando-se ou se protegendo bruscamente, indicando reação a uma ameaça imediata (possivelmente assalto ou confronto armado).
    - Movimento descoordenado de fuga entre vários indivíduos.
    - O caminhão de valores está sendo carregado ou descarregado, contexto clássico de risco elevado para tentativas de assalto.
    - Não foram observadas motos em circulação lenta, mas o contexto indica risco altíssimo diretamente relacionado à movimentação do caminhão e à reação das pessoas.
    - A presença de várias pessoas aparentemente armadas fugindo ou se abrigando reforça o cenário de situação emergencial crítica.",Imagens possuem marca d'água de data/hora no topo e logotipo de uma emissora (canto superior direito).,"**Sim** – Situação de risco elevado claramente caracterizada por reação emergencial das pessoas (fuga/proteção repentina), presença de caminhão de valores e contexto típico de tentativa de assalto, possivelmente com confronto armado.",camera_analyzer_prompt_external_street,True,True
event_20250408_154826_f4c9cc24,3,motion_detected/event_20250408_154826_f4c9cc24/0000_kick_20250408_154826_frame.jpg,kick,2025-04-08 15:48:26,"Ambiente externo, provavelmente área urbana, durante a noite (com iluminação artificial suficiente para capturar a cena). A localização aparenta ser uma calçada ampla ou praça em frente a edificações.","- Aproximadamente 5 pessoas visíveis em todos os quadros. 
  - Duas pessoas estão deitadas/caídas no chão, uma delas sendo observada/interagida por outras duas pessoas que aparentam comportamento agressivo, especialmente o indivíduo de jaqueta amarela.
  - Não há veículos visíveis.","- Claros indícios de agressão física ou confronto: duas pessoas no chão, outras duas em pé com postura que sugere ataque (um parece chutar ou golpear a pessoa caída).
  - Ausência de gesto de auxílio imediato; possível tentativa de lesão ou subjugação de indivíduos no solo.
  - Presença de pessoas ao redor que podem estar envolvidas ou apenas observando, mas não intervindo.","""CCTVX"" e identificação de local (""WARRIOR PLACE""), data/hora superpostas na imagem.","**Sim**, situação de risco alto devido à evidência visual de agressão física e potencial violência. Indivíduos no chão podem estar sendo feridos, o que representa risco imediato à integridade física.",camera_analyzer_prompt_external_street,True,True
event_20250403_091558_f5332a23,14,motion_detected/event_20250403_091558_f5332a23/0001_55408_20250302_230353_frame_20250403_091558_000102.jpg,55408,2025-03-02 23:03:53,"Ambiente interno com vista para uma área externa privada (provavelmente entrada de garagem ou varanda coberta), cercada por portão metálico. As imagens são noturnas, com iluminação da rua funcionando normalmente. O local monitorado é um acesso lateral ou frontal, contíguo à calçada pública.","Não há pessoas visíveis nas imagens. Apenas veículos circulando na rua, fora do portão da propriedade.",Não há presença nem movimentação de pessoas na área privada monitorada. Nenhum veículo se aproxima do portão ou realiza qualquer manobra suspeita. Os veículos apenas trafegam normalmente pela rua.,"Presença de informações de data, hora e identificação da câmera (""Camera 03"") no canto das imagens.","**Não**, nenhum risco aparente. Não foi observada presença ou aproximação de pessoas, nem ações suspeitas relacionadas à segurança da área monitorada.",camera_analyzer_prompt_internal_to_outside,False,False
event_20250408_154828_da5febad,4,motion_detected/event_20250408_154828_da5febad/0000_run_20250408_154828_frame.jpg,run,2025-04-08 15:48:28,"Ambiente semiaberto (possível varanda coberta) com vista para área externa privada (provavelmente quintal ou garagem descobertos). Iluminação artificial acesa, período noturno. Área visualizada contém piso pavimentado e um carro estacionado.","Um carro azul visível durante toda a sequência. Inicialmente, aparecem duas pessoas caminhando próximas à entrada; a seguir, uma terceira pessoa surge, totalizando três, sendo que uma se dirige em direção ao portão/saída externa, e as outras permanecem próximas à área coberta por alguns segundos antes de também se afastarem.","Presença e circulação de pessoas em área relativamente privativa no período noturno. Pela análise das imagens, não há sinais de tentativa de invasão, forçamento de portas/portões, nem comportamento nitidamente suspeito (como escondendo-se ou portando objetos suspeitos). Porém, o deslocamento das pessoas em direção à saída/portão pode ser relevante, dependendo do contexto de acesso e costume do local.",Marca d'água “VIKATAN TV” no canto inferior direito; “CAM 2” no lado inferior esquerdo; data/hora no topo.,"**Não**, pois as pessoas circulam de maneira aparentemente natural e não apresentam comportamentos objetivos de risco; mantêm-se em áreas de circulação possível para moradores ou autorizados. Caso a presença dessas pessoas fosse incomum para o horário/local, reclassificar para “Sim” (risco baixo ou médio) poderia ser considerado.",camera_analyzer_prompt_internal_to_outside,True,False
event_20250410_145303_c7079205,9,motion_detected/event_20250410_145303_c7079205/0000_robbery_20250410_145303_frame.jpg,robbery,2025-04-10 14:53:03,"Ambiente interno, iluminação noturna com luz artificial (imagens em preto e branco, provavelmente infravermelho). O local aparenta ser a sala de uma residência, com mesa de jantar, cadeiras, tapete e sofás visíveis. Portas e escadas ao fundo indicam área de circulação interna de uma casa.","Aproximadamente 3 pessoas no ambiente, sendo ao menos 2 com capuz (cobrindo o rosto). Uma pessoa idosa (aparentemente vítima) sentada à mesa, enquanto as demais apresentam comportamento agressivo. Não há veículos.","- Ação coordenada dos suspeitos, ambos com capuz, dificultando identificação facial.
  - Abordagem agressiva: um dos suspeitos segura e aparentemente ameaça ou agride a pessoa sentada.
  - Movimentação rápida de um dos indivíduos, sugerindo pressa ou fuga.
  - Posicionamento dos suspeitos junto a mochilas, possivelmente para guardar objetos subtraídos.
  - A todo momento, os rostos dos suspeitos permanecem parcialmente cobertos, o que denota intento deliberado de ocultação.","""#JornalDaRecord"", data e horário (17/11/2020 04:14:56 a 04:15:12).","**Sim**, risco **alto**. Justificativa: evidências claras de coação/agressão à vítima, ocultação de identidade dos agressores, possível subtração de bens e ação organizada – indícios típicos de situação de roubo ou assalto em ambiente residencial.",camera_analyzer_prompt_internal_closed,True,True
event_20250403_113741_80c81944,146,motion_detected/event_20250403_113741_80c81944/0001_7645_20250307_134155_frame_20250403_113736_000011.jpg,7645,2025-03-07 13:41:55,"Ambiente externo, aparentemente um corredor ou área lateral de acesso ao imóvel, com visão do portão de entrada (indicada pela legenda ""Portao entrada""). As imagens são durante o dia, com iluminação natural intensa e sol forte. O cenário é de uma propriedade cercada, com portão fechado, paredão lateral, piso cimentado e vegetação.",Não há pessoas ou veículos visíveis em nenhuma das imagens da sequência apresentada.,"Não há qualquer comportamento suspeito, atuação de pessoas, veículos, tentativas de forçar entrada, presença prolongada ou sinais visuais associados a risco. Tudo permanece inalterado durante toda a sequência.","""intelbras"", ""Portao entrada"", data e hora visíveis como marca d'água.","**Não**, nenhum indício, ação ou presença sugestiva de risco à segurança no período analisado.",camera_analyzer_prompt_external_street,False,False
event_20250410_145302_1206a091,22,motion_detected/event_20250410_145302_1206a091/0000_robbery_20250410_145302_frame.jpg,robbery,2025-04-10 14:53:02,"Ambiente interno, possivelmente uma clínica odontológica (consultório odontológico pequeno, com cadeira específica, equipamentos odontológicos visíveis). Iluminação boa, aparentemente durante o dia (confirmação pelo timestamp “10:28:32”). Local fechado, sem acesso visual ao exterior.","Aproximadamente 5 pessoas aparecem na sequência: um paciente deitado na cadeira odontológica, dois profissionais de jaleco/touca, e pelo menos dois indivíduos adicionais (sem jaleco, um deles com trajes esportivos/pretos e mochila). Não há veículos.","- Dois indivíduos (sem jaleco) estão em posição suspeita, observando ativamente a área e interagindo com os objetos e pessoas de maneira rápida e potencialmente agressiva. 
  - Os profissionais e o paciente apresentam posturas corporais de rendição/medo (mãos ao alto, recuo).
  - Uma movimentação intensa ocorre com os mesmos dois indivíduos aparentemente forçando a permanência das pessoas próximas da parede e após isso revistando objetos/pessoas (movimentação de subtração).
  - O paciente tenta se levantar ou se defender rapidamente em determinado momento, mas logo retorna à condição de submissão.
  - Sinais claros de coação e ameaça, típico de situação de assalto/roubo em andamento.","""#sbtnews"", timestamp (""11/11/2021 10:28:32"" a ""10:28:53""), ""Ceilândia, DF"".","**Sim**, risco **alto** — Situação clara de assalto ou roubo, com ameaça direta às pessoas presentes, movimentação suspeita dos indivíduos e coação das vítimas, incluindo possível subtração de bens.",camera_analyzer_prompt_internal_closed,True,True
event_20250408_154826_2c927806,4,motion_detected/event_20250408_154826_2c927806/0000_kick_20250408_154826_frame.jpg,kick,2025-04-08 15:48:26,"Ambiente externo, período noturno (iluminação artificial evidente e ausência de luz natural). A cena acontece em uma rua urbana, em frente à fachada de um imóvel com degraus, possivelmente uma entrada principal. Imagem típica de sistema de videomonitoramento (CCTV), com marca d'água, data e horário visíveis.","Aproximadamente 4 a 6 pessoas em frente ao imóvel durante a sequência. Não há motos visíveis, apenas o que parece ser um veículo estacionado na parte inferior esquerda da cena. Pelo menos uma pessoa se encontra junto à porta de entrada do imóvel, aparentemente tentando interagir com ela, enquanto outras pessoas permanecem próximas, algumas paradas, outras se movimentando ou observando.","Uma ou mais pessoas posicionadas próximas à porta parecem realizar movimentos repetidos junto à entrada, podendo indicar tentativa de manipulação ou forçamento (há, inclusive, postura inclinada e foco no acesso). Outras pessoas permanecem paradas e observando, sugerindo possível atuação coordenada ou de vigilância enquanto uma das pessoas está na porta. A cena ocorre em um horário noturno, aumentando o risco ao contexto de segurança. Não há indicação clara de uso de disfarce, mas o agrupamento e o foco na porta exigem atenção.","Imagem com marca d'água de CCTV, data “14-2-98”, horário e possíveis identificadores do sistema (“A”).","**Sim**, justificada por comportamento potencialmente suspeito de tentativa de manipulação da entrada do imóvel em ambiente noturno, presença de grupo parado observando (potencial vigilância/cúmplices), fatores clássicos associados a risco de furto/arrombamento mesmo que ainda não seja possível caracterizar invasão consumada.",camera_analyzer_prompt_external_street,True,True
event_20250410_145304_6ba77bed,1,motion_detected/event_20250410_145304_6ba77bed/0000_break-in_20250410_145304_frame.jpg,break-in,2025-04-10 14:53:04,"Ambiente interno, bem iluminado (luz natural forte); parece ser uma recepção ou sala de atendimento, possivelmente em clínica, consultório ou laboratório.","Três pessoas visíveis, duas próximas ao balcão (prováveis funcionários ou clientes) e uma pessoa próxima à porta principal, segurando um objeto grande (possível bolsa ou mochila).","Uma pessoa se dirige rapidamente à porta principal com objeto em mãos, enquanto as outras duas concentram atenção na movimentação. A atitude pode sugerir tentativa de retirada rápida de objeto do local ou possível fuga. O indivíduo próximo à porta parece agir isoladamente, e há alerta visível nas expressões das pessoas ao fundo, sugerindo tensão ou surpresa.","#PRIMEIROJORNAL, data e hora (18/02/2021 15:36:59), marca d’água visível.","**Sim**, comportamento de retirada rápida de objeto e movimentação suspeita em direção à saída indicam potencial risco ao patrimônio ou possível furto.",camera_analyzer_prompt_internal_closed,True,True
event_20250402_134602_e110db14,16,motion_detected/event_20250402_134602_e110db14/0001_6884_20250219_153904_frame_20250402_134602_000020.jpg,6884,2025-02-19 15:39:04,"- As duas primeiras imagens mostram ambiente externo, durante o dia, com boa iluminação natural. Localização é uma rua residencial, calçada ao lado de portão (possível entrada de imóvel).
  - As imagens seguintes são do interior de um elevador, provavelmente de condomínio residencial.","- Inicialmente, duas pessoas (homens, adultos) caminham juntos na calçada, próximos ao portão do imóvel, sem sinais evidentes de hesitação ou observação suspeita na rua.
  - Não há detecção de veículos ou motos ao redor nas imagens externas apresentadas.
  - No elevador, ambas as pessoas entram carregando itens (sacola, mala ou caixa, botijão de gás pequeno). Não aparecem sinais claros de invasão, tensão ou pressa; eles utilizam o elevador normalmente.","- Não são observados comportamentos objetivos de risco: não há tentativa de forçar entrada, manipulação de portão, permanência prolongada olhando para o imóvel, nem circulação hesitante ou repetida.
  - Os indivíduos carregam objetos compatíveis com atividades residenciais e entram no elevador sem pressa.
  - Não utilizam acessórios táticos (como boné, capuz ou máscara de maneira suspeita).
  - Não há ação coordenada de vigilância ou invasão.",Aparece a marcação “Câmera 96” e timestamp nas imagens. Não há marcas d’água suspeitas ou texto adicional relevante.,"**Não**, nenhum comportamento de risco aparente foi observado. Justificação: Circulação e uso do elevador ocorrem de maneira natural, sem sinais de vigilância, hesitação, manipulação de entradas ou presença suspeita de veículos, sobretudo motos, nas imediações externas.",camera_analyzer_prompt_external_street,False,False
event_20250408_154829_f8cfe6ef,4,motion_detected/event_20250408_154829_f8cfe6ef/0000_struggle_20250408_154829_frame.jpg,struggle,2025-04-08 15:48:29,"Ambiente interno, aparentemente uma sala de reuniões ou escritório corporativo, com iluminação artificial (luzes de teto acesas), sugerindo ambiente bem iluminado independentemente de ser dia ou noite. O local conta com mesa de reunião, cadeiras e equipamentos como notebooks e projetor.","Entre 6 e 7 pessoas presentes, todas adultas, sem veículos. Aparecem sentadas, em pé, e algumas se movendo rapidamente. Não há tentativa aparente de ocultar o rosto em nenhum frame. Em pelo menos três frames, há pessoas agrupadas na lateral da sala, e alguns indivíduos parecem estar interagindo de forma física (possível contenção/agressão).","- Há movimentação claramente agitada de um grupo de pessoas na lateral do ambiente.
  - Nas imagens, observam-se gestos e posturas que sugerem contenção física ou confronto próximo entre pelo menos duas ou três pessoas no canto da sala, enquanto outras se aproximam rapidamente ou assistem.
  - Não há sinais de retirada de objetos ou forçar mobiliário, mas o comportamento dominante é de tentativa de contenção física ou conflito direto (luta, briga ou desentendimento agressivo).
  - A movimentação é abrupta e direcionada, não condizente com um ambiente de reunião normal.",Nenhum,"**Sim**, há risco evidente, pois está ocorrendo um confronto físico/agressivo dentro do local, podendo resultar em ferimentos pessoais ou escalada de violência. A dinâmica das imagens indica urgência de intervenção de segurança.",camera_analyzer_prompt_internal_closed,True,True
event_20250403_103119_7b8360f5,6,motion_detected/event_20250403_103119_7b8360f5/0001_17205_20250307_002852_frame_20250403_103119_000110.jpg,17205,2025-03-07 00:28:52,"Ambiente externo, captado à noite com iluminação artificial suficiente para visibilidade. Local parece um depósito ou área de armazenamento ao ar livre, cercada, provavelmente fundos de um imóvel (identificação pela legenda ""L.D. Fundos"").","Há pelo menos uma pessoa visível caminhando nas imagens (à direita, próximo à parede/portão). Não há veículos identificados na cena.","- Uma pessoa aparece sozinha, caminhando pela área próxima à parede/portão. Seu comportamento não é claramente ameaçador, mas está circulando em um local que parece ser restrito ou de acesso controlado (fundos do imóvel, ambiente com materiais armazenados).
  - Não há flagrante de tentativa de invasão, manipulação de portão ou outros sinais objetivos de risco elevado nas imagens analisadas.
  - Nenhum agrupamento de pessoas, movimentação coordenada, ou presença de motocicletas foi identificado nesta sequência.","""Intelbras"" (marca d'água do fabricante) e identificação de câmera/área ""L.D. Fundos""; data e hora visíveis nas imagens.","**Não**. Embora haja uma pessoa circulando próxima ao limite da propriedade durante a noite, seu comportamento parece ser de circulação normal, sem ações diretamente suspeitas (manipulação de portão, vigilância ostensiva, ocultação, etc.). Caso o acesso desse local normalmente seja restrito ou a pessoa não seja autorizada, reconsidere a classificação para risco baixo — mas por esta sequência, **nenhum risco aparente**.",camera_analyzer_prompt_external_street,False,False
event_20250408_154828_26a4cad8,7,motion_detected/event_20250408_154828_26a4cad8/0000_throw_20250408_154828_frame.jpg,throw,2025-04-08 15:48:28,"Ambiente externo, cena noturna com iluminação artificial (provavelmente de postes ou refletores), localizada em área aberta à frente de um imóvel, semelhante a uma calçada, pátio ou área de convivência. Aparente aglomeração de pessoas, possivelmente em confraternização ou bar.","Várias pessoas presentes, sendo possível observar pelo menos dois indivíduos em movimento destacado do grupo principal. Os dois indivíduos se deslocam de forma rápida e coordenada em direção ao grupo, aparentando executar uma ação agressiva, enquanto outras pessoas permanecem estáticas ou reagem.","- Movimentação súbita e coordenada de dois indivíduos em direção ao grupo.
  - Um dos indivíduos aparenta portar objeto alongado (possível arma, bastão ou similar), exibido em posição de ataque.
  - Reação de outros presentes em postura de defesa ou fuga.
  - A ação conjunta e agressiva indica possível tentativa de intimidação, roubo, briga ou invasão — risco real à integridade física dos presentes.
  - Não há motocicleta visível nas imagens.","Texto/numeração no canto inferior direito (“Camera: 03”), possível timestamp borrado no canto superior esquerdo.","**Sim**, a movimentação rápida e coordenada dos indivíduos em direção ao grupo, associada à possível arma em mãos e reação de fuga das demais pessoas, caracteriza um evento de alto risco (possível assalto, briga armada ou invasão violenta).",camera_analyzer_prompt_external_street,True,True
event_20250410_145303_b6a2f2cd,9,motion_detected/event_20250410_145303_b6a2f2cd/0000_robbery_20250410_145303_frame.jpg,robbery,2025-04-10 14:53:03,"Ambiente interno, possivelmente um closet ou depósito com armários. Iluminação noturna (monitoramento por infravermelho/baixo nível de luz).",Aproximadamente dois indivíduos. Ambos usando roupas que dificultam a identificação (um com capuz e outro com boné). Não há veículos.,"- Os dois indivíduos forçam portas de armários, mexem rapidamente em objetos e compartimentos.
  - Retirada acelerada de itens dos armários.
  - Movimentação suspeita, típica de furto, com comportamento focado em vasculhar e subtrair objetos do local.
  - Em alguns instantes, tentam manipular objetos em áreas diferentes sucessivamente.
  - Um deles procura cobrir parte do rosto (capuz), sugerindo tentativa de ocultar a identidade.","""#JornalDaRecord"" visível no canto superior esquerdo nas imagens, além da data e horário da filmagem.","**Sim**, há alto risco, pois os comportamentos indicam claramente uma ação de furto (arrombamento/roubo), com retirada rápida de itens e tentativa de ocultação da identidade.",camera_analyzer_prompt_internal_closed,True,True
event_20250403_101212_7acf6727,11,motion_detected/event_20250403_101212_7acf6727/0001_17201_20250307_002851_frame_20250403_101212_000064.jpg,17201,2025-03-07 00:28:51,"Ambiente externo, à noite, com iluminação artificial visível na rua e na área do imóvel (provavelmente infravermelho ou refletores). A câmera está posicionada na fachada ou portão de entrada de um imóvel, com vista para a rua residencial e calçada.","Apenas um veículo (carro) aparece durante a sequência, transitando da esquerda para a direita do campo de visão. Não é possível identificar a presença de pessoas próximas ao portão, calçada ou contexto imediato do imóvel, nem ocupantes claramente visíveis no veículo devido à distância e qualidade da imagem.","- O carro apenas transita pela rua, sem indicar hesitação, paradas em frente ao imóvel ou redução incomum de velocidade. Nas imagens em que aparece, seu movimento é contínuo.
  - Não há circulação lenta, repetida ou parada prolongada em frente ao imóvel.
  - Não há detecção de motocicletas ou pessoas em atitudes suspeitas.
  - Não foi observado nenhum comportamento de tentativa de manipulação de portão, nem pessoas observando insistentemente o local.","""Frente,L,E"", data e hora sobrepostas.","**Não**, pois não foram observados comportamentos suspeitos, aproximação ou permanência duvidosa de pessoas ou veículos. O carro passou normalmente, sem evidências de conduta que eleve o risco à segurança no contexto apresentado.",camera_analyzer_prompt_external_street,False,False
event_20250410_145301_0031b418,31,motion_detected/event_20250410_145301_0031b418/0000_burglary_20250410_145301_frame.jpg,burglary,2025-04-10 14:53:01,"- Ambiente externo, aparentemente parte frontal ou lateral de uma residência.  
  - Imagens noturnas, iluminação infravermelha típica de câmeras de segurança.  
  - Localização: área coberta anexa à casa, próxima à porta/entrada, com mesa e vegetação ao redor.","- Apenas uma pessoa nas imagens.
  - Não foram identificados veículos nesta sequência.
  - A pessoa é vista tentando remover/forçar a janela, posteriormente conseguindo extrair um objeto de tamanho considerável (possivelmente um eletrodoméstico ou televisão), carregando-o para fora do imóvel.","- Ação clara de arrombamento/remoção forçada de janela.
  - Remoção e transporte de um objeto grande, provavelmente pertencente ao imóvel.
  - Nenhum sinal de ação cotidiana lícita: comportamento é furtivo, provavelmente sem autorização.
  - Não há hesitação típica de incerteza (pessoa parece determinada), mas todo conjunto de ações é compatível com furto/arrombamento residencial.","- ""intelbras"" (marca da câmera, canto superior esquerdo).
  - ""GAZ"" (provável marca d’água do veículo de imprensa, canto superior direito).
  - Data/hora superposta: ""15/01/2022 20:28:21"" até ""20:28:50"".","**Sim**  
  - Justificativa: A pessoa está claramente realizando a remoção não autorizada de uma janela e extração de um objeto do imóvel durante a noite, indicativo de furto/roubo em andamento. O comportamento é objetivo e característico de ato ilícito.",camera_analyzer_prompt_external_street,True,True
event_20250402_152957_dcbadaac,6,motion_detected/event_20250402_152957_dcbadaac/0001_10785_20250228_101013_frame_20250402_152957_000010.jpg,10785,2025-02-28 10:10:13,"Sem visão do ambiente. As imagens exibem uma tela preta com a mensagem ""NO VIDEO"". Não é possível determinar condição de iluminação ou tipo de local.",Não é possível identificar a presença de pessoas ou veículos.,Não há como observar comportamentos ou sinais de risco devido à ausência de imagem do ambiente.,"""NO VIDEO"" (mensagem centralizada na imagem), indicação de ""Camera 16"" e data/hora no canto superior esquerdo.","**Sim**, a ausência de imagem em uma câmera de segurança ativa representa risco, pois impossibilita a vigilância do ambiente e pode ser indicativo de sabotagem, falha técnica ou ação intencional para ocultar atividades suspeitas.",camera_analyzer_prompt_internal_closed,False,True
event_20250402_152728_27cf3018,7,motion_detected/event_20250402_152728_27cf3018/0001_10784_20250228_101013_frame_20250402_152728_000022.jpg,10784,2025-02-28 10:10:13,"Ambiente interno com vista para área externa, provavelmente a entrada/social de um prédio ou residência, parcialmente coberta. Visível o portão da entrada e parte de uma área externa pavimentada. Iluminação diurna, com boa claridade natural.","Uma pessoa apareceu no início da sequência, movimentando-se do interior do ambiente para fora, portando uma sacola. Após o terceiro frame, não há mais pessoas visíveis.","Não foram observados comportamentos suspeitos. A pessoa apenas se deslocou de dentro para fora de forma natural, sem demonstrar tentativa de forçar portas, observar frestas, rondar portões, ou agir de maneira suspeita.","""Camera 15"", data e horário visíveis no canto superior esquerdo das imagens.","**Não**, ausência de comportamentos suspeitos; circulação aparentemente normal.",camera_analyzer_prompt_internal_to_outside,False,False
event_20250408_154827_b5baa4eb,3,motion_detected/event_20250408_154827_b5baa4eb/0000_sit_20250408_154827_frame.jpg,sit,2025-04-08 15:48:27,"Ambiente interno, aparentemente uma sala de espera (possivelmente hospital ou repartição), iluminação artificial adequada indicando provável período noturno ou ambiente sem janelas/iluminação natural.","Aproximadamente 12 pessoas visíveis, todas sentadas ou em pé. Não há veículos.","- Um indivíduo de boné e camiseta verde se desloca rapidamente até uma das pessoas sentadas, aparentemente abordando pessoas de forma incisiva.
  - O gesto indica possível tentativa de subtração de objeto ou abordagem ameaçadora, com o braço estendido em direção à pessoa sentada na primeira fileira.
  - Outras duas pessoas, uma delas careca, acompanham, sugerindo movimento coordenado.
  - Pessoas sentadas aparentam surpresa ou reação passiva.",Nenhum,"**Sim**, há indícios claros de possível assalto ou tentativa de subtração de objetos em ambiente fechado, com comportamento ameaçador de um grupo sobre pessoas sentadas, o que é altamente arriscado para segurança tanto das pessoas quanto do patrimônio.",camera_analyzer_prompt_internal_closed,True,True
event_20250403_091718_718f1e23,16,motion_detected/event_20250403_091718_718f1e23/0001_55407_20250302_230353_frame_20250403_091718_000024.jpg,55407,2025-03-02 23:03:53,"Ambiente interno com vista para área externa privada, provavelmente jardim ou área de entrada de imóvel residencial, parcialmente protegido por portão gradeado de ferro. É noite, com iluminação pública e iluminação do imóvel suficiente para boa visibilidade da área externa e da rua.","Observa-se circulação esparsa de pessoas na calçada em frente ao imóvel. Em vários frames, uma pessoa atravessa de um lado ao outro da calçada, passando em frente ao portão, seguindo aparentemente em direção retilínea, sem parar nem interagir com o portão, muro ou grade. Também há carros circulando na rua em diversos momentos, mas sem envolvimento com a área monitorada.","Não foi observado comportamento suspeito relevante: nenhuma das pessoas abordou, tentou abrir ou ficou parada observando o portão/grade da área privada, tampouco houve aproximação de veículos à área interna. O fluxo de pessoas e carros parece típico de via pública e circulação externa à propriedade.","Visível texto da data/hora (""03-02-2025"", ""29:03:xx"") e ""Camera 02"" no canto inferior direito.","**Não**, nenhum risco aparente. Justificativa: Não há indicação visual de tentativa de acesso à propriedade, observação suspeita ou presença de pessoas em local restrito; apenas circulação externa normal à fachada.",camera_analyzer_prompt_internal_to_outside,False,False
event_20250402_135601_2503371e,12,motion_detected/event_20250402_135601_2503371e/0001_6895_20250219_153816_frame_20250402_135601_000059.jpg,6895,2025-02-19 15:38:16,"Ambiente interno (garagem ou corredor parcialmente coberto) com vista para uma área externa privada, provavelmente garagem ou pátio lateral, durante o dia, com boa iluminação natural. É possível visualizar parcialmente um portão externo ao fundo.","Um homem adulto circula e para próximo à porta gradeada interna; ele parece observar ou checar algo na porta, e em seguida se afasta, saindo do campo de visão. Não há outros veículos ou pessoas visíveis.","Houve aproximação de pessoa à porta gradeada interna, com gestos que podem indicar tentativa de manipular ou verificar o estado da porta. Não há sinal claro de arrombamento, mas a presença isolada em área restrita pode ser incomum, dependendo do perfil habitual do local e do acesso autorizado.",Data/hora e “Camera 13”.,"**Sim**, risco **baixo a médio**. Justifica-se pois houve presença e interação de uma pessoa em local geralmente restrito, próximo a uma porta que faz limite entre ambientes, o que pode representar risco se essa circulação não for habitual ou autorizada. Se a pessoa for reconhecida e autorizada (morador, funcionário), o risco é menor; em caso de dúvida, a movimentação deve ser monitorada.",camera_analyzer_prompt_internal_to_outside,False,True
event_20250410_145301_bd360024,26,motion_detected/event_20250410_145301_bd360024/0000_car-break-in_20250410_145301_frame.jpg,car-break-in,2025-04-10 14:53:01,"Ambiente interno, especificamente uma garagem coberta com várias vagas e veículos estacionados. A iluminação é artificial e suficiente para observação, indicando que é período noturno.","Entre 1 e 2 pessoas visíveis ao lado de um veículo SUV, posicionadas próximas à porta, com gestos e posturas suspeitas. Não há movimentação de outros veículos.","Uma pessoa claramente tenta forçar ou abrir a porta do veículo SUV por diversos segundos, demonstrando insistência e movimentação coordenada. Após esforço contínuo, consegue abrir a porta e retira rapidamente um objeto de dentro do veículo (objeto vermelho), saindo em seguida. Todo o comportamento caracteriza ação típica de arrombamento e furto, sem justificativa ou contexto visível de autorização.","Canal de segurança (""Channel6"") e timestamp visíveis; sem marcas d'água adicionais.","**Sim**. Justificativa: flagrante de tentativa e efetivação de furto de objeto no interior de veículo em área privativa, com ação coordenada, insistente e típica de comportamento criminoso.",camera_analyzer_prompt_internal_closed,True,True
event_20250402_142408_54015820,11,motion_detected/event_20250402_142408_54015820/0001_6884_20250219_153816_frame_20250402_142408_000019.jpg,6884,2025-02-19 15:38:16,"Ambiente externo, durante o dia, com boa iluminação natural. A câmera está posicionada na fachada de um imóvel residencial, mostrando a calçada e uma rua tranquila, com árvores e carros estacionados.","Dois homens adultos aparecem caminhando juntos pela calçada, ambos em direção ao sentido da rua. Um dos indivíduos usa camiseta clara e shorts, o outro veste camiseta escura. Um carro branco está estacionado na rua, mas não há motos ou outros veículos em movimento visíveis na sequência analisada. Após passarem pelo imóvel, os dois seguem caminhando normalmente até saírem do campo de visão da câmera.","- Os indivíduos caminham em um ritmo constante, sem sinais de hesitação, abordagem do portão, tentativas de manipulação, observação insistente da casa ou arredores.
  - Não há evidências de permanência prolongada, olhares repetidos, ou movimentos suspeitos.
  - Não há motos envolvidas e nem ações coordenadas que sugiram intenção de delito.  
  - O comportamento é típico de transeuntes em área residencial.","Marcação de data e hora no canto superior esquerdo (“02-19-2025 Qua 12:39:13”) e canto inferior direito (""Camera 92"").","**Não**.  
  - Justificativa: O comportamento dos indivíduos é compatível com transeuntes comuns – caminham em linha reta, sem paradas, não demonstram interesse incomum pelo imóvel ou arredores. Não há sinais de atitude suspeita ou risco imediato à segurança observável nesta sequência.",camera_analyzer_prompt_external_street,False,False
event_20250408_154826_3040ec46,7,motion_detected/event_20250408_154826_3040ec46/0000_kick_20250408_154826_frame.jpg,kick,2025-04-08 15:48:26,"Ambiente interno (provavelmente corredor de entrada ou varanda coberta), com vista direta para área externa privada — uma entrada de residência, com caminho cimentado e jardim lateral. Imagens capturadas de dia, sob iluminação natural clara.","Duas pessoas visíveis durante toda a sequência. Uma delas permanece mais próxima à porta, executando movimentos diretos em direção a esta, enquanto a outra permanece aguardando mais afastada, na calçada perto da entrada de veículos. Não há veículos visíveis.","- Um dos indivíduos aproxima-se agressivamente da porta da residência e executa movimentos claros de tentativa de arrombamento, aparentemente utilizando um chute (ação perceptível pelo impulso corporal e posição da perna/torso nas imagens).
  - Essa ação representa uma tentativa forçada de acesso à área interna da residência, o que caracteriza um comportamento de alto risco.
  - O segundo indivíduo permanece em local estratégico, aparentemente em função de vigilância ou cobertura.",Existe texto/marca d’água visível no canto inferior esquerdo da imagem.,"**Sim**. Alta evidência de risco: tentativa de invasão forçada à residência, com participação de dois indivíduos, sendo que um atua diretamente na tentativa de romper a porta e o outro observa/patrulha.",camera_analyzer_prompt_internal_to_outside,True,True
event_20250408_154829_ce92d2ad,4,motion_detected/event_20250408_154829_ce92d2ad/0000_sneak_20250408_154829_frame.jpg,sneak,2025-04-08 15:48:29,"Ambiente externo, posto de combustível à noite, com boa iluminação artificial. A cena ocorre em área de estacionamento em frente à loja do posto.","Aproximadamente duas pessoas visíveis; um homem de camiseta clara e boné/chapéu caminha pela calçada próxima à loja e um segundo indivíduo, de roupas escuras, está agachado ao lado de um carro prata, aparentemente manipulando algo ao redor da roda dianteira. Vários carros estacionados e em movimento próximo às bombas.","- O indivíduo de roupas escuras, agachado por tempo prolongado ao lado da roda dianteira do carro prata, apresenta comportamento atípico, possivelmente tentando violar ou furtar algo do veículo (ex.: roubo de roda, ação sob o carro, ou vandalismo).
    - O homem de camiseta clara e boné/chapéu se movimenta de forma aparentemente normal, sem sinais claros de envolvimento com o outro indivíduo.
    - Não há motocicletas envolvidas nas imagens.
    - Um dos carros está com portas abertas, o que pode ser normal em contexto de abastecimento, porém, junto à ação suspeita, aumenta o alerta.","""CAM 11"" e marca d'água com data/hora visíveis.","**Sim**, devido ao comportamento de possível violação/furto por parte do indivíduo agachado ao lado do veículo, em condição e horário sugestivos de risco.",camera_analyzer_prompt_external_street,True,True
event_20250410_145303_905c170e,10,motion_detected/event_20250410_145303_905c170e/0000_robbery_20250410_145303_frame.jpg,robbery,2025-04-10 14:53:03,"Ambiente interno, iluminação artificial (provavelmente durante o dia), ambiente do tipo loja/supermercado.",Aproximadamente 7 pessoas visíveis (funcionários e clientes). Duas pessoas de capuz (verde e azul) se destacam pela postura e ações. Não há veículos visíveis.,"- Dois indivíduos de capuz (um verde, outro azul) aparentam estar em posição intimidatória.
  - Indivíduo de capuz azul está com braço erguido em direção ao caixa, indicando possível ameaça ou roubo.
  - Funcionário do caixa (camisa vermelha) e pessoas próximas mostram gestos de rendição (mãos na cabeça e afastamento).
  - Indivíduo de capuz verde vasculha o espaço próximo ao caixa, provavelmente buscando dinheiro ou itens de valor.
  - Clientes ao fundo se agacham ou tentam se proteger, mostrando reação de medo.
  - Ações rápidas e coordenadas, características típicas de assalto.","""12:56"" (marcação de hora azul) e data ""15-04-2019 18:27"" no canto superior direito.","**Sim**, risco **alto** — Justificativa: há clara ameaça à integridade física das pessoas e à segurança do patrimônio, evidenciada por postura de rendição das vítimas e invasão da área do caixa por indivíduos encapuzados.",camera_analyzer_prompt_internal_closed,True,True
event_20250403_115742_98c6dcb5,23,motion_detected/event_20250403_115742_98c6dcb5/0001_7639_20250307_134155_frame_20250403_115726_000099.jpg,7639,2025-03-07 13:41:55,"Ambiente externo, registrado durante o dia sob iluminação natural forte e clara. Localização típica de rua residencial ou comercial, com área de calçada, portão/fachada e veículos estacionados ao longo da via.","Aproximadamente 4–5 carros aparecem em diferentes momentos, alguns estacionados e outros circulando pela rua. Uma motocicleta é detectada circulando próximo ao final da sequência. Não há registro claro de pessoas a pé nem de ocupantes visíveis prestando atenção ao imóvel.","- Nenhum carro apresenta comportamento de parada prolongada, redução incomum de velocidade ou repetição de passagem.
  - Não há motos paradas observando, nem motos com mais de um ocupante detectadas, nem desaceleração/plano de observação típico para ações suspeitas.
  - Não foi identificado ninguém tentando manipular portões, ficar na calçada observando, agir de maneira hesitante, usar vestimentas incomuns (capuz, máscara, boné) em situação suspeita, nem coordenação entre indivíduos.
  - O fluxo dos veículos é contínuo, sem aproximações do tipo que indicariam o início de manobra de abordagem.
  - A motocicleta observada na sequência (penúltima imagem) apenas transita, sem sinais adicionais de risco.","Marca d’água “intelbras”, data/hora e localização “frente direita” visíveis nas imagens.","**Não**. Justificativa: Não foram identificados comportamentos de risco visuais objetivos — todos os veículos, inclusive a moto, transitam normalmente; não há permanência, observação ativa, nem tentativas de manipulação/invasão. O ambiente está calmo e sem sinais de ameaça iminente.",camera_analyzer_prompt_external_street,False,False
event_20250403_111740_d2e012b2,7,motion_detected/event_20250403_111740_d2e012b2/0001_6990_20250307_101724_frame_20250403_111736_000127.jpg,6990,2025-03-07 10:17:24,"Ambiente interno, bem iluminado artificialmente, provavelmente de dia. O local parece ser uma sala de recepção ou espera, com móveis como sofás, mesas e cadeiras, além de uma bancada e plantinhas decorativas.","Aproximadamente 2 pessoas visíveis em interação próxima (uma de pé e outra sentada, possivelmente mais uma sentada fora do foco principal). Não há veículos.","- A pessoa em pé permanece junto à pessoa sentada durante os frames, interagindo de forma constante.
    - Não há sinais claros de tentativa de abrir portas, gavetas ou armários, nem manipulação suspeita de objetos ou ações destrutivas.
    - Não há movimentação rápida ou tentativa de cobrir/desviar o rosto diante da câmera.
    - As interações aparentam ser normais, sem indícios visuais de coação, roubo ou vandalismo.","""Camera 07"" e data/hora visíveis, não há outra marca d'água relevante.","**Não**, nenhum comportamento suspeito foi identificado nas imagens analisadas.",camera_analyzer_prompt_internal_closed,False,False
event_20250408_154829_a5034a90,3,motion_detected/event_20250408_154829_a5034a90/0000_run_20250408_154829_frame.jpg,run,2025-04-08 15:48:29,"Ambiente externo. As imagens mostram uma rua residencial com calçada, captadas durante o dia, sob boa iluminação natural.","Aproximadamente três pessoas e um carro branco (SUV) estacionado ou parado próximo à calçada. Em sequência, duas pessoas estão correndo pela rua e uma terceira parece fugir à frente. Não há motocicletas envolvidas.","- As duas pessoas parecem estar correndo em direção a uma terceira, que também corre, sugerindo possível perseguição ou tentativa de abordagem agressiva/furtiva.
   - Situação sugere movimento abrupto e fuga, indicando risco potencial de assalto ou outro crime.
   - Carro branco está parado próximo, o que pode indicar apoio ao evento (esperando ou observando a situação).","""NC"", ""news24VIDEO"", ""SUBSCRIBED"", ícones e marca d'água do canal do YouTube.","**Sim**, pois há sinais claros de comportamento suspeito ou agressivo (pessoas correndo na rua em possível situação de coação ou perseguição), representando risco de crime ou violência, mesmo sem detalhamento explícito do ato.",camera_analyzer_prompt_external_street,True,True
event_20250402_173700_99de4379,6,motion_detected/event_20250402_173700_99de4379/0001_53862_20250301_082830_frame_20250402_173659_000073.jpg,53862,2025-03-01 08:28:30,"Ambiente interno de corredor coberto com vista para uma área externa privada (possivelmente fundos ou lateral do imóvel). Iluminação noturna, porém com claridade suficiente para boa visualização graças à luz artificial ou infravermelho da câmera. O ambiente externo visualizado parece ser outra área interna da propriedade, separada por um portão gradeado.",Não há pessoas nem veículos visíveis em nenhum dos frames analisados.,"Não há qualquer sinal objetivo de comportamento de risco: ausência total de presença humana, nenhum movimento em direção a portas, portões ou frestas, e nenhuma interação com o ambiente.",Datas e horas no topo esquerdo. Marca “Camera 04” no canto inferior direito.,"**Não**, nenhum risco aparente, visto que não há qualquer movimentação ou ação suspeita nas imagens apresentadas.",camera_analyzer_prompt_internal_to_outside,False,False
event_20250402_140508_b3297f10,7,motion_detected/event_20250402_140508_b3297f10/0001_6896_20250219_153816_frame_20250402_140502_000093.jpg,6896,2025-02-19 15:38:16,"Ambiente interno de garagem, com vista para portão externo metálico vazado. Iluminação diurna e abundante, incidindo luz solar do lado de fora. A área monitorada corresponde a um espaço de garagem ou estacionamento coberto, com o portão dando acesso direto à área externa (possivelmente para rua ou área comum, mas ainda sendo parte privada da propriedade).","Não há pessoas, veículos ou animais visíveis em nenhum dos frames da sequência.","Nenhum comportamento suspeito ou ação de risco foi identificada. O portão permanece fechado, não há tentativas de aproximação, abertura ou observação do interior por parte de terceiros.","Data/hora e ""Camera 14"" visíveis; nenhuma marca d'água adicional identificada.","**Não**, nenhum risco aparente, pois não há presença ou movimentação de pessoas ou veículos em área sensível, nem sinais de tentativa de acesso ou observação suspeita.",camera_analyzer_prompt_internal_to_outside,False,False
event_20250403_102756_6e6690ad,6,motion_detected/event_20250403_102756_6e6690ad/0001_17204_20250307_002852_frame_20250403_102756_000065.jpg,17204,2025-03-07 00:28:52,"Ambiente externo, em frente a uma fachada ou portão de imóvel, possivelmente uma área de estacionamento frontal ou calçada. Captação noturna, iluminação artificial proveniente da própria câmera ou de refletores próximos, permitindo boa visibilidade na área monitorada. Rua aparentemente tranquila, com vegetação e calçada lateral.","Não há registro claro de pessoas ou veículos presentes nas imagens da sequência. Apenas sacos ou objetos volumosos estão posicionados ao lado do imóvel/parede, mas nada indica comportamento humano ou ação de risco associada a eles.","Nenhum comportamento suspeito observado. Não há tentativa de forçar entradas, nem presença de pessoas ou veículos circulando ou parados em atitude suspeita. Não há olhares repetidos nem proximidade de motos ou ocupantes. Trânsito e movimentação completamente ausentes.","Texto “Intelbras” (marca d’água da câmera), data/hora e identificação do ponto (“FRENTE L.D.”).","**Não**, nenhuma indicação de risco ou comportamento suspeito observado durante a sequência analisada.",camera_analyzer_prompt_external_street,False,False
event_20250408_154827_5840dcfb,4,motion_detected/event_20250408_154827_5840dcfb/0000_sit_20250408_154827_frame.jpg,sit,2025-04-08 15:48:27,"Ambiente interno, iluminação artificial, provavelmente durante o dia pela claridade. O local se assemelha a uma sala pequena ou espaço de acesso restrito, possivelmente sala de segurança, escritório ou área de uso específico (pode conter cofre, armário ou equipamento eletrônico).","Três pessoas. Em todos os frames, uma pessoa (camiseta amarela) aparece em situação de vulnerabilidade, sendo inicialmente de pé, depois agachando-se/sentando no chão e cobrindo o rosto, enquanto duas outras (roupas claras) demonstram postura intimidadora ou agressiva, com ao menos uma delas segurando objeto (possível arma ou bastão).","- Postura ameaçadora de dois indivíduos em relação ao terceiro.
  - Terceiro indivíduo sentado no chão cobrindo o rosto, aparentando medo ou rendição.
  - Possível uso de força ou ameaça, caracterizando coação ou iminência de violência.
  - Bagunça ou objetos espalhados no chão podem indicar movimentação brusca ou tentativa de saque/roubo.",Nenhum.,"**Sim**, a sequência apresenta comportamento nitidamente agressivo e indícios de ameaça ou violência, caracterizando situação de risco alto para integridade física das pessoas e possível risco ao patrimônio.",camera_analyzer_prompt_internal_closed,True,True
event_20250410_145302_bc2a40d7,10,motion_detected/event_20250410_145302_bc2a40d7/0000_robbery_20250410_145302_frame.jpg,robbery,2025-04-10 14:53:02,"As imagens mostram o portão de uma residência ou prédio com vista para a rua, durante o dia, sob boa iluminação natural. Trata-se provavelmente da entrada de garagem ou portão frontal, com visão de parte do passeio e via pública ao fundo.","- Pelo menos duas pessoas visíveis fora do portão, na calçada.
  - Uma delas está próxima ao portão, aparentemente observando, tentando abrir ou interagindo com ele.
  - Um carro escuro está estacionado logo do lado de dentro, próximo ao portão.
  - Em sequência, aparece outra pessoa correndo e depois caindo ao chão, enquanto a primeira se mantém atenta.
  - Após a queda, observa-se uma movimentação rápida de ambos, indicando uma possível tentativa de fuga.","- Presença de pessoa parada ou tentando interagir com o portão, atitude suspeita fora do padrão para circulação em via pública.
  - Uma das pessoas corre e cai abruptamente, o que pode indicar uma tentativa de ação rápida (fuga ou abordagem), reforçando potencial situação de risco.
  - Rapidez na movimentação subsequente, como se estivessem tentando se afastar rapidamente do local após uma ação frustrada ou percebida.",Marca d'água “SPAGORA” no canto superior direito de todas as imagens. Há também uma notificação de mensagem em uma das imagens.,"**Sim**.  
  Justificativa: O comportamento das pessoas — aproximar-se diretamente do portão, observar e/ou tentar manipular, seguido de fuga rápida — sugere fortemente tentativa de arrombamento, abordagem para roubo ou outra atividade ilícita, havendo risco claro e objetivo para a segurança do local.",camera_analyzer_prompt_internal_to_outside,True,True
event_20250410_145302_678f96dc,0,,,,N/A,N/A,N/A,N/A,N/A,camera_analyzer_prompt_external_street,False,False
event_20250410_145304_5df71c7c,11,motion_detected/event_20250410_145304_5df71c7c/0000_break-in_20250410_145304_frame.jpg,break-in,2025-04-10 14:53:04,"Ambiente externo, noturno com iluminação artificial. A câmera está posicionada na fachada de um imóvel comercial, voltada para a calçada e entrada, em uma rua (possivelmente comercial ou mista), com um comércio identificado por letreiro luminoso verde.","Aproximadamente duas pessoas, próximas à entrada do imóvel. Elas permanecem juntas, em frente ao portão/grade de acesso do comércio, sem circulação de veículos na rua nesse intervalo.","- Permanência prolongada e ação coordenada de duas pessoas na frente do imóvel, ambas bem próximas da grade/portão.
  - Movimentos com os braços para cima, sugerindo tentativa de manipular, forçar ou violar o acesso.
  - Olhar focado na região da entrada, postura voltada exclusivamente para o portão/grade, sem interação normal com a rua.
  - Ausência de circulação regular, demonstrando comportamento atípico para transeuntes comuns.","Número de telefone visível na fachada (""3328-2210""), letreiro do comércio parcialmente visível (“ELÉTRICO E HIDRÁU...”), sem marcas d’água explícitas.","**Sim**. Justificativa: O comportamento das duas pessoas é claramente suspeito, sugerindo tentativa de invasão ou furto — permanecem tempo incomum frente ao portão/grade, manipulando o acesso, sem justificativa aparente para tal atitude em horário noturno. O risco é **alto** devido à postura e possível tentativa de arrombamento.",camera_analyzer_prompt_external_street,True,True
event_20250410_145302_ce327081,10,motion_detected/event_20250410_145302_ce327081/0000_robbery_20250410_145302_frame.jpg,robbery,2025-04-10 14:53:02,"Ambiente interno (provavelmente área coberta de bar/restaurante) com vista para área externa privada que serve como estacionamento particular e acesso lateral. A iluminação é clara, indicando que o local está bem iluminado, possivelmente início da noite. A área visualizada inclui um espaço de circulação de clientes e mesas, com carros estacionados ao fundo do imóvel.","Aproximadamente 7-10 pessoas aparecem nas imagens em diferentes momentos. O comportamento das pessoas muda rapidamente: inicialmente estão sentadas ou conversando, mas logo em seguida algumas correm apressadas em direção à saída lateral, enquanto outras levantam-se e observam a cena em pé. Há ao menos dois carros estacionados visíveis durante toda a sequência.","- Pessoas apontando objetos que parecem ser armas em direção à área externa ou a outros indivíduos, o que indica conflito ou tentativa de abordagem armada.
  - Pessoas visivelmente em pânico, saindo apressadas, algumas correndo em direção à rua.
  - Movimentação desordenada, indicando situação anormal (possível tentativa de roubo ou fuga em andamento).
  - Um objeto semelhante a uma bolsa/mala é visível, podendo sugerir furto ou subtração de bens dos frequentadores.
  - O comportamento de fuga rápida de múltiplos indivíduos aumenta o indicativo de situação de risco elevado.","Há data/hora visível (""09-22-2018 Sab 18:08:57"" e variações), nenhuma outra marca d'água de destaque.","**Sim**, a sequência mostra comportamentos de alto risco, com movimentação atípica, aparente presença de arma(s), pânico e fuga rápida de várias pessoas, sugerindo tentativa de roubo ou abordagem criminosa na área privada do estabelecimento.",camera_analyzer_prompt_internal_to_outside,True,True
event_20250403_091449_291c9e77,10,motion_detected/event_20250403_091449_291c9e77/0001_55408_20250302_230353_frame_20250403_091449_000034.jpg,55408,2025-03-02 23:03:53,"Ambiente interno com vista para área externa privada, especificamente um corredor lateral ou acesso de garagem interno, com portão metálico para a rua. As imagens são em preto e branco, provavelmente devido a iluminação noturna por infravermelho. É noite e há visibilidade razoável do ambiente externo, incluindo parte da rua e imóveis vizinhos ao fundo.","Não há pessoas visíveis em nenhum dos frames analisados. Foi identificado um veículo (carro branco) transitando na rua em frente ao portão da residência, mas sem indicar qualquer interação com o imóvel ou com a área interna monitorada.","Nenhum comportamento suspeito observado. Não há presença de pessoas em área restrita, tentativa de aproximação, ou qualquer ação em direção ao portão ou áreas internas da propriedade. O veículo visível apenas passa pela rua, sem parar ou realizar manobra suspeita.","Camera 03 (canto inferior direito), data/hora na parte superior esquerda.",**Não**. Não foram identificados sinais visuais ou comportamentos sugestivos de risco à segurança na área monitorada durante este intervalo temporal.,camera_analyzer_prompt_internal_to_outside,False,False
event_20250402_150013_48010d5c,11,motion_detected/event_20250402_150013_48010d5c/0001_8986_20250221_093219_frame_20250402_150013_000010.jpg,8986,2025-02-21 09:32:19,"Ambiente interno (primeiros frames) parece ser um espaço de depósito ou almoxarifado, com caixas e objetos cobertos. Iluminação baixa, sugestiva de período noturno ou local mal iluminado.  
  Ambientes externos (últimos frames) mostram o portão e calçada de entrada, durante o dia, com boa iluminação natural.",Não há pessoas ou veículos visíveis em nenhum dos frames analisados.,"- Nos primeiros frames internos, não há atividade humana detectada.
  - Do frame 0003 ao 0004 houve perda temporária do sinal de vídeo da câmera interna (aparecimento de tela preta e depois tela de reinício do sistema/câmera com o logo ""Hikvision""). Isso pode indicar reinicialização não programada ou possível tentativa de sabotagem/falha técnica.
  - Após o reinício, o ambiente retorna ao normal, sem presença humana.
  - Na sequência externa, não há qualquer atividade suspeita visível tampouco presença de pessoas ou veículos.","Diversas informações técnicas sobre versões de hardware/software e o nome ""Hikvision"" durante o reboot. Câmera identificada como 06 (interna) e 01 (externa).","**Sim**, pois a perda súbita e breve do sinal da câmera interna, seguida de reinicialização, pode indicar tentativa de sabotagem ou falha que impacta a segurança, mesmo sem sinais visuais de intrusos. Em situações reais, esse evento merece investigação e atenção das equipes de segurança.",camera_analyzer_prompt_internal_closed,False,True
event_20250402_140749_066ae6aa,17,motion_detected/event_20250402_140749_066ae6aa/0001_6883_20250219_153816_frame_20250402_140749_000048.jpg,6883,2025-02-19 15:38:16,"Ambiente externo, em plena luz do dia, com boa iluminação natural. Rua residencial, calçada, árvores e portão de entrada visíveis. Imagem capturada de uma câmera voltada para a rua, posicionada na fachada do imóvel.","Inicialmente, vê-se uma pessoa (roupa clara) saindo de um carro branco estacionado em frente ao imóvel. O indivíduo fecha a porta e o carro parte normalmente. Em seguida, aparece uma bicicleta passando pela rua. Outros veículos circulam na via posteriormente.","- Não há tentativa de forçar ou manipular entradas.
  - Não há permanência prolongada incomum; o indivíduo sai do carro e entra novamente rapidamente, com o veículo saindo em seguida.
  - Não há observação insistente do imóvel ou arredores.
  - O carro não circula de forma lenta/repetida nem para com ocupantes olhando diretamente para o imóvel.
  - Não há motocicleta na sequência e não se observam múltiplos indivíduos coordenando ações.
  - Todos os comportamentos visíveis são compatíveis com ações cotidianas (estacionar, sair e retornar ao carro, passagem de bicicleta).","Texto do timestamp ""02-19-2025 Qua 12:49:38"" visível, marca da câmera ""Camera 01"".","**Não**, pois não há comportamentos ou sinais objetivos que representem risco à segurança no contexto observado. Tudo indica movimentação e circulação rotineira.",camera_analyzer_prompt_external_street,False,False
event_20250402_173805_511a00be,6,motion_detected/event_20250402_173805_511a00be/0001_53862_20250301_082830_frame_20250402_173801_000133.jpg,53862,2025-03-01 08:28:30,"Ambiente interno (corredor ou hall) com vista para a área externa privada, aparentemente um corredor lateral de acesso ao imóvel. A iluminação está adequada para visualização, indicando início da manhã (05:33h, conforme timestamp nas imagens).",Não há pessoas nem veículos visíveis em nenhum dos frames analisados.,Não foram identificados comportamentos de risco; ausência total de movimentação ou presença humana nas áreas monitoradas.,"Data e hora no canto superior esquerdo, ""Camera 04"" no canto inferior direito.","**Não**, nenhum risco aparente — ausência total de movimentação ou presença em local de acesso restrito.",camera_analyzer_prompt_internal_to_outside,False,False
event_20250402_150548_d33720ea,9,motion_detected/event_20250402_150548_d33720ea/0001_40425_20250221_185342_frame_20250402_150548_000004.jpg,40425,2025-02-21 18:53:42,"Ambiente interno com vista para área externa privada, com iluminação diurna e claridade natural. A área visualizada parece ser um corredor ou entrada lateral/fundos, com escadaria e vegetação de jardim, acesso a uma porta do imóvel.","Foi detectada uma pessoa nos dois primeiros frames, posicionando-se na lateral da imagem e seguindo movimento de saída ou passagem pela área. Nos frames seguintes, não há mais pessoas visíveis.","A presença de uma pessoa transitando por essa passagem lateral/fundos pode ser motivo de atenção, principalmente se não houver circulação habitual nesse local ou se for uma área restrita. A pessoa aparentemente se afasta rapidamente, sem sinais claros de arrombamento, invasão ou interação com portas/janelas/muros.",Texto com data/hora e “Camera 04” visível nas imagens.,"**Sim**, pois há presença incomum de pessoa em área de circulação restrita. Ainda que o comportamento não indique imediatamente invasão (não há tentativa de abrir portas, nem observação demorada), a simples circulação nessa área demanda atenção por se tratar de acesso lateral/fundos, indicando risco potencial.",camera_analyzer_prompt_internal_to_outside,False,True
event_20250410_145304_ec9c81a1,11,motion_detected/event_20250410_145304_ec9c81a1/0000_climbing-wall_20250410_145304_frame.jpg,climbing-wall,2025-04-10 14:53:04,"Ambiente externo, em frente à fachada e portão de entrada de um prédio residencial. Cena noturna, com iluminação pública funcionando bem, tanto na rua quanto no condomínio. A câmera está posicionada para monitorar o portão de acesso de veículos e pedestres, além da calçada em frente ao imóvel.","- 1 carro estacionado na garagem interna, perto do portão.
  - 2 pessoas aparecem caminhando na calçada, no canto direito das imagens, em direção ao fundo da cena (a partir do frame 0006 até o final da sequência).
  - Uma moto se aproxima, visível a partir do frame 0008, transitando na rua em direção ao portão do condomínio, com ocupante(s) (embora não claramente discerníveis individualmente devido à distância e iluminação).
  - Não há sinais de permanência prolongada, hesitação excessiva, manipulação de portões ou interações diretas com o imóvel.","- As duas pessoas caminham normalmente pela calçada, sem sinais evidentes de observar demasiadamente o imóvel, pausar, ou agir de forma hesitante.
  - A motocicleta passa pela rua, reduz um pouco a velocidade nos últimos frames, mas não para nem exibe manobra que indique foco específico no imóvel ou interação com as pessoas.
  - Não há tentativas de manipulação do portão, nem abordagem coordenada entre indivíduos.
  - Não se observa uso incomum de capuz/boné/máscara.","Marca d'água ""intelbras"" no canto superior esquerdo e data/hora no canto superior direito.","**Não**.  
  Justificativa: O movimento das pessoas e do motociclista é compatível com circulação típica em via pública. Não foram observados comportamentos de risco claro, como observação insistente ou parada da motocicleta, tentativa de forçar entrada ou aproximação suspeita ao portão.",camera_analyzer_prompt_external_street,True,False
event_20250408_154828_93f6f29a,2,motion_detected/event_20250408_154828_93f6f29a/0000_gun_20250408_154828_frame.jpg,gun,2025-04-08 15:48:28,"Ambiente interno (recepção ou portaria) com vista para área externa por portas de vidro. Iluminação artificial, noite ou ambiente pouco iluminado. Local parece ser área de entrada de um edifício ou estabelecimento, não tipicamente exposta a circulação casual à noite.","Três pessoas visíveis. Uma sentada à esquerda (parece cliente/visitante), outra atrás do balcão (provável funcionário), e uma terceira entrando pela porta (provável agressor). O indivíduo ao fundo aparece rendido com as mãos para cima; na segunda imagem, uma pessoa (de boné e roupa escura) avança em direção ao balcão com o que aparenta ser uma arma de fogo, rendendo os outros presentes.","- Entrada súbita de pessoa armada apontando a arma na direção dos ocupantes do local.
   - Gestos claros de rendição dos demais indivíduos (mãos para cima).
   - Agressão ou ameaça direta explicitada visualmente.",Nenhum,"**Sim**, risco **alto**. Justifica-se por invasão armada e rendição violenta de ocupantes, configurando situação de roubo ou ameaça direta à integridade das pessoas presentes.",camera_analyzer_prompt_internal_to_outside,True,True
event_20250403_091655_aab5dcac,13,motion_detected/event_20250403_091655_aab5dcac/0001_55407_20250302_230353_frame_20250403_091655_000002.jpg,55407,2025-03-02 23:03:53,"Ambiente interno com vista para área externa privada (varanda ou quintal murado), voltada para rua movimentada; gravação noturna, boa iluminação nas áreas interna e externa; área visualizada corresponde ao portão de entrada, calçada e parte da rua.","Aproximadamente duas pessoas circulando na calçada do lado de fora do portão, uma pessoa passa caminhando rente ao portão, outras pessoas aparecem na esquina, no fundo das imagens; três detecções de carro passando na rua ao fundo.","Uma pessoa caminha próxima ao portão, aparentemente apenas transitando, sem indício claro de observação do imóvel, tentativa de abertura ou comportamento suspeito no portão/grade. Não há aproximação às áreas restritas da propriedade.","Texto com data, hora e “Camera 02” visível na imagem.","**Não**, circulação de pedestres e veículos condizente com área urbana externa, sem indícios de tentativa de acesso, observação excessiva ou aproximação suspeita à propriedade nas imagens analisadas.",camera_analyzer_prompt_internal_to_outside,False,False
event_20250410_145303_53f4d622,5,motion_detected/event_20250410_145303_53f4d622/0000_robbery_20250410_145303_frame.jpg,robbery,2025-04-10 14:53:03,"Ambiente interno, possivelmente uma sala ou escritório, com iluminação artificial (deve ser noite ou ambiente pouco iluminado). Móveis como balcão, telefone e objetos eletrônicos são visíveis.","Aproximadamente duas pessoas presentes. Ambas vestidas com roupas volumosas/agasalho e toucas, uma delas com capuz (parece tentar cobrir parte do rosto).","As duas pessoas estão juntas, em posição agachada, próximas à bancada, realizando ações rápidas e coordenadas. Uma pessoa parece vasculhar gavetas ou armários e a outra acompanha, agindo de modo a ocultar parcialmente o rosto. Movimentos sugerem tentativa de retirada rápida de itens ou busca por objetos de valor.","Sim, há uma marca d'água no canto superior direito (""BRASÍLIA 21°C"").","**Sim**, as ações são consistentes com comportamento furtivo e indicam risco alto ao patrimônio, evidenciado por movimentação suspeita, ocultação do rosto e possível retirada/disfarce ao manipular objetos em local fechado fora do contexto comum.",camera_analyzer_prompt_internal_closed,True,True
event_20250402_170453_c09018c0,12,motion_detected/event_20250402_170453_c09018c0/0001_4992_20250228_161321_frame_20250402_170453_000026.jpg,4992,2025-02-28 16:13:21,"Ambiente externo, registrado durante o dia sob forte iluminação natural (luz intensa, sombras nítidas). A cena mostra uma área com significativa vegetação à frente, próximo a um portão ou grade — típico de área de entrada de imóvel residencial, fachada ou calçada.","Não há presença visível de pessoas ou veículos em nenhum frame da sequência (detecção zerada). Toda a vista é obstruída em parte por plantas de folhas largas, mas mesmo nas áreas livres não foram detectados objetos de interesse.","Não há sinais objetivos de manipulação de portões, circulação, observação suspeita, motos ou qualquer atividade de potencial risco. Nenhum comportamento de risco é observável.","Texto da data/hora da câmera visível (""28-02-2025"", etc.), marca d’água da câmera (""camera 06"").","**Não**, nenhum risco aparente, pois não há qualquer atividade humana ou veicular detectada na cena.",camera_analyzer_prompt_external_street,False,False
event_20250405_210823_c277677b,28,motion_detected/event_20250405_210823_c277677b/0001_videoplayback_frame_20250405_210822_000002.jpg,videoplayback,,"Ambiente externo, durante o dia, com iluminação natural boa. Câmera captando uma rua residencial, com presença de calçada, entrada/garagem de imóvel e vários veículos estacionados ao longo da rua e frente a casas.","- Diversos carros estacionados na rua e na calçada ao longo de toda a sequência.
  - Um veículo SUV preto para no meio da rua, em frente ao imóvel monitorado (entre as casas).
  - Ao longo da sequência, uma pessoa desce rapidamente do veículo pelo banco do passageiro, corre para a direção da calçada rapidamente e retorna ao veículo, que segue o trajeto. Outras pessoas não são observadas saindo dos demais veículos.","- O veículo SUV preto para no meio da rua, permanece por alguns segundos, com uma das portas abertas.
  - Um ocupante salta do veículo e corre rapidamente em direção à calçada e volta para o carro logo em seguida, embarcando rapidamente e o veículo sai do local.
  - O padrão de parada súbita, descida rápida e retorno imediato é típico de abordagem suspeita, podendo estar relacionado a ações como reconhecimento, tentativa de invasão, entrega ilícita, abordagem criminosa ou fuga.
  - Não há tentativa visível de forçar entradas, mas o comportamento é atípico para entregas ou visitas normais.",Nenhum,"**Sim**, o comportamento do veículo parando abruptamente, a descida rápida do passageiro para a calçada (sem características de entrega ou visita usual) e o retorno igualmente apressado indicam risco potencial (abordagem suspeita/tática de reconhecimento rápido ou tentativa criminosa frustrada), principalmente em áreas residenciais. Recomenda-se atenção à recorrência desse padrão e, se necessário, acionamento de autoridades competentes.",camera_analyzer_prompt_external_street,True,True
event_20250408_154827_fa7d2be8,2,motion_detected/event_20250408_154827_fa7d2be8/0000_throw_20250408_154827_frame.jpg,throw,2025-04-08 15:48:27,"Ambiente interno (câmera em possível varanda ou janela) com vista para área externa privada (quintal/jardim cercado por muros e cercas). Iluminação natural de dia, sem sombras expressivas. Área aberta, gramada, cercada por portões e muros altos.","Nenhuma pessoa visível no frame inicial. No segundo frame, há uma pessoa no canto superior direito, aparentemente escalando ou pulando a cerca/muro da propriedade.","A pessoa está pulando ou atravessando o muro lateral para dentro do quintal privado, em local onde não deveria haver circulação normal. Este é um sinal objetivo de invasão ou tentativa de acesso não autorizado.",Timestamp e “Cam 08” visíveis na imagem.,"**Sim**, risco **alto**. Justificativa: ação clara de invasão — pessoa escalando o muro para adentrar área privada, comportamento típico de risco à segurança da propriedade.",camera_analyzer_prompt_internal_to_outside,True,True
event_20250408_154826_2a63d2a6,3,motion_detected/event_20250408_154826_2a63d2a6/0000_lying_down_20250408_154826_frame.jpg,lying,,"Ambiente externo, aparentemente durante o dia, com boa iluminação natural. A cena ocorre em uma área de estacionamento/garagem frontal ao imóvel, junto a um portão ou cerca.","Aproximadamente 1 pessoa no chão próxima a um carro azul com a porta do motorista aberta. Não há outros veículos ou pessoas visíveis na cena. A pessoa parece estar parcialmente deitada/caída ao lado do veículo e, nos frames seguintes, se movimenta, indicando possível tentativa de se levantar ou deslocamento.","Não há sinais claros de tentativa de invasão ou manipulação de entradas. O comportamento observado é incomum — uma pessoa deitada ou caída ao lado do carro pode indicar acidente, mal súbito ou tentativa de manutenção no veículo. Não há sinais de abordagem suspeita de motocicleta, circulação lenta, ou coordenação entre múltiplos indivíduos, nem uso incomum de trajes de ocultação.",“FAILARMY” (marca d’água visível),"**Não**, não há indícios objetivos de risco à segurança patrimonial ou comportamentos tipicamente associados a ameaças nesta sequência. O evento parece ser acidental ou resultado de uma atividade legítima, como manutenção ou queda.",camera_analyzer_prompt_external_street,True,False
event_20250403_091957_b1140755,6,motion_detected/event_20250403_091957_b1140755/0001_55406_20250302_230353_frame_20250403_091957_000024.jpg,55406,2025-03-02 23:03:53,"Ambiente externo, em frente à fachada de um condomínio ou residência, iluminado por postes e luzes do prédio, em período noturno. As imagens mostram uma rua residencial, calçada e portão de entrada frontal.","- Dois carros estacionados do outro lado da rua, permanecendo estáticos na maioria da sequência.
  - Uma pessoa atravessando ou caminhando na calçada em frente ao portão, indo da esquerda para a direita do ponto de vista da câmera.
  - Um terceiro carro (preto) aparece nas imagens finais, em movimento.","- Não há sinal visível de manipulação de portão, tentativa de entrada, permanência prolongada ou observação suspeita da residência.
  - A pessoa vista transita normalmente na calçada, sem evidências de hesitação ou ações direcionadas ao imóvel.
  - Ausência de motocicletas e nenhum agrupamento de indivíduos nem ação coordenada aparente.","""Camera 01"" e data/horário no canto superior esquerdo.","**Não**, não foram observados comportamentos ou situações que, visualmente, caracterizem risco potencial à segurança nesta sequência analisada.",camera_analyzer_prompt_external_street,False,False
event_20250403_101142_7b6e80c2,8,motion_detected/event_20250403_101142_7b6e80c2/0001_17201_20250307_002851_frame_20250403_101142_000035.jpg,17201,2025-03-07 00:28:51,"Ambiente externo, durante a noite, iluminação típica de câmeras de segurança por infravermelho. A cena mostra uma rua residencial com calçada, cerca de proteção e portão de entrada do imóvel.","Não há pessoas visíveis em nenhum dos frames. Um veículo (aparentemente um carro) aparece nos primeiros segundos, trafegando normalmente pela via e seguindo adiante. Não há motos ou outros veículos identificados.","Não há comportamentos suspeitos. O veículo não para, não reduz velocidade nem realiza movimentos incomuns em frente ao imóvel. Não há pessoas caminhando, parando, observando ou tentando acessar o local. Não há sinais de tentativa de acesso irregular ou permanência anormal.","""Frente,L,E"" e marca d'água ""Intelbras"" visíveis, além de data e horário.","**Não**, pois não foram observados comportamentos ou situações que indiquem risco à segurança no período analisado.",camera_analyzer_prompt_external_street,False,False
event_20250403_091629_66f321a3,8,motion_detected/event_20250403_091629_66f321a3/0001_55408_20250302_230353_frame_20250403_091629_000132.jpg,55408,2025-03-02 23:03:53,"Ambiente interno com vista para área externa privada (possivelmente um quintal ou área lateral/fundos). Imagens noturnas, com iluminação artificial suficiente para visibilidade. A área monitorada inclui um portão metálico e parte de uma cobertura, com visão parcial da via pública ao fundo.","Não há pessoas presentes em nenhuma das imagens. Um veículo (carro) é visto se deslocando rapidamente na rua ao fundo apenas nos dois primeiros frames, depois não há mais nenhum veículo ou pessoa na área monitorada.","Nenhum comportamento suspeito identificado. Não há presença ou movimentação de pessoas em áreas restritas, tampouco interação com o portão ou tentativa de acesso à propriedade.","Textos visíveis incluem data/hora e a marcação ""Camera 03"".","**Não**. Justificativa: Não há qualquer sinal de ação suspeita, invasão ou tentativa de acesso à propriedade; apenas trânsito rotineiro de veículo em via pública. Nenhum risco aparente.",camera_analyzer_prompt_internal_to_outside,False,False
event_20250403_091507_668f82d1,30,motion_detected/event_20250403_091507_668f82d1/0001_55408_20250302_230353_frame_20250403_091505_000050.jpg,55408,2025-03-02 23:03:53,"Ambiente interno com vista para área externa privada (provavelmente quintal ou corredor lateral de residência), mostrando portão de acesso ao fundo. Registro noturno, iluminação adequada (provavel uso de infravermelho/LED externo).","Não há pessoas detectadas em nenhum dos frames analisados. O que se observa, de modo consistente, é o tráfego ocasional de veículos na via externa à propriedade (rua ao fundo do portão).","Nenhum comportamento de risco identificado. Não há aproximação de pessoas ao portão, muros ou janelas. Não há tentativas de acesso ou observação dirigida para dentro da propriedade. Todo movimento registrado limitou-se à rua, sem interação com as áreas privadas monitoradas.","Timestamp e identificação da câmera (""Camera: 03"") visíveis nas imagens.","**Não**, nenhum risco aparente — ausência de presença ou ação suspeita em área restrita; apenas circulação rotineira de veículos na rua.",camera_analyzer_prompt_internal_to_outside,False,False
event_20250403_101234_154d0025,12,motion_detected/event_20250403_101234_154d0025/0001_17201_20250307_002851_frame_20250403_101234_000086.jpg,17201,2025-03-07 00:28:51,"Ambiente externo, à noite (horário registrado: 21:16h às 21:17h, 06/03/2025), com iluminação artificial da própria câmera. Localização parece ser em frente a um imóvel, com visão de calçada, portão, cerca e rua residencial lateral.","Não foram detectadas pessoas nas imagens. Observa-se a passagem de um veículo tipo van ou utilitário branco, que transita normalmente pela rua, cruzando o campo de visão da direita para a esquerda, sem sinais de parada ou redução anormal de velocidade.","Não há qualquer comportamento considerado suspeito. O veículo não para, não reduz a velocidade próxima ao imóvel monitorado, nem há pessoas desembarcando, olhando, caminhando de forma hesitante, manipulando portões ou sendo observadas no entorno imediato. Não há motos ou ocupantes incomuns. Nenhum movimento suspeito ou coordenação entre dois ou mais indivíduos.","“Frente, L, E” e marca d'água “Intelbras” visível, também data e hora.","**Não**. Justificativa: Trânsito normal de veículo tipo van, sem indícios de observação, parada, hesitação ou ação suspeita próxima ao imóvel monitorado. Nenhum sinal objetivo de risco identificado.",camera_analyzer_prompt_external_street,False,False
event_20250408_154827_284d5dd6,6,motion_detected/event_20250408_154827_284d5dd6/0000_walk_20250408_154827_frame.jpg,walk,2025-04-08 15:48:27,"Ambiente externo, aparentemente durante o dia, com iluminação natural boa. A cena é de uma área residencial, mostrando a fachada de uma casa, com calçada, jardim e entrada frontal.","Um indivíduo caminhando pela calçada em frente à residência, se aproximando pelo canto superior esquerdo e se deslocando para a direita ao longo das imagens. Não há veículos visíveis nas imagens.","O indivíduo caminha de maneira contínua, sem pausas perceptíveis, sem interação com o imóvel, sem tentar forçar, observar ou manipular o portão ou entradas. Nenhum sinal de circulação lenta, hesitação, olhar insistente para o imóvel, ou uso de objetos para ocultar o rosto.",Nenhum,"**Não**, não há sinais objetivos de comportamento suspeito ou de risco nesta sequência. O indivíduo apenas caminha pela calçada sem demonstrar atenção ou intenção voltada ao imóvel.",camera_analyzer_prompt_external_street,True,False
event_20250403_110215_e1fda258,6,motion_detected/event_20250403_110215_e1fda258/0001_6984_20250307_101724_frame_20250403_110215_000004.jpg,6984,2025-03-07 10:17:24,"Ambiente externo, aparentemente durante o dia com boa iluminação natural. A câmera está posicionada em frente a um imóvel, cobrindo área de estacionamento frontal e calçada, com visão para a rua residencial.","- Uma pessoa sentada sob um guarda-sol, à esquerda da imagem, aparentemente distraída, provavelmente usando um celular.
  - Um carro branco aparece e passa pela rua em frente ao imóvel entre os frames 3 e 4. Nenhum veículo permanece parado na frente do imóvel, e não há presença de motos ou outros pedestres visíveis.","- Nenhum comportamento de risco identificado: 
    - Não há aproximação ou manipulação de entradas.
    - A pessoa sob o guarda-sol permanece sentada e imóvel, sem ações suspeitas.
    - O carro branco apenas transita pela via, sem redução suspeita de velocidade, parada ou interação com o imóvel.
    - Não há sinais de coordenação entre indivíduos, olhares repetidos, nem circulação lenta próxima ao portão.",Camera 01 (marca d'água visível no canto inferior direito),"**Não**, nenhum comportamento suspeito ou fora do comum identificado na sequência apresentada.",camera_analyzer_prompt_external_street,False,False
event_20250410_145302_6b645c08,20,motion_detected/event_20250410_145302_6b645c08/0000_altercation_20250410_145302_frame.jpg,altercation,2025-04-10 14:53:02,"Ambiente externo, rua residencial à noite, com iluminação adequada para a visualização da cena. A câmera está posicionada voltada para a rua, captando o portão/fachada de um imóvel, calçada e parte da via pública.","- Inicialmente, há uma pessoa (homem com camisa amarela) caminhando pela rua carregando um objeto comprido (aparentemente uma barra ou tubo metálico). 
  - Ao se aproximar do portão, ele interage de forma agressiva, aparentemente tentando atingir ou ameaçar alguém dentro da propriedade (há outra(s) pessoa(s) no interior do imóvel, movimentação visível junto ao portão).
  - No decorrer da sequência, há poucos veículos estacionados (2 carros e 1 motocicleta à frente do imóvel – confirmando ambiente residencial, sem grandes fluxos de pessoas). Não há movimentação suspeita de veículos na sequência.","- Ação agressiva claramente identificada: o homem se aproxima direta e rapidamente do imóvel empunhando o objeto e, ao chegar junto ao portão, começa a utilizá-lo de forma violenta, tentando golpear alguém do lado interno.
  - No interior do imóvel, observa-se reação defensiva/repulsiva, com tentativa de conter ou revidar a agressão.
  - O comportamento é objetivo e direcionado, sem hesitação, mas há evidente intenção de confronto físico.
  - Não há indícios de tentativa de arrombamento ou invasão (ação principal é agressão, não acesso ao imóvel).
  - Não há movimentação ou ação suspeita por parte da motocicleta parada na rua, nem circulação anormal de veículos.","""intelbras"" (marca d'água do sistema de câmeras)","**Sim** – Situação de risco evidente à integridade física, configurando um episódio de agressão com potencial de lesão grave, ainda que aparentemente sem conexão direta com crimes patrimoniais (roubo/furto). O risco é pontual, relacionado ao comportamento agressivo do indivíduo que ataca o portão/residentes, e não por movimentação suspeita de veículos ou tentativa de invasão. Risco físico elevado.",camera_analyzer_prompt_external_street,True,True
event_20250403_114825_0411cb11,16,motion_detected/event_20250403_114825_0411cb11/0001_7640_20250307_134155_frame_20250403_114825_000030.jpg,7640,2025-03-07 13:41:55,"Ambiente externo, durante o dia, com iluminação natural forte e sombras visíveis. A cena mostra uma área lateral de um imóvel, possivelmente uma passagem ou rampa ao lado de uma construção, com algumas plantas e tubos ou escadas encostados no muro. Local de baixa circulação, aparentemente uma área de serviço ou fundos do imóvel.",Não há registro de pessoas ou veículos em nenhuma das imagens da sequência analisada.,"Não foram observados comportamentos de risco nem presença de pessoas, motos ou carros. Não há indícios de tentativas de acesso, vigilância suspeita, permanência prolongada, ou outros sinais que indiquem risco potencial à segurança.","Marcas d'água ""intelbras"", data/hora e texto ""RAMPA"".","**Não**, nenhum sinal objetivo ou indício de risco foi identificado na cena.",camera_analyzer_prompt_external_street,False,False
event_20250408_154828_a45f416a,4,motion_detected/event_20250408_154828_a45f416a/0000_run_20250408_154828_frame.jpg,run,2025-04-08 15:48:28,"Ambiente externo, à noite, com boa iluminação artificial. A cena mostra uma rua ou área de estacionamento frontal de um imóvel, possivelmente comercial ou industrial, com acesso visível e presença de portão ou entrada.","1 veículo (automóvel pequeno, tipo furgão branco) estacionado de frente para o imóvel; aproximadamente 1 pessoa, que sai do carro e caminha em direção ao imóvel, permanecendo por vários segundos na cena.","A pessoa sai do carro e caminha em direção ao portão ou entrada do imóvel durante à noite, permanecendo a pé na calçada/entrada. Não há indicação clara de forçar ou manipular entradas nos frames mostrados, mas o comportamento de se aproximar do portão à noite, vindo diretamente de um veículo e com permanência em frente ao imóvel, especialmente num horário noturno e área aparentemente tranquila, é um indicativo relevante de atenção em contexto de segurança.",“Front Door” (marca d’água); data e hora visíveis.,"**Sim**, situação classificada como risco **médio**. Justifica-se pela combinação de: (i) permanência noturna em frente ao imóvel, (ii) chegada direta de veículo, (iii) abordagem ao portão/entrada, e (iv) cenário típico de ação preparatória para arrombamento, furto ou reconhecimento do local, mesmo sem ação ostensiva registrada nos frames apresentados. Recomenda-se atenção e monitoramento.",camera_analyzer_prompt_external_street,True,True
event_20250408_154830_8534a9f2,4,motion_detected/event_20250408_154830_8534a9f2/0000_sneak_20250408_154830_frame.jpg,sneak,2025-04-08 15:48:30,"Ambiente interno, aparentemente uma sala de estar, iluminação baixa (possivelmente visão noturna/infravermelho), ambiente residencial ou sala de espera confortável.","Aproximadamente 2 pessoas visíveis, ambas rastejando/agachadas pelo ambiente.","As duas pessoas estão se movendo de forma furtiva, rastejando pelo cômodo, comportamento típico de tentativa de evitar detecção por câmeras ou ocupantes. Não há movimentação normal ou atividades compatíveis com uso cotidiano do espaço.",Nenhum.,"**Sim**, comportamento claro de invasão/ação ilícita, alto risco pelo modo de locomoção furtiva e tentativa de evitar identificação.",camera_analyzer_prompt_internal_closed,True,True
event_20250408_154828_714f6d56,2,motion_detected/event_20250408_154828_714f6d56/0000_gun_20250408_154828_frame.jpg,gun,2025-04-08 15:48:28,"Ambiente interno, iluminação artificial aparentemente boa; ambiente do tipo loja/mercearia, provavelmente um caixa ou balcão de atendimento.","Aproximadamente três pessoas visíveis (duas ao balcão, uma próxima do corredor à esquerda). Uma pessoa usa capuz e roupa clara, outra usa roupas escuras, e a terceira pessoa se movimenta rapidamente pela lateral.","Uma pessoa de capuz parece se aproximar do balcão de maneira abrupta; a movimentação é rápida e direcionada, o que pode indicar tentativa de abordagem suspeita. O capuz pode estar sendo utilizado para dificultar identificação. Não se observa ação destrutiva explícita, mas a atitude e o contexto sugerem potencial preparação para conduta de risco (ex.: roubo ou abordagem agressiva).",Data/hora visível (“13/02/2012 20:23:09/01”),"**Sim**, devido à movimentação rápida de uma pessoa encapuzada em direção ao balcão, sinal típico de situação de risco em contexto comercial (possível assalto ou ameaça).",camera_analyzer_prompt_internal_closed,True,True
event_20250403_092010_6fe6424e,10,motion_detected/event_20250403_092010_6fe6424e/0001_55406_20250302_230353_frame_20250403_092005_000031.jpg,55406,2025-03-02 23:03:53,"Ambiente interno (provavelmente portaria, entrada ou corredor coberto) com vista para área externa privada, voltada para a rua através de portão gradeado. É noite, com iluminação pública e luzes próximas bem acesas. A área visualizada é o entorno imediato do portão, a calçada e trecho da rua em frente ao imóvel.","Sequência mostra pelo menos duas pessoas caminhando na calçada em frente ao portão durante a noite. Diversos carros passam pela rua, dois deles param e permanecem estacionados durante a sequência, sem ação suspeita, enquanto outros seguem em movimento. Em nenhum momento observa-se pessoa tentando acessar o portão, se aproximando demasiadamente ou focando a propriedade; todos caminham paralelamente ao imóvel, sentido transversal.","Não há pessoas circulando na área interna nem próximas ao portão, nem ações que sugerem tentativa de observar, forçar entrada ou atitudes suspeitas. Todos os movimentos de pessoas na calçada e veículos são típicos de circulação urbana.","Câmera 01, data e hora sobrepostas no canto superior esquerdo, sem outra marca d’água visível.","**Não**, nenhum comportamento suspeito foi identificado, e não há presença ou movimentação atípica de pessoas na área privada ou em atitude de risco junto ao imóvel.",camera_analyzer_prompt_internal_to_outside,False,False
event_20250402_134706_4376a9ef,8,motion_detected/event_20250402_134706_4376a9ef/0001_6888_20250219_153816_frame_20250402_134706_000056.jpg,6888,2025-02-19 15:38:16,"Ambiente interno, aparentemente o interior de um elevador. Iluminação artificial, ambiente bem iluminado. Trata-se de um local confinado (elevador), sem janelas visíveis para o exterior.",Nenhuma pessoa ou veículo visível nas imagens; ambiente está vazio em todos os frames analisados.,"Não há qualquer comportamento de risco observável. Não há movimentação, ações anormais, tentativas de acesso forçado, manipulação suspeita de objetos ou sinais de dano/destruição no ambiente ao longo da sequência.",Marcação “Camera 06” e timestamp visíveis; nenhuma outra marca d’água ou texto relevante.,"**Não**, nenhum indício de comportamento suspeito ou risco à integridade das pessoas ou do patrimônio nas imagens analisadas.",camera_analyzer_prompt_internal_closed,False,False
event_20250410_145302_e3f6e863,13,motion_detected/event_20250410_145302_e3f6e863/0000_robbery_20250410_145302_frame.jpg,robbery,2025-04-10 14:53:02,"Ambiente interno, recepção de estabelecimento comercial (possível clínica ou escritório, identificado por “Ideal” na parede); iluminação clara, provavelmente diurna, dado o alto brilho vindo da janela.","De 3 a 4 pessoas adultas visíveis no decorrer da sequência. Dois homens de máscara (um com blusa azul, outro com preta) demonstram comportamento dominante; um homem sentado é abordado; uma quarta pessoa entra, aparentemente funcionária.","- Um dos indivíduos de blusa azul aparenta agir de forma agressiva/ameaçadora, gesticulando e fazendo com que os outros se movam rapidamente, e parece controlar o ambiente.
  - O segundo indivíduo (blusa escura) movimenta-se rapidamente em direção à porta de acesso restrito.
  - A vítima (homem sentado) é forçada a levantar-se.
  - Interação forçada entre os envolvidos; pessoas parecem estar sob coerção.
  - Não há sinais de destruição, mas clara indicação de coação, que pode configurar roubo ou sequestro relâmpago.","#sbtnews, marca d’água ""Ideal Tecnologia"" e informações de data/hora/local (Ceilândia, DF).","**Sim**, risco alto; movimentos incisivos, coerção física e controle do ambiente por dois indivíduos denotam ação criminosa em andamento.",camera_analyzer_prompt_internal_closed,True,True
event_20250410_145304_750feb15,21,motion_detected/event_20250410_145304_750feb15/0000_climbing-wall_20250410_145304_frame.jpg,climbing-wall,2025-04-10 14:53:04,"Ambiente externo, registrado à noite (01:23h), com iluminação típica de câmeras infravermelho/baixa luminosidade. A cena ocorre em uma rua residencial com calçada e muro/portão visível à esquerda.","Dois indivíduos aparecem caminhando na rua, ambos de camiseta clara. Um deles carrega um grande saco plástico (possivelmente recicláveis ou materiais semelhantes). Aproximam-se do portão/muro da propriedade. Um dos indivíduos (de boné ou capuz) se desloca até o portão e inicia movimentos evidentes de manipulação na fechadura ou estrutura — aparentemente tentando abrir ou violar a entrada. O segundo indivíduo permanece na via, observando a movimentação do comparsa.","- Aproximação e permanência junto ao portão, com tentativa objetiva de manipulação/forçar a entrada.
  - Atuação coordenada entre dois indivíduos (um faz a abordagem direta, o outro observa/vigia).
  - O horário (madrugada) reforça a suspeita, pois ações legítimas de manutenção ou coleta nas propriedades tendem a não ocorrer nesse período.
  - O segundo indivíduo mantém postura de vigilância, sugerindo apoio à ação do outro.",Data e hora no topo direito (“17-02-2021 01:23:45” a “01:24:05”).,"**Sim**. Justifica-se pela tentativa clara de violação do portão e atuação coordenada entre dois indivíduos durante a madrugada, com abordagem típica de furto/arrombamento, representando risco de invasão ou dano patrimonial.",camera_analyzer_prompt_external_street,True,True
event_20250410_145303_9ad868ab,14,motion_detected/event_20250410_145303_9ad868ab/0000_robbery_20250410_145303_frame.jpg,robbery,2025-04-10 14:53:03,"Ambiente externo, com iluminação diurna boa (provavelmente fim de tarde, como mostrado pelo relógio). A localização é uma rua residencial, com muros altos, árvores e grades visíveis, parecendo um bairro de médio a alto padrão. A câmera está direcionada para a calçada e rua em frente a uma casa ou condomínio.","- Inicialmente há um carro prateado parado encostado à calçada e duas pessoas do lado de fora do carro (uma aparentemente saindo e outra abordando pela calçada).
  - Logo em seguida, uma terceira pessoa, de roupa escura e capuz/máscara, sai apressada do carro, correndo na direção da pessoa que estava na calçada.
  - O comportamento dos ocupantes do carro é agressivo e coordenado, indicando ação conjunta.
  - Ao longo da sequência, as pessoas da calçada fogem e o indivíduo de capuz retorna rapidamente para o carro, que logo deixa o local.","- O veículo para de modo abrupto e os ocupantes descem rapidamente, aparentando surpresa/preparação de abordagem violenta.
  - Um dos indivíduos está usando capuz e máscara de proteção ou similar, provavelmente para esconder a identidade (mesmo sendo dia e clima aparentemente ameno).
  - Movimento coordenado: enquanto um indivíduo aborda, outro permanece de suporte no veículo.
  - Pessoas da calçada demonstram pânico, correndo para longe, típico de situação de assalto ou tentativa de abordagem criminosa.
  - O carro permanece com portas abertas, pronto para fuga rápida.","Marca d’água ""#Jorn..."" (possivelmente ""Jornal"") no canto superior esquerdo, além das informações de data e hora no canto superior direito.","**Sim**  
  Justificativa: Todos os comportamentos são altamente compatíveis com uma ação criminosa do tipo assalto à mão armada (arrastão ou abordagem contra pedestres), com sinais como uso de capuz, ação em grupo, abordagem agressiva e fuga rápida. O risco é **alto** e objetivo, sendo recomendável atenção imediata e denúncia às autoridades.",camera_analyzer_prompt_external_street,True,True
event_20250410_145304_2bed5305,12,motion_detected/event_20250410_145304_2bed5305/0000_climbing-wall_20250410_145304_frame.jpg,climbing-wall,2025-04-10 14:53:04,"Ambiente externo, durante o dia com boa iluminação natural. A câmera está voltada para uma rua residencial, posicionada na fachada ou próxima ao portão de entrada, com visão para o muro e cerca elétrica/espiral de segurança visível.","Apenas uma pessoa aparece na cena. Não há veículos visíveis nas imagens. O indivíduo está vestindo boné, camiseta preta e calça jeans, e aparenta estar tentando escalar o muro da propriedade, manipulando a cerca de proteção.","O comportamento do indivíduo é altamente suspeito: ele está escalando o muro, aparentemente tentando violar a barreira física de proteção (cerca elétrica ou concertina), o que configura tentativa de acesso não autorizado à propriedade. Não há dúvida sobre o risco potencial, já que essa ação corresponde a tentativa de invasão.",Nenhum.,"**Sim**. A sequência mostra tentativa clara de invasão, com o indivíduo escalando obstáculo de segurança para adentrar à propriedade, o que caracteriza risco extremo à segurança do local.",camera_analyzer_prompt_external_street,True,True
event_20250403_091138_c85f8cb2,12,motion_detected/event_20250403_091138_c85f8cb2/0001_55410_20250302_230353_frame_20250403_091138_000004.jpg,55410,2025-03-02 23:03:53,"Ambiente externo; imagens noturnas com iluminação adequada, provavelmente de câmeras de segurança com infravermelho. A cena mostra a frente de um imóvel, incluindo uma calçada, um portão de acesso e uma rua residencial ou de pouco movimento.","Não há pessoas presentes em nenhum dos frames analisados. Pelo movimento dos faróis e silhuetas, alguns carros passam pela rua em alta velocidade. Não há motocicletas, bicicletas ou veículos parados visíveis, tampouco ocupantes à mostra.","Não há indícios de tentativas de manipulação de portão, entrada ou fechadura. Nenhuma permanência de pessoas próximas ao imóvel, olhar repetido, circulação suspeita, observação hesitante, nem ações coordenadas entre indivíduos. O fluxo de veículos é contínuo, sem redução de velocidade, parada ou circulação repetitiva de veículos/motocicletas.","Tela apresenta a marca d'água ""Camera 05"" e carimbo de data e hora, sem outros textos ou marcas.","**Não**, nenhum comportamento de risco foi identificado. O ambiente está vazio ou com trânsito apenas ocasional de carros, sem qualquer sinal objetivo de ameaça à segurança.",camera_analyzer_prompt_external_street,False,False
event_20250408_154826_0a86d63c,4,motion_detected/event_20250408_154826_0a86d63c/0000_grab_20250408_154826_frame.jpg,grab,2025-04-08 15:48:26,"Ambiente interno, possivelmente loja ou balcão de atendimento. Iluminação clara, provavelmente durante o dia. Estrutura típica de recepção ou loja com computadores/terminais no balcão.","Aproximadamente 3 pessoas visíveis (2 do lado de fora do balcão e 1 atrás do balcão, podendo haver mais funcionários fora do ângulo). Ninguém aparenta estar mascarado ou com o rosto visivelmente coberto.","Pessoa de moletom escuro (ao fundo) faz gestos com a mão para as pessoas atrás do balcão, aparentemente exibindo algo nas mãos em direção ao atendimento de forma ostensiva. A movimentação é direta e sugere certo senso de urgência ou comando, podendo indicar uma situação de ameaça ou intimidação. Não há sinais claros de agressão física ou destruição de patrimônio, mas o comportamento é atípico e potencialmente intimidador.",Nenhum,"**Sim**, devido ao comportamento de possível intimidação por parte de um dos indivíduos, com gestos em direção aos funcionários, o que pode indicar o início ou ameaça de uma situação de risco (ex: assalto ou tentativa de coação).",camera_analyzer_prompt_internal_closed,True,True
event_20250403_113409_13e3515e,35,motion_detected/event_20250403_113409_13e3515e/0001_7647_20250307_134155_frame_20250403_113409_000117.jpg,7647,2025-03-07 13:41:55,"Ambiente externo, rua residencial com calçada visível e portão de entrada; dia, iluminação natural boa.","Diversos carros estacionados na via e alguns circulando; destaque para carros adesivados (aparentemente de empresa de segurança ou vigilância) passando várias vezes pela rua. Em um dos quadros (0011.jpg), aparece uma motocicleta transitando rapidamente pela lateral direita da imagem.","- Ao longo da sequência, não há registro objetivo de pessoas manipulando entradas, circulando hesitantes na calçada, ou observando prolongadamente o imóvel.
  - A circulação dos veículos de segurança (provavelmente vigilância motorizada) repete-se algumas vezes no trecho, o que pode sugerir ronda regular e não aparenta conduta suspeita.
  - A moto, ainda que isoladamente represente fator de atenção, passa rapidamente e não há indícios de redução de velocidade, permanência ou observação do imóvel.
  - Não há registro de pessoas a pé, dupla em motocicleta, paradas ou olhando fixamente para o imóvel.","""intelbras"", ""frente esquerda"", data/hora visível.","**Não**, pois os comportamentos observados não configuram sinais objetivos de risco — circulação normal de veículos e ronda de segurança são condutas esperadas e não há indicações atípicas de ameaça à segurança no trecho analisado. Se houver demanda por análise específica sobre a motocicleta ou outro recorte, favor sinalizar.",camera_analyzer_prompt_external_street,False,False
event_20250403_091909_dcb3fc90,35,motion_detected/event_20250403_091909_dcb3fc90/0001_55407_20250302_230353_frame_20250403_091906_000129.jpg,55407,2025-03-02 23:03:53,"Ambiente interno (provável varanda ou área coberta) com vista frontal para área externa privada (calçada interna, portão e jardim), e visão parcial da rua ao fundo. Noturno, bem iluminado tanto pela iluminação pública externa quanto por possíveis luzes internas.","Circulação de pedestres e ciclistas exclusivamente na calçada e rua externa ao portão. Ao menos duas pessoas (uma a pé e outra de bicicleta) passam em ambas as direções, sempre pelo lado externo do portão. Veículos (carros) circulam apenas na rua.","Não são observados comportamentos de risco. Todas as pessoas permane­cem do lado de fora do portão, sem tentativas de acesso, aproximação suspeita, observação prolongada ou interação com o imóvel. Nenhuma abordagem ao portão, janelas ou áreas internas.","Texto “Camera 82” e “Camera 81”, além de data/hora na parte superior das imagens.","**Não**; circulação de transeuntes e ciclistas totalmente compatível com uso público da via, nenhum indício de ação suspeita relativa à segurança da propriedade.",camera_analyzer_prompt_internal_to_outside,False,False
event_20250403_110621_6b0b2685,43,motion_detected/event_20250403_110621_6b0b2685/0001_6985_20250307_101724_frame_20250403_110621_000090.jpg,6985,2025-03-07 10:17:24,"Ambiente externo, filmado durante o dia, com boa iluminação natural. A câmera está posicionada frontalmente a um estacionamento/pátio em frente a uma edificação, voltada para uma rua aparentemente residencial, com calçada visível e trânsito de veículos e pedestres.","- Várias pessoas transitam a pé ao longo da sequência, geralmente sozinhas e caminhando de maneira natural.
  - Vários carros passam pela rua em velocidade compatível com o tráfego local.
  - Uma motocicleta com ao menos um ocupante circula, mas não há indicação clara de permanência suspeita nem atitudes anormais.
  - Um ônibus aparece, para próximo ao local e prossegue viagem normalmente.
  - Um ciclista atravessa a cena em determinado momento.","- Não são observados comportamentos de risco direto nas imagens analisadas:  
    - Ninguém tenta acessar ou manipular entradas do imóvel.
    - Não existe permanência prolongada de pessoas em frente ao imóvel.
    - Não há registros de veículos parados com ocupantes observando o local por tempo incomum.
    - A motocicleta observada transita normalmente, sem redução de velocidade suspeita ou repetição de passagem.
    - Não há uso incomum de capuz, boné ou máscara.
    - Não há sinais de coordenação entre indivíduos para alguma ação suspeita.","Há marca d'água com data/hora e identificação da câmera (""Camera 02"").","**Não**, não foram identificados comportamentos ou situações objetivas que elevem o risco de segurança conforme os parâmetros apresentados. O fluxo de pessoas e veículos segue um padrão comum para área urbana durante o dia.",camera_analyzer_prompt_external_street,False,False
event_20250403_092056_211edf58,29,motion_detected/event_20250403_092056_211edf58/0001_55406_20250302_230353_frame_20250403_092056_000081.jpg,55406,2025-03-02 23:03:53,"Ambiente interno, com vista para área externa privada (possivelmente entrada/portão de residência ou prédio residencial). Iluminação noturna, aparentemente bem iluminado (luzes externas e públicas acesas). A área visualizada abrange a calçada, um portão frontal, pequena área antes do portão e a rua logo em frente.","Presença regular de pedestres caminhando pela calçada, com fluxo contínuo de pessoas, incluindo indivíduos sozinhos, pequenos grupos e pelo menos uma pessoa acompanhada por um animal de estimação (cão). Também há trânsito constante de veículos na rua (carros). Não há indícios de pessoas dentro da área privada monitorada, tampouco tentativa de acesso à propriedade.","Nenhum comportamento suspeito ou de risco identificado. As pessoas caminham normalmente pela calçada, sem se aproximar do portão, muros ou demonstrar interesse em acessar ou observar o interior do imóvel. Não há ninguém tentando abrir o portão, olhando através de frestas ou circulando na área privada da propriedade.","Marcação de data, hora e nome da câmera (""Camera 01"").","**Não**, nenhum risco aparente observado. Todas as interações acontecem na via pública e em comportamento compatível com trânsito normal de pedestres e veículos.",camera_analyzer_prompt_internal_to_outside,False,False
event_20250408_154827_aa517d3e,3,motion_detected/event_20250408_154827_aa517d3e/0000_hit_20250408_154827_frame.jpg,hit,2025-04-08 15:48:27,"Ambiente interno, iluminação artificial, com grandes janelas em vidro que permitem a visualização de área externa. Parece ser uma sala de espera, possivelmente em imóvel comercial ou institucional, com acesso ao lado externo (visão parcial de jardim/corredor através das janelas).","Entre cinco pessoas são visíveis nos frames. Três delas circulam no centro do ambiente, uma próxima a um local de atendimento e outra sentada. No segundo e terceiro frame, observa-se duas pessoas com destaque: uma mulher e um homem interagindo com alguém sentado/caído no chão; outras pessoas estão dispersas ou acompanhando a situação de perto.","- Não há evidências de acesso forçado, presença em áreas externas, ou tentativas de acesso a locais restritos nessa sequência de imagens. 
  - O ambiente é próprio para circulação de pessoas (sala de espera), e as ações parecem relacionadas à movimentação normal do local (troca de lugar, assistência/atenção a alguém no chão, mas sem sinais claros de confronto ou invasão).
  - Nenhum dos presentes está próximo de portões, janelas externas, muros, ou acesso à rua; também não há sinais de observação anormal do imóvel ou passagem por áreas externas privadas.","Há data/hora visível na imagem (""20250408_154827""), nenhuma marca d'água relevante além disso.","**Não**, nenhum comportamento de risco à segurança patrimonial ou intrusão observado — as ações estão restritas ao espaço interno e são compatíveis com seu uso (sala de espera).",camera_analyzer_prompt_internal_to_outside,True,False
event_20250410_145304_dc57fbbf,13,motion_detected/event_20250410_145304_dc57fbbf/0000_robbery_20250410_145304_frame.jpg,robbery,2025-04-10 14:53:04,"Ambiente externo, rua residencial estreita com calçadas e portões de residências claramente visíveis. Período noturno, iluminação proveniente de um forte poste de luz pública, garantindo visibilidade aceitável, mas com áreas de sombra.","Inicialmente, há um veículo parado em frente ao imóvel (primeiros segundos). Em seguida, uma motocicleta com dois ocupantes entra na cena, circula lentamente, para por tempo considerável no meio da rua, ambos permanecem na moto e observam o entorno. Em determinado momento, um dos ocupantes desce, aborda uma pessoa na calçada e rapidamente retorna para a motocicleta, que logo parte em velocidade moderada. Outra pessoa aparece correndo, aparentemente após o ocorrido, possivelmente vítima ou alguém buscando socorro.","- Motocicleta com dois ocupantes circulando devagar e parando em frente ao imóvel.
  - Permanência prolongada da moto com ocupantes atentos ao entorno.
  - Desembarque rápido de um ocupante, abordagem de terceiro na calçada (caracteriza flagrante de assalto/abordagem criminosa).
  - Fuga rápida dos ocupantes da moto após a abordagem.
  - Pessoa correndo logo após a saída da moto, indicando reação ao evento.","Horário (07:09, 05:18:35 etc.) e marca d'água de canal de TV visíveis nas imagens.","**Sim**. Justificativa: Evidência clara de abordagem suspeita e ação criminosa típica (assalto) envolvendo motocicleta com dois ocupantes, parada e abordagem a pedestre, além de fuga rápida — conduta fortemente associada a crimes patrimoniais em contexto urbano noturno no Brasil.",camera_analyzer_prompt_external_street,True,True
event_20250408_154828_d52e4f52,4,motion_detected/event_20250408_154828_d52e4f52/0000_fall_20250408_154828_frame.jpg,fall,2025-04-08 15:48:28,"Ambiente externo, à noite, com iluminação pública adequada (luzes de rua acesas). A cena ocorre em uma calçada de esquina, próxima a uma rua asfaltada, com bancos e algum movimento de pedestres e veículos ao fundo.","- Pelo menos cinco pessoas aparecem ao longo da sequência. No foco da cena, três pessoas estão interagindo de forma física (dois em confronto direto e um observando/interagindo próximo). Outras duas pessoas transitam ao fundo.
  - Um veículo aparece transitando na rua na última imagem.","- São observadas ações agressivas entre dois indivíduos (possível luta física ou tentativa de agressão): um deles está curvado na direção do outro, enquanto o terceiro parece intervir ou observar de perto.
  - Em determinada imagem (frame 4), um indivíduo claramente cai (ou é derrubado) no chão, sugerindo violência física.
  - Não há sinais de tentativas de invasão de propriedade, mas o risco físico entre pessoas e possível insegurança na via são notórios.
  - Não há motos presentes nas imagens.
  - Não há uso de capuz, boné ou máscara incomum aparente (baixa resolução).","Data e hora visíveis na parte inferior direita das imagens: ""23 5 2008 22:45:26-28"". Não há outras marcas d'água observáveis.","**Sim**, **risco alto** devido ao confronto físico claro, com queda ao solo e presença de múltiplos indivíduos em situação de possível agressão ou briga, implicando perigo para integridade física, desordem e potencial evolução para crimes mais graves (roubo, lesão, etc.), além de risco à segurança de transeuntes.",camera_analyzer_prompt_external_street,True,True
event_20250408_154827_126ad03b,8,motion_detected/event_20250408_154827_126ad03b/0000_hit_20250408_154827_frame.jpg,hit,2025-04-08 15:48:27,"Área externa em uma rua urbana com iluminação artificial à noite, presença de várias motocicletas estacionadas na calçada próxima a estabelecimentos/lojas com letreiros visíveis. A cena ocorre na via pública, possivelmente em frente a comércios ou bares.","Aproximadamente 8-10 pessoas visíveis interagindo de maneira intensa e violenta; há motos estacionadas, mas nenhuma motocicleta em movimento ou parada com ocupantes ativamente observando o imóvel. O foco é uma briga coletiva, com pessoas derrubadas no chão, outras agredindo-se mutuamente, e grupos separados em confronto físico.","Briga generalizada entre múltiplos indivíduos, com agressões físicas explícitas: pessoas caídas no chão, outras desferindo chutes, socos, movimentação de fuga e tentativa de separação dos envolvidos. Não há tentativa aparente de invasão ou manipulação de portões, porém a violência manifesta gera alto risco imediato à integridade das pessoas presentes e pode resultar em danos ao patrimônio (motocicletas, vitrines, etc.).",Caracteres e marcas d'água em escrita não latina visíveis na parte superior direita e inferior esquerda das imagens.,"**Sim**. A presença de tumulto violento em via pública, com confronto direto entre grupos, representa risco alto à segurança das pessoas e do local, independentemente da ausência de risco típico de invasão ao imóvel.",camera_analyzer_prompt_external_street,True,True
event_20250408_154827_199ade09,3,motion_detected/event_20250408_154827_199ade09/0000_lying_down_20250408_154827_frame.jpg,lying,,"Ambiente interno, iluminação artificial que indica ser dia ou noite sem janela visível. Trata-se de um tribunal ou sala de audiência (presença de mobiliário típico, como mesas para advogados, cadeiras em fileiras e divisória para o público).","Aproximadamente nove pessoas presentes. Dois (provavelmente agentes ou seguranças) estão imobilizando alguém no chão. Demais pessoas aparentam ser advogados, público ou funcionários, observando de pé sem intervenção direta. Não há veículos.","- Dois agentes contendo fisicamente um indivíduo no chão, indicando resistência ativa ou tentativa de contenção por questão de segurança.
    - Reação de surpresa ou alerta nas demais pessoas (mãos na cabeça, afastamento), que reforçam a gravidade do incidente.
    - Contexto e postura corporal sugerem possível confrontação física, resistência ou tentativa de fuga/interferência na ordem do ambiente.",Marca d'água desfocada visível no canto inferior direito.,"**Sim**, há risco **alto** devido à necessidade de imobilização física de uma pessoa, o que pode indicar agressão, resistência à autoridade ou comportamento que coloca em risco a integridade física dos presentes ou do patrimônio (equipamentos/móveis do tribunal).",camera_analyzer_prompt_internal_closed,True,True
event_20250408_154827_d86737e3,6,motion_detected/event_20250408_154827_d86737e3/0000_walk_20250408_154827_frame.jpg,walk,2025-04-08 15:48:27,"Ambiente externo, com iluminação diurna adequada. A cena ocorre em uma rua residencial, com imóveis laterais e calçada visível.","Em todos os frames, há duas pessoas caminhando na via (uma do lado esquerdo e outra do lado direito). Em alguns frames (2, 3 e 4), um carro passa pela rua, não demonstrando redução de velocidade, nem parando.","- Não há sinais objetivos de tentativa de manipulação de portões, fechaduras nem de abordagem a imóveis.
  - As pessoas caminham em direções opostas, sem permanência prolongada em frente ao imóvel ou atitudes suspeitas evidentes.
  - Não há uso incomum de capuz, boné ou máscara.
  - O veículo passa apenas uma vez, sem comportamento anormal como redução excessiva de velocidade ou observação intensa.
  - Não há motos na cena.",Nenhum,"**Não**, nenhum comportamento evidente de risco foi observado; trata-se de circulação e travessia normais de pedestres e passagem de veículo pela rua.",camera_analyzer_prompt_external_street,True,False
event_20250410_145302_b885e6c1,15,motion_detected/event_20250410_145302_b885e6c1/0000_robbery_20250410_145302_frame.jpg,robbery,2025-04-10 14:53:02,"Ambiente interno, possivelmente uma cozinha ou sala de jantar residencial. A iluminação é artificial e suficiente para boa visibilidade, sugerindo que seja noite (conforme o horário na imagem: 04:14). O ambiente está relativamente organizado, com mesa, cadeiras e utensílios de refeição.","Aproximadamente 5 pessoas. Inicialmente, há três pessoas sentadas à mesa. Dois indivíduos entram rapidamente no cômodo, um deles aparentemente portando um objeto cuja empunhadura sugere ser uma arma (possivelmente de fogo). Em seguida, outro indivíduo entra, totalizando ao menos três suspeitos ativos no evento. Todos os invasores demonstram comportamento agressivo, com postura ameaçadora e abordagem direta aos ocupantes da mesa.","- Invasão armada: Um ou mais indivíduos entram rapidamente e exibem objeto semelhante a arma.
  - Abordagem ameaçadora: Movimentação rápida, gritos ou gestos intimidatórios direcionados às vítimas sentadas.
  - Retirada de objetos: Em pelo menos dois frames, nota-se tentativa de subtrair pertences das vítimas (bolsas, carteiras, etc.), com gestos de entrega forçada.
  - Ações agressivas: Um dos invasores se aproxima, aparentemente exige ou retira os pertences diretamente das mãos/braços das vítimas.
  - Vítimas em estado de submissão ou defesa, de mãos levantadas ou protegendo-se, reforçando a situação de ameaça real.","""JornalDaRecord"" (marca d'água de reportagem/créditos visível nas imagens).","**Sim**, risco **alto** — Justificativa: Presença de indivíduos armados, ação violenta, intimidação direta às vítimas, subtração forçada de pertences, podendo evoluir para agressão física ou maior dano patrimonial/pessoal. A situação caracteriza clara ameaça à integridade das pessoas e à segurança do patrimônio.",camera_analyzer_prompt_internal_closed,True,True
event_20250410_145304_dcaae9e4,8,motion_detected/event_20250410_145304_dcaae9e4/0000_climbing-wall_20250410_145304_frame.jpg,climbing-wall,2025-04-10 14:53:04,"Ambiente externo, filmado à noite com iluminação infravermelha. As imagens mostram uma área de lazer residencial com piscina, árvores, paredes e um telhado lateral. O cenário indica proximidade de fachada ou fundos de uma casa, com visão clara de muros e área interna.","Não há veículos presentes. Duas pessoas aparecem na sequência: uma delas é vista escalando o muro, enquanto a outra surge logo depois, ambos adentrando indevidamente a área interna da residência. Os indivíduos movimentam-se de maneira furtiva, claramente invadindo o local por meio da escalada do muro.","- Escalada do muro da residência.  
  - Adentrar área interna privada sem permissão.  
  - Postura furtiva, típica de tentativa de invasão/crime contra o patrimônio.  
  - Movimentação em dupla e coordenada, com um indivíduo aguardando enquanto o outro executa a escalada e entrada.  
  - Horário de madrugada, incompatível com situações cotidianas seguras para esse tipo de movimentação.","""Intelbras"", ""JornalDaRecord"" e data/hora visíveis.","**Sim**, **risco alto, pois há invasão de perímetro privado com ações claramente criminosas, incluindo escalada de muro e movimentação coordenada de dois indivíduos em ambiente residencial durante a madrugada.**",camera_analyzer_prompt_external_street,True,True
event_20250408_154828_5a4b81bc,5,motion_detected/event_20250408_154828_5a4b81bc/0000_run_20250408_154828_frame.jpg,run,2025-04-08 15:48:28,"Ambiente externo, filmado à noite, com iluminação artificial da rua. A cena mostra uma via urbana com calçada, fachada de imóveis e veículos estacionados. O local parece uma rua de centro ou área comercial, com câmeras de monitoramento e iluminação suficiente para visibilidade.","- Inicialmente, há dois carros visíveis (um parado preto em destaque, outro mais à frente) e algumas pessoas ao fundo.
  - Com o avanço dos frames, um grupo grande de pessoas (pelo menos 10) se aproxima rapidamente, ocupando a rua e calçada. Algumas parecem estar correndo ou se deslocando rapidamente.
  - Não há motocicletas detectadas.
  - Nenhuma pessoa aparenta estar tentando forçar entradas de imóveis, mas parte do grupo se movimenta de forma acelerada e agitada em direção ou ao redor do carro preto estacionado.","- Correria/coletividade: Um grupo relativamente grande se desloca rapidamente, com alguns aparentemente fugindo ou perseguindo outros. Esse comportamento pode indicar tumulto, briga, tentativa de agressão, ou fuga de situação de risco.
  - Não há tentativas visíveis de invasão ou abordagem direta ao imóvel monitorado, mas a presença de um grupo grande em movimento rápido pode ser interpretada como sinal de evento atípico ou potencialmente inseguro.
  - Não é possível identificar olhares direcionados especificamente ao imóvel monitorado devido à baixa resolução e ângulo da câmera.","- Marca d'água “FRONT” e informações de data/hora no topo (2016-05-15 21:57:20 a 21:57:24).
  - CAM 1 visível na parte inferior esquerda.
  - Nenhum outro texto relevante/marca d’água notada.","**Sim**. O deslocamento rápido de um grupo grande de pessoas à noite, com padrão de possível confronto ou fuga, caracteriza situação atípica de segurança e potencial risco, mesmo não havendo sinais de abordagem direta ao imóvel. Sugerido monitoramento reforçado neste tipo de situação.",camera_analyzer_prompt_external_street,True,True
event_20250410_145302_7293e8c6,10,motion_detected/event_20250410_145302_7293e8c6/0000_altercation_20250410_145302_frame.jpg,altercation,2025-04-10 14:53:02,"Ambiente externo, durante o dia com boa iluminação natural. A cena ocorre em uma rua residencial estreita, com calçadas e portões de residências visíveis.","- Duas pessoas envolvidas em interação direta no meio da rua.
  - Uma motocicleta aparece parada próxima ao começo da sequência, aparentemente sem ocupantes durante a ação principal.","- Existe uma altercação física clara entre duas pessoas no meio da rua.
  - Uma das pessoas apresenta postura agressiva, indicando um possível assalto, tentativa de agressão ou roubo.
  - A motocicleta parada sugere possibilidade de apoio à ação delituosa, comum em crimes urbanos (ex: fuga rápida).
  - Não há sinais de terceira pessoa observando do portão ou tentativas de manipulação de entradas, mas a movimentação conjunta e agressiva é evidentemente suspeita.
  - A presença da motocicleta próxima e possível conexão com a ação reforça o risco segundo contexto brasileiro.","""Intelbras / geral"" (marca d'água visível no canto superior esquerdo)","**Sim**, há risco evidente pois a sequência mostra agressão/altercação física na rua, potencialmente relacionada a assalto ou tentativa de subtração de bens, com uso de motocicleta como apoio – padrão compatível com abordagens de risco alto em ambientes urbanos.",camera_analyzer_prompt_external_street,True,True
event_20250403_091821_49781bba,46,motion_detected/event_20250403_091821_49781bba/0001_55407_20250302_230353_frame_20250403_091814_000079.jpg,55407,2025-03-02 23:03:53,"Ambiente interno com vista para área externa privada (provavelmente jardim ou área frontal de residência), delimitada por portão metálico e grade. Cenas captadas à noite, com boa iluminação pública e artificial, permitindo visão clara das calçadas e área externa, incluindo a rua e veículos transitando.","Diversos veículos passam pela rua ao longo dos frames, mas permanecem sempre na via pública, sem interação ou aproximação ao portão ou área interna. Registra-se a circulação de várias pessoas caminhando pela calçada externa ao portão, inclusive em grupos e em diferentes direções. Em alguns momentos, pessoas passam sozinhas, em outros, em grupos de duas ou mais.","Em nenhum momento é observado comportamento suspeito direcionado ao imóvel monitorado. As pessoas transitam normalmente pela calçada, sem parar, observar persistentemente o local, tentar abrir portão, olhar por frestas ou se aproximar de muros, nem adentram a propriedade. Não há ação orientada à violação de segurança da área privada.","""Camera 02"" e timestamp visível; sem marcas d’água adicionais.","**Não**, nenhum sinal ou comportamento de risco identificado; a movimentação de pessoas está restrita à via pública (calçada), sem interação anômala ou direcionada ao acesso da área interna da propriedade.",camera_analyzer_prompt_internal_to_outside,False,False
event_20250402_142436_bcc6c37c,33,motion_detected/event_20250402_142436_bcc6c37c/0001_6884_20250219_153816_frame_20250402_142436_000046.jpg,6884,2025-02-19 15:38:16,"Ambiente externo, câmeras posicionadas para a rua, visualização de calçada, portão de entrada, árvores e casas residenciais. As imagens mostram condições diurnas, com iluminação natural intensa (provavelmente início da tarde, céu limpo).","- Uma sequência mostra um carro branco (hatch) estacionado na rua, em frente ao imóvel.
  - Duas pessoas aparecem próximas ao carro no primeiro frame dessa sequência: uma pessoa abre a porta do motorista, entra no veículo e, em poucos segundos, o carro parte.
  - Posteriormente, aparecem ciclistas transitando pela rua e pedestres caminhando, sem sinais de interação suspeita ou anormal.
  - Caminhões e outros carros passam normalmente pela via.","- O carro branco para, uma pessoa sai/entra rapidamente e o veículo parte quase imediatamente. Não há sinais visuais claros de forçamento de entrada, hesitação, observação insistente do imóvel, permanência prolongada ou coordenação com outros indivíduos.
  - Não há motocicletas paradas, circulando lentamente ou com comportamento suspeito.
  - Nenhum comportamento incomum dos pedestres observados (trajetória constante e direta, sem observar repetidamente imóveis ou agir de modo furtivo).
  - Os ciclistas também mantêm movimento contínuo, condizente com o uso normal da via.","Marca d'água ""Camera 02"" e data/hora visível no canto superior esquerdo.","**Não**
  - Justificativa: Todos os comportamentos captados nas imagens são condizentes com o uso regular da rua por veículos, pedestres e ciclistas. Ausência de sinais objetivos de risco, permanência suspeita, tentativas de acesso ao imóvel, ou comportamento anormal de veículos/motos.",camera_analyzer_prompt_external_street,False,False
event_20250410_145303_53a482af,9,motion_detected/event_20250410_145303_53a482af/0000_robbery_20250410_145303_frame.jpg,robbery,2025-04-10 14:53:03,"Ambiente externo, durante a noite, com iluminação pública suficiente para visualização nítida das ações. A câmera está posicionada em um imóvel residencial, com visão para a rua, frente de casas/garagens, calçada e entrada/portão do imóvel.","Um carro estacionado na rua em frente à garagem/portão do imóvel. Sequência mostra uma pessoa caminhando rapidamente em direção ao veículo e interagindo diretamente com ele (abrindo a porta do passageiro). Não há outros veículos visíveis, apenas o carro parado durante toda a sequência.","- O carro permanece estacionado na frente da garagem do imóvel por vários segundos, sem indicação de movimento inicial, sugerindo possível espera ou vigilância.
  - Uma pessoa aparece repentinamente, caminha rapidamente até o carro, abre a porta do passageiro e entra apressadamente, indicando ação coordenada ou tentativa de fuga rápida.
  - Há sinal de possível abordagem súbita e fuga, pois a pessoa corre e entra rapidamente no veículo.
  - Ausência de circulação normal de pedestres e comportamento atípico para horário e local residencial.","""Josefa Da Record"" no canto superior esquerdo, timer/datador no topo.","**Sim**, a sequência evidencia comportamento associado a risco — pessoa se aproximando rapidamente do carro parado, portão aberto no momento, sinais de possível abordagem ou fuga coordenada, circunstância típica de tentativa de assalto, arrombamento ou situação de perigo potencial no contexto urbano brasileiro.",camera_analyzer_prompt_external_street,True,True
event_20250402_134858_0c08b61e,6,motion_detected/event_20250402_134858_0c08b61e/0001_6887_20250219_153904_frame_20250402_134858_000010.jpg,6887,2025-02-19 15:39:04,"Ambiente interno, possivelmente hall ou corredor de edifício residencial/prédio, com vista para área externa privativa (provavelmente garagem/corredor interno com acesso restrito). Iluminação de dia e ambiente bem iluminado com luz natural e/ou artificial. Área visualizada é de circulação interna próximo a garagens/portões.","Não há pessoas visíveis nas imagens analisadas. É possível ver um veículo estacionado ao fundo, mas sem sinais claros de entrada, saída ou interação neste intervalo de tempo.","Não foram observados comportamentos suspeitos ou sinais de risco: não há presença de pessoas, tentativas de acesso, aproximação ou movimentos incomuns.",Há marcações de data/hora e nome da câmera (“Camera 05”) visíveis.,"**Não**, nenhum risco aparente. Não há circulação ou comportamento suspeito detectados nesta sequência.",camera_analyzer_prompt_internal_to_outside,False,False
event_20250410_145303_f653ab78,5,motion_detected/event_20250410_145303_f653ab78/0000_robbery_20250410_145303_frame.jpg,robbery,2025-04-10 14:53:03,"Ambiente externo, durante o dia com boa iluminação natural. A cena mostra a frente de uma residência em uma rua residencial, com calçada e área de estacionamento frontal visíveis.","- Veículo: Um carro estacionado na área frontal do imóvel.
  - Pessoas: Duas pessoas aparecem na sequência, uma de camiseta branca e outra de camiseta rosa.
  - Movimentação: Uma pessoa caminha rapidamente em direção à lateral do imóvel ou para fora do campo de visão, enquanto a outra (de branco) a segue de maneira apressada.","- Não há tentativa evidente de forçar portão, fechadura ou entrada.
  - Não há motocicletas nem sinais clássicos de abordagem de risco recorrentes no contexto brasileiro (ex.: duas pessoas em moto, observação prolongada ou lenta do imóvel por desconhecidos).
  - O comportamento das pessoas pode denotar pressa, mas não há visualmente sinais claros de ação criminosa ou suspeita objetiva, como vigilância excessiva, parada prolongada em frente ao imóvel, ou atitudes hesitantes características de reconhecimento de rotina para execução de delito.
  - As pessoas parecem estar apenas passando pela calçada ou podem ter se envolvido em alguma interação rápida, mas não há sinais nitidamente ameaçadores.","""ring.com"" e ""FOX TV STATIONS"" visíveis no canto superior das imagens.","**Não**, não há evidências objetivas de comportamento de risco ou ameaça clara com base nas imagens analisadas. As ações podem ser interpretadas como trânsito de pedestres ou movimentação comum no local, sem sinais de tentativa de acesso forçado, vigilância suspeita ou abordagem coordenada. Se houver contexto adicional relevante (como alertas prévios ou histórico recente de crimes na região), a análise pode ser revisada.",camera_analyzer_prompt_external_street,True,False
event_20250403_103142_fb391f55,9,motion_detected/event_20250403_103142_fb391f55/0001_17205_20250307_002852_frame_20250403_103142_000133.jpg,17205,2025-03-07 00:28:52,"Ambiente externo, noturno, com iluminação artificial suficiente para a visualização geral da área. A cena ocorre em um local similar a estacionamento ou pátio aberto, possivelmente fundos de uma empresa ou imóvel industrial/residencial, próximo a portões ou divisas.","Aproximadamente duas pessoas são detectadas ao longo da sequência, mas nunca mais de uma por quadro. Não há indícios de veículos detectados na sequência apresentada. As pessoas aparecem brevemente em dois frames, em posições diferentes.","Não se observa tentativa de manipulação de portões, entrada em áreas restritas, nem circulação suspeita ou hesitante. As aparições das pessoas parecem ser movimentações rápidas pelo ambiente, sem permanência prolongada, olhares repetitivos ou ações coordenadas. Não há motocicletas envolvidas, nem indícios de observação dirigidas ou comportamentos típicos de risco elevado.","Logomarca ""Intelbras"", data/hora, texto ""L.D. Fundos"".","**Não**, nenhum comportamento de risco objetivo foi identificado. A movimentação das pessoas é breve, sem ações suspeitas ou padrão de comportamento relacionado a tentativas de invasão, arrombamento ou vigilância do imóvel.",camera_analyzer_prompt_external_street,False,False
event_20250408_154826_c294253d,2,motion_detected/event_20250408_154826_c294253d/0000_kick_20250408_154826_frame.jpg,kick,2025-04-08 15:48:26,"Área externa privada, provavelmente a entrada da frente ou garagem de uma residência, ambiente diurno com boa iluminação. É possível ver parte do pátio, um carro estacionado e entrada principal da casa (front door).","1 pessoa presente, vestida com roupas escuras, capuz e máscara cobrindo o rosto, aproximando-se rapidamente da porta da casa; 1 veículo estacionado (carro branco).","Indivíduo com capuz e máscara aproxima-se diretamente da porta principal, em postura agressiva e suspeita (braços erguidos, gesto de entrada rápida). A presença de máscara e aproximação rápida sugerem intenção de ocultar identidade e possível tentativa de invasão ou violência contra a propriedade.","""Daily Mail"", ""SWNS"", ""West Midlands Police"" (marca/labelling na imagem).","**Sim**, comportamento altamente suspeito pela postura, ocultação de identidade e aproximação à porta principal de maneira abrupta. Alto risco de tentativa de arrombamento/invasão.",camera_analyzer_prompt_internal_to_outside,True,True
event_20250403_101111_73ee91ec,6,motion_detected/event_20250403_101111_73ee91ec/0001_17201_20250307_002851_frame_20250403_101111_000004.jpg,17201,2025-03-07 00:28:51,"Ambiente externo, noturno, com iluminação artificial nas proximidades do imóvel. A câmera está posicionada para capturar a fachada de um imóvel, mostrando a calçada, portão de entrada e parte da rua, provavelmente em uma área residencial.","Não foram detectadas pessoas ou veículos em nenhuma das imagens da sequência apresentada. Há um objeto volumoso escuro próximo ao portão, mas não há nenhum movimento ou alteração visível no objeto ou nos arredores ao longo dos frames analisados.","Não há qualquer sinal objetivo de comportamento suspeito, movimentação humana ou veicular, tentativa de manipulação de portão, permanência prolongada, circulação anormal de motos ou qualquer outro risco visível.","""Frente, L, E"" e data/hora, sem outras marcas d’água.","**Não**, nenhum risco aparente — ausência total de pessoas, veículos ou comportamentos associados a risco nos frames analisados.",camera_analyzer_prompt_external_street,False,False
event_20250403_110251_48dc17db,10,motion_detected/event_20250403_110251_48dc17db/0001_6984_20250307_101724_frame_20250403_110250_000039.jpg,6984,2025-03-07 10:17:24,"Ambiente externo, aparentemente durante o dia (boa iluminação natural). A câmera cobre um estacionamento frontal de imóvel, voltada para uma rua urbana/residencial, com calçada e visibilidade do portão de entrada.","- Presença de uma pessoa sentada sob um guarda-sol no imóvel (provavelmente um vigilante ou porteiro).
  - Um carro prata aparece transitando normalmente na rua, seguido de outro carro escuro. 
  - Nas imagens subsequentes, surgem dois ciclistas que cruzam a via, seguidos por ausência de veículos ou pessoas.","- Não há indícios de motos, circulação lenta ou repetida, paradas suspeitas, pessoas observando o imóvel de forma incomum, tentativas de acesso, nem coordenação aparente entre indivíduos.
  - Os veículos passam normalmente pela rua, os ciclistas também apenas transitam, e o indivíduo sob o guarda-sol permanece imóvel.","Camera: 01, data e hora no canto superior da imagem.","**Não**, nenhum comportamento suspeito ou risco observado nas imagens; movimentação típica de área urbana/residencial.",camera_analyzer_prompt_external_street,False,False
event_20250403_114910_ef2d8eb6,7,motion_detected/event_20250403_114910_ef2d8eb6/0001_7640_20250307_134155_frame_20250403_114910_000075.jpg,7640,2025-03-07 13:41:55,"Ambiente externo, em área de passagem lateral/rua estreita ao lado de um imóvel. Iluminação de dia, com sol intenso. Local identificado como rampa lateral, aparentemente de acesso secundário ou serviço.","Não há pessoas, carros ou motos visíveis em nenhum dos frames da sequência analisada.","Nenhum dos comportamentos de risco listados é identificado, dado que não há presença de pessoas ou veículos na cena ao longo da sequência.","""intelbras"", data/hora sobreposta, ""RAMPA"" no canto da tela.","**Não**. Nenhum risco aparente, pois não há movimentação ou presença de pessoas/veículos e a cena permanece estática e tranquila em todos os frames.",camera_analyzer_prompt_external_street,False,False
event_20250403_103035_5012da09,9,motion_detected/event_20250403_103035_5012da09/0001_17205_20250307_002852_frame_20250403_103034_000066.jpg,17205,2025-03-07 00:28:52,"Ambiente externo, aparentemente um pátio ou área de fundos de uma propriedade, possivelmente industrial ou depósito. Imagens noturnas, iluminação artificial suficiente para visibilidade das ações. Localização afastada de vias principais, cercado e com materiais/objetos acumulados.","Pelo menos uma pessoa identificada circulando no lado direito inferior das imagens (aparece a partir do frame 7 e se desloca ao longo das sequências 7 a 9). Não há motos ou outros veículos identificados próximos à pessoa, nem movimentação de veículos de risco evidente.","- Não há sinais objetivos de tentativa de forçar ou manipular entradas.  
  - A pessoa registrada caminha pelo ambiente, mas não apresenta comportamento de hesitação ou vigilância extrema.  
  - Não há sinais de observação repetida, paradas suspeitas ou ação coordenada.  
  - Não há roupas ou acessórios (capuz, máscara, boné) identificados como suspeitos para o horário/clima.","""Intelbras"", ""06/03/2025 21:16:xx"", ""L.D.Fundos""","**Não**, não há sinais objetivos de comportamento suspeito ou de risco associado à segurança nas imagens avaliadas. A movimentação apresentada é pontual, não sugere vigilância do local, tampouco tentativa de invasão ou furto. 

Caso novas imagens revelem mudança de comportamento ou entrada de veículos (especialmente motos), a avaliação pode ser revisada.",camera_analyzer_prompt_external_street,False,False
event_20250403_115717_1c794723,8,motion_detected/event_20250403_115717_1c794723/0001_7639_20250307_134155_frame_20250403_115717_000090.jpg,7639,2025-03-07 13:41:55,"Ambiente externo, registrado durante o dia com iluminação natural clara. A cena mostra uma rua residencial, com calçada e portão/parede à direita, e alguns carros estacionados ao longo da via.","Não há pessoas visíveis nas imagens. Existem dois veículos brancos distintos: um está estacionado na calçada próxima à câmera, enquanto o outro circula lentamente na via, faz uma volta e passa mais de uma vez pela frente do imóvel.","- O veículo circulante reduz a velocidade em frente ao imóvel e realiza uma passagem dupla, retornando para a frente do portão/calçada na sequência temporal dos frames. Essa circulação lenta e repetida é um comportamento que pode estar relacionado a observação ou sondagem do imóvel.
  - Não há sinais de tentativa de abordagem, manipulação de portão ou coordenação entre pessoas.","""intelbras"", ""frente direita"", data e hora visíveis nas imagens.","**Sim**.  
  **Justificativa:** O veículo em movimento apresenta comportamento de circulação lenta e passagem repetida em frente ao imóvel, o que pode indicar sondagem ou levantamento prévio, especialmente em contexto urbano brasileiro. Não há sinais de risco alto (como presença de motos, pessoas descendo do carro, ou tentativa de abordagem física), mas a conduta observada recomenda atenção e monitoramento. Risco classificado como **médio**, pois é um alerta para possível preparação para ação futura.",camera_analyzer_prompt_external_street,False,True
event_20250403_111707_745eb95c,6,motion_detected/event_20250403_111707_745eb95c/0001_6990_20250307_101724_frame_20250403_111707_000098.jpg,6990,2025-03-07 10:17:24,"Ambiente interno, com iluminação artificial ligada (imagem clara, sem luz natural visível). O local parece ser uma sala de recepção, possivelmente de um escritório ou clínica, pela disposição dos móveis (balcão, cadeiras, plantas ornamentais, equipamentos).","Aproximadamente 1 pessoa visível, próxima ao balcão do lado direito, aparentemente lidando com objetos sobre o balcão. Nenhum veículo detectado.","Não há sinais objetivos de comportamento de risco, como tentativa de forçar portas, movimentação acelerada, retirada disfarçada de objetos, ou ações destrutivas. A pessoa parece estar manuseando itens do local, porém sem sinais evidentes de pressa, disfarce facial ou intenção suspeita.","Timestamp com data/hora e indicação ""Camera 87"" no canto das imagens.","**Não**, nenhum comportamento visível indica risco à segurança ou ao patrimônio neste trecho analisado.",camera_analyzer_prompt_internal_closed,False,False
event_20250403_115036_e936a192,10,motion_detected/event_20250403_115036_e936a192/0001_16312_20250307_134155_frame_20250403_115036_000004.jpg,16312,2025-03-07 13:41:55,"Ambiente interno, escritório durante o dia, iluminação clara e adequada. Local é um escritório com baias, mesas, computadores e armários no fundo.","Aproximadamente 1 pessoa aparece em diferentes momentos, circulando entre áreas do escritório. Não há veículos.","A pessoa circula por diferentes posições dentro do escritório, aproximando-se de mesas e baias, aparentemente sem movimentação agressiva, tentativas de abrir gavetas ou manipulação suspeita de objetos. Não há indícios visuais de retirada acelerada de objetos, forçar portas/gavetas, ou tentativa de cobrir o rosto. Os gestos aparentam ser normais de circulação, provavelmente de um funcionário ou frequentador regular.","""intelbras"", carimbo de data/hora, ""Escritorio"" no canto inferior esquerdo.",**Não**. Não foram observados comportamentos com risco aparente — as ações são compatíveis com trânsito rotineiro em ambiente de trabalho.,camera_analyzer_prompt_internal_closed,False,False
