folder_name,image_count,first_image,cam_id,event_datetime,contexto,observacoes,avaliacao,grau_confianca,scenario_type,format_type,label,real,predict,confidence_level
event_20250402_133726_41ca0095,8,motion_detected/event_20250402_133726_41ca0095/0001_6890_20250219_153816_frame_20250402_133726_000010.jpg,6890,2025-02-19 15:38:16,"Vista de uma garagem/estacionamento coberto em área externa privada, durante o dia (iluminação clara e natural). A câmera está posicionada em um ponto elevado, focando automóveis estacionados, uma passagem lateral e parte de uma porta/acesso ao interior. Label da câmera visível: ""Câmera 03"", horário nas imagens próximo de 12:33.","- Pessoas: Nas duas primeiras imagens, uma pessoa é observada caminhando pela garagem, aparentemente em direção à saída ou à lateral da propriedade. Não há indicação clara de que esteja interagindo com veículos, portas ou janelas. Após esses quadros iniciais, a pessoa não aparece mais nas imagens seguintes.
  - Indicadores Objetivos de Risco:
    - Pessoa presente em horário diurno, local comum para circulação (garagem), não aparenta comportamento suspeito ou interação atípica com elementos da cena (portas, janelas, muros, portões).
    - Não há sinais de tentativa de abertura ou intrusão, nem movimentos inesperados em áreas restritas ou fundos.
    - Não há sinais claros de intrusão, como pular muros.","**Baixo**, pois não foi observado nenhum indicador objetivo de risco de segurança. A circulação da pessoa parece normal para o contexto de uma garagem em horário diurno.","**Alto**, pois as imagens apresentam boa clareza, o ângulo da câmera permite visualização adequada da área monitorada e as ações da pessoa não são ambíguas ou suspeitas considerando o cenário apresentado.",camera_analyzer_prompt_internal_to_outside,detailed,,False,False,Alto
event_20250402_142333_c72d52a0,9,motion_detected/event_20250402_142333_c72d52a0/0001_6890_20250219_153905_frame_20250402_142332_000010.jpg,6890,2025-02-19 15:39:05,"As imagens apresentam a vista de uma garagem coberta ou área de estacionamento privativa, ao lado de um edifício com paredes brancas e azulejadas. O horário registrado é por volta das 12h39min, durante o dia, com iluminação natural ampla, proveniente de áreas abertas da garagem. Na lateral, é possível ver um portão aberto para o exterior e múltiplos carros estacionados. As imagens são rotuladas como ""Câmera 08"".","- Pessoas: Na primeira imagem, duas pessoas são vistas saindo da área interna para a garagem, uma delas carregando uma bolsa ou sacola. Na segunda imagem aparece apenas uma das pessoas, caminhando em direção ao exterior carregando a bolsa. Nas imagens subsequentes, não há mais pessoas presentes na área externa.  
  - Indicadores Objetivos de Risco (Relatar se observado):
    - Pessoa(s) presente(s) em áreas/horários incomuns: Não há informação suficiente para considerar o horário ou presença como incomum (horário de almoço, contexto possivelmente comum para movimentação).
    - Aproximar-se/interagir com portas, janelas, muros, portões: Há passagem pela garagem, mas nenhuma tentativa de interação suspeita com portas ou portões observada.
    - Tentar abrir/abrir conexões com o exterior: O portão para o exterior já se encontra aberto, utilizado de forma legítima para a saída.
    - Observar a propriedade atentamente da área externa: Não identificado.
    - Movimento inesperado por passagens/áreas dos fundos: Movimento normal de passagem, não há indício de aproximação por pontos inusitados.
    - Sinais claros de intrusão (ex.: pular cerca/muro): Não observado.","Baixo, pois não há nenhum indicador objetivo de risco relacionado a intrusão, tentativa de acesso não autorizado ou comportamento suspeito nas imagens analisadas. O movimento aparenta ser rotineiro, sem anomalias.","Alto, pois a clareza das imagens é boa, o ângulo cobre bem a área de interesse (garagem e portão), e as ações das pessoas registradas são típicas e sem ambiguidade (apenas passagem). Não há fatores no registro visual que dificultem a avaliação.",camera_analyzer_prompt_internal_to_outside,detailed,,False,False,Alto
event_20250408_154828_92f9ba46,3,motion_detected/event_20250408_154828_92f9ba46/0000_stand_20250408_154828_frame.jpg,stand,2025-04-08 15:48:28,"Ambiente interno fechado, provavelmente uma loja de óculos ou eletrônicos (há expositores na parede). Iluminação clara, aparentemente de luz natural e artificial. Imagens da ""CAM 1"", capturadas durante o dia (horário 15:11), em 09/04/2013.","- Pessoas: Um homem adulto está caminhando pelo corredor da loja e olhando para os expositores na parede. Ele parece analisar os produtos de forma calma, mãos nos bolsos, postura relaxada. Não há interação percebida com portas, gavetas ou outros itens nas imagens fornecidas.
  - Indicadores Objetivos de Risco:
    - Não foi observado forçar/manipular portas, gavetas ou armários.
    - Não há manuseio suspeito de objetos/equipamentos ou movimentação rápida/errática.
    - Não há sinais de ocultar/remover itens rapidamente.
    - Não há sinais de vandalismo/agressividade.
    - Não tenta esconder o rosto da câmera.
    - Não há sinais de arrombamento ou violência.","Baixo, pois nenhum indicador objetivo de risco foi observado nas imagens.","Alto, as imagens estão claras, o ângulo é adequado e as ações apresentadas são pouco ambíguas.",camera_analyzer_prompt_internal_closed,detailed,,False,False,Alto
event_20250403_113340_c77d7f02,6,motion_detected/event_20250403_113340_c77d7f02/0001_7647_20250307_134155_frame_20250403_113340_000088.jpg,7647,2025-03-07 13:41:55,"As imagens são de uma rua residencial, filmadas por uma câmera de segurança externa (label “frente esquerda”), com iluminação diurna clara (manhã), árvores e muros visíveis. Trânsito típico e ambiente aberto.","- Pessoas: Não há pessoas visíveis nas imagens analisadas.
  - Veículos: Vários carros estacionados ao longo da rua. Um veículo identificado como “boat” na análise automática parece ser, na verdade, um carro (provável erro de detecção). Em duas imagens, vê-se um carro com pintura e padrão que sugerem ser de serviço público (possivelmente viatura, táxi, ou veículo oficial) passando lentamente pela rua.
  - Indicadores Objetivos de Risco:
      - Não há tentativas de forçar/manipular entradas.
      - Não há presença suspeita de pessoas nem aglomeração próxima à propriedade.
      - Não há passagem lenta/repetida claramente suspeita de veículos.
      - Não há veículos parados observando a propriedade.
      - Não há motocicletas envolvidas nas cenas.
      - Não há indícios de uso incomum de acessórios (capuz, máscara, boné).
      - Não há ações coordenadas ou agressivas visíveis.","Baixo, pois não há nenhum indicador objetivo de risco visível nas imagens; os movimentos dos veículos são condizentes com trânsito normal e não há presença ou comportamento suspeito de pessoas.","Alto, pois as imagens estão nítidas, o ângulo permite boa visão da rua e da movimentação, e não há ambiguidade nas ações observadas.",camera_analyzer_prompt_external_street,detailed,,False,False,Alto
event_20250410_145304_58dfd8c0,15,motion_detected/event_20250410_145304_58dfd8c0/0000_climbing-wall_20250410_145304_frame.jpg,climbing-wall,2025-04-10 14:53:04,"Vista externa de rua residencial, à noite ( horário 21:35), com boa iluminação artificial próxima ao portão e calçada. Local com portão, muro e jardim interno. Imagens da ""Câmera 01"".","- Pessoas: Um indivíduo aparece escalando o portão da residência (a partir do frame 0053), atravessa para o interior da propriedade e move-se rapidamente em direção ao jardim e entrada.
  - Veículos: Não há presença ou ação suspeita de veículos ou motocicletas nas imagens fornecidas.
  - Indicadores Objetivos de Risco (observados):
    - Forçar/manipular entradas: Sim, indivíduo escala o portão.
    - Vadiagem/permanência suspeita: Não observado (ação foi rápida).
    - Passagens lentas/repetidas de veículos: Não observado.
    - Veículos estacionados observando: Não observado.
    - Motocicletas paradas/observando: Não observado.
    - Uso incomum de capuzes/máscaras/bonés: Indivíduo usa boné, mas não é possível afirmar uso indevido.
    - Ações coordenadas: Não observado, apenas 1 pessoa.
    - Agressões, violência, armas: Não observado.","Alto, devido à clara invasão da propriedade por escalada do portão, configurando tentativa de acesso não autorizado.","Alto, imagens claras, ação sem ambiguidade, ângulo da câmera permite completa visualização da sequência e das ações do indivíduo.",camera_analyzer_prompt_external_street,detailed,,True,True,Alto
event_20250408_154827_75a2a6c1,5,motion_detected/event_20250408_154827_75a2a6c1/0000_walk_20250408_154827_frame.jpg,walk,2025-04-08 15:48:27,"Ambiente interno fechado, provavelmente uma loja devido à exposição de diversos itens organizados em prateleiras na parede (parecem óculos ou relógios). Iluminação clara e uniforme, horário pela tarde (15:15), câmera identificada como ""CAM 1"".","- Pessoas: 
    - Um homem usando uniforme de alta visibilidade (amarelo com listras refletivas e calça verde) aparece nas cinco imagens. Ele observa atentamente os itens expostos na parede e caminha lentamente ao longo do corredor. Outra pessoa aparece ao fundo, aparentemente interagindo com um atendente.
  - Indicadores Objetivos de Risco:
    - Não há evidências claras de que portas, gavetas ou armários estejam sendo forçados.
    - O homem de colete reflete um comportamento de observação, mas não há manipulação suspeita, ocultação de itens ou remoção rápida dos objetos visíveis.
    - Não há movimentos rápidos ou erráticos.
    - Não há sinal de vandalismo, agressão ou tentativa de esconder o rosto.
    - Nenhuma porta ou janela parece arrombada.
    - Não há presença de armas ou violência.","Baixo, pois não foram observados indicadores objetivos de risco nas imagens analisadas. O comportamento é compatível com alguém observando produtos em ambiente de varejo.","Alto, pois as imagens estão claras, bem iluminadas, boa posição da câmera e as ações das pessoas são explícitas e sem ambiguidade relevante.",camera_analyzer_prompt_internal_closed,detailed,,False,False,Alto
event_20250402_142629_1e214b45,16,motion_detected/event_20250402_142629_1e214b45/0001_6888_20250219_153904_frame_20250402_142629_000001.jpg,6888,2025-02-19 15:39:04,"Ambiente interno fechado, aparentemente um elevador (possivelmente em prédio residencial ou comercial). Iluminação artificial clara. As imagens são de uma câmera de segurança interna, identificada como ""Camera 06"", datadas de 19/02/2025, por volta de 12:39.","- Pessoas: Duas pessoas aparecem nas imagens. O primeiro indivíduo está de camiseta clara, shorts e chinelo. Manipula objetos no chão do elevador (aparentemente uma caixa e uma cesta). Em seguida, uma segunda pessoa (camiseta verde clara, boné) entra na área do elevador, pega um dos objetos (a caixa), enquanto o primeiro sai com a cesta e outro item.
    - Indicadores Objetivos de Risco (Relatar se observado):
        - Não há sinais visíveis de forçar ou manipular portas, gavetas ou armários.
        - A manipulação dos objetos parece intencional (retirada organizada de equipamentos ou mantimentos).
        - Não há movimento rápido e errático, ocultação ou retirada suspeita de itens, vandalismo, agressão ou armas.
        - Ninguém escondeu ativamente o rosto da câmera.
        - Porta do elevador abre normalmente, sem indícios de arrombamento.
        - Toda ação parece relacionada a mudança/transporte de materiais ou equipamentos.","Baixo, pois não há indicadores objetivos de risco observados nas ações registradas. Todas as movimentações são compatíveis com o transporte rotineiro de objetos entre áreas.","Alto, pois as imagens estão claras, com ângulo adequado e as ações não possuem ambiguidade relevante para suspeita de risco ou atividade ilícita.",camera_analyzer_prompt_internal_closed,detailed,,False,False,Alto
event_20250408_154827_fbf1558e,3,motion_detected/event_20250408_154827_fbf1558e/0000_lying_down_20250408_154827_frame.jpg,lying,,"Ambiente interno fechado, provavelmente uma loja de conveniência ou mercado pequeno. Iluminação artificial, ambiente bem iluminado. Imagens da ""Câmera 08"" (CH8), horário na faixa das 17:52.","- Pessoas: Duas pessoas visíveis nas primeiras duas imagens; somente uma na terceira. Uma pessoa está de joelhos/bruços no chão da loja, parecendo se abaixar rapidamente e depois permanecendo deitada ao solo. Outra pessoa está mais distante, próxima ao balcão/caxa, aparentemente em pé.
  - Indicadores Objetivos de Risco:
    - Movimento rápido/errático: A pessoa no primeiro plano se move rapidamente do ajoelhado para deitada, como se estivesse se protegendo de algo, o que pode indicar reação a uma ameaça.
    - Nenhuma das pessoas parece manipular objetos suspeitosamente ou forçar portas/gavetas, nem esconder rosto da câmera.
    - Não há sinal claro de vandalismo, violência ou armas nas imagens.","Alto, devido ao movimento brusco e atípico de uma das pessoas de se jogar ao chão, que pode indicar situação de risco imediata (como tentativa de proteção em caso de ameaça).","Alto, pois as imagens são claras, os ângulos permitem visualizar bem a área (inclusive ações da pessoa deitada), e não há ambiguidade relevante nas ações observadas.",camera_analyzer_prompt_internal_closed,detailed,,False,True,Alto
event_20250403_102654_82623f65,6,motion_detected/event_20250403_102654_82623f65/0001_17204_20250307_002852_frame_20250403_102654_000004.jpg,17204,2025-03-07 00:28:52,"Vista externa de uma rua, aparentemente em local residencial ou comercial de baixo movimento. Imagens noturnas, com iluminação proveniente de luz artificial próxima à edificação e pouca luz na rua. Câmera identificada como ""FRENTE L.D."".","- Pessoas: Não há pessoas visíveis nas imagens.
    - Veículos: Ao fundo, nota-se uma possível luz de veículo (luz vermelha, provavelmente lanterna traseira) afastando-se da propriedade; não há veículos estacionados próximos ou realizando manobras incomuns.
    - Indicadores Objetivos de Risco:
        - Não há sinal de pessoas forçando/manipulando entradas.
        - Não há vadiagem ou permanência suspeita de indivíduos próximos à cerca ou portão.
        - Não há passagens lentas ou repetidas de veículos.
        - Não há veículos estacionados observando a propriedade.
        - Não há motocicletas paradas, desacelerando ou observando nas proximidades.
        - Não há uso aparente de capuzes, máscaras ou bonés.
        - Não há ações coordenadas entre indivíduos.
        - Não há indícios de agressões, violência nem armas.","Baixo, pois não há nenhum indicador de risco observado nas imagens analisadas.","Alto, pois as imagens apresentam boa clareza, com iluminação suficiente na área próxima à propriedade e ângulo adequado para identificar movimentações relevantes. Não há ambiguidade nas ações observadas (ausência de atividades suspeitas).",camera_analyzer_prompt_external_street,detailed,,False,False,Alto
event_20250403_112220_0f05ffe1,6,motion_detected/event_20250403_112220_0f05ffe1/0001_6993_20250307_101724_frame_20250403_112220_000094.jpg,6993,2025-03-07 10:17:24,"Vista de uma área externa privada, provavelmente em um jardim ou passagem lateral, capturada durante o dia (bom nível de iluminação natural). A câmera está posicionada próxima a plantas, com um muro visível à esquerda e vegetação em destaque no centro e à direita. Imagens da ""Câmera 10"".","Não há pessoas visíveis nas imagens. Não são observadas ações suspeitas, nem movimentações junto a portas, janelas, muros ou portões. Não há qualquer indicação de tentativa de intrusão ou presença inusitada.","Baixo, nenhuma evidência de risco objetivo ou atividade suspeita foi identificada nas imagens fornecidas.","Médio, a visão está parcialmente bloqueada por plantas próximas à lente, o que limita a visibilidade de partes da área externa. Porém, a iluminação é adequada e não se observa qualquer sinal de ação suspeita na área visível.",camera_analyzer_prompt_internal_to_outside,detailed,,False,False,Médio
event_20250403_110345_d4895a53,40,motion_detected/event_20250403_110345_d4895a53/0001_6984_20250307_101724_frame_20250403_110345_000092.jpg,6984,2025-03-07 10:17:24,"Vista externa da rua, em frente a uma entrada com vagas demarcadas. As imagens foram capturadas durante o dia, com boa iluminação natural. O local aparenta ser de uso misto (comercial ou residencial), com movimento de pedestres e veículos, incluindo ônibus. Câmera rotulada como “Câmera 01”.",,"Baixo. Justificativa: As imagens mostram circulação normal de veículos e pedestres, sem qualquer comportamento ou indicador objetivo de risco de segurança nas proximidades da propriedade.","Alto. Justificativa: As imagens apresentam boa iluminação, ângulo aberto permitindo ampla visualização da área de interesse e calçada, e as ações observadas são claras e típicas de movimentação urbana regular, sem qualquer ambiguidade significativa.",camera_analyzer_prompt_external_street,detailed,,False,False,Alto
event_20250402_140834_8e7ff747,6,motion_detected/event_20250402_140834_8e7ff747/0001_6883_20250219_153816_frame_20250402_140834_000092.jpg,6883,2025-02-19 15:38:16,"Vista externa de rua em área aparentemente residencial. Iluminação diurna intensa (sol forte), sombra de árvores presente na calçada. A câmera está posicionada em uma altura média, voltada para a calçada e parte da rua, com identificação no canto inferior direito: ""Câmera 01"".","- Pessoas: Nenhuma pessoa visível nas imagens analisadas.
  - Veículos: Um veículo escuro aparece passando rapidamente da esquerda para a direita na terceira imagem (0003), ausente nas demais imagens.
  - Indicadores Objetivos de Risco:
    - Não há indícios de forçar/manipular entradas.
    - Não há vadiagem/permanência suspeita.
    - Não foram observadas passagens lentas ou repetidas de veículos. O veículo nas imagens apenas transita normalmente.
    - Não há veículos estacionados com pessoas observando a propriedade.
    - Não há motocicletas paradas ou desacelerando.
    - Não há uso incomum de capuzes/máscaras/bonés.
    - Não há ações coordenadas.
    - Não há sinais de agressão, violência, ou armas.","Baixo, pois não há qualquer indicador objetivo de risco nas imagens analisadas.","Alto, pois as imagens estão claras, com bom campo de visão e todos os elementos relevantes (pessoas, veículos e área frontal da propriedade) estão bem visíveis, sem ambiguidade nas ações observadas.",camera_analyzer_prompt_external_street,detailed,,False,False,Alto
event_20250403_110902_b869b941,44,motion_detected/event_20250403_110902_b869b941/0001_6994_20250307_101724_frame_20250403_110902_000092.jpg,6994,2025-03-07 10:17:24,"As imagens apresentam a vista de uma área externa privada, provavelmente um estacionamento frontal ou lateral de uma propriedade, localizada em um bairro urbano. A hora registrada nas imagens é entre 07h20 e 07h21 da manhã, com iluminação natural diurna (céu claro). O rótulo da câmera indica “Camera 11”.","- Pessoas: Diversas pessoas são registradas caminhando na calçada ao lado do estacionamento, algumas em duplas, outras sozinhas. Todas transitam em linha reta, sem paradas ou interações com portões, veículos ou qualquer ponto da propriedade. Não há abordagem a portas, janelas, muros ou grades visíveis. 
  - Veículos: Trânsito normal de automóveis e ônibus pela rua, veículos entram e saem do campo de visão sem interação com o imóvel.
  - Não há tentativas de acesso ao estacionamento, invasão ou movimentos incomuns junto ao muro/fachada.
  - Não é observada permanência suspeita, observação dirigida à propriedade, ou qualquer tentativa de ingresso indevido.","Baixo, pois nenhum dos indicadores objetivos de risco foi observado (não há tentativa de acesso, observação dirigida, aproximação suspeita, ou entrada em áreas restritas).","Alto, pois as imagens estão claras, o ângulo permite boa visualização da área monitorada, as ações observadas são típicas do deslocamento cotidiano e não há ambiguidades relevantes.",camera_analyzer_prompt_internal_to_outside,detailed,,False,False,Alto
event_20250403_110529_22a621b0,11,motion_detected/event_20250403_110529_22a621b0/0001_6985_20250307_101724_frame_20250403_110529_000039.jpg,6985,2025-03-07 10:17:24,"Área externa de rua, região aparentemente residencial ou mista, com estacionamento interno visível e muro alto. A iluminação é diurna, aparentemente início da manhã ou fim da tarde (luz natural e clara). Imagens são da ""Câmera 02"".",,**Baixo**. Justificativa: Nenhum indicador objetivo de risco foi observado nas imagens analisadas; os movimentos nas proximidades da propriedade são compatíveis com trânsito urbano cotidiano.,"**Alto**. Justificativa: As imagens apresentam boa clareza, ângulo bem posicionado para observação da rua e do entorno do portão, baixa ambiguidade nas ações observadas (fluxo normal de veículos e passagem ocasional de pessoa/bicicleta).",camera_analyzer_prompt_external_street,detailed,,False,False,Alto
event_20250410_145302_70a01170,11,motion_detected/event_20250410_145302_70a01170/0000_altercation_20250410_145302_frame.jpg,altercation,2025-04-10 14:53:02,"Imagens capturadas por câmera de segurança externa, no período noturno (horário registrado: 21:34). O local é um posto de combustíveis com iluminação artificial suficiente para visualização clara das ações, presença de bombas de abastecimento, carros estacionados e mesas externas, sugerindo possível área de convivência ou lanchonete anexa ao posto. Label não visível, mas o ambiente é típico de área comercial.","- Pessoas: Várias pessoas presentes, incluindo pelo menos um indivíduo com capacete (ou semelhante), de roupas escuras, apontando um objeto semelhante a arma de fogo para outros. Outras pessoas estão sentadas ou em pé, próximas a mesas brancas. Observa-se reação de susto e defesa por parte delas, com as mãos levantadas. Não há reação física agressiva das vítimas.
    - Veículos: Carro claro estacionado próximo às mesas. Motocicleta parada próxima ao grupo. Outras motocicletas e veículos aparecem em plano de fundo, aparentemente sem participação direta.
    - Indicadores Objetivos de Risco (observados):","**Alto**  
  Justificativa: Foram observados indicadores claros de violência armada, ameaça direta a pessoas e possível ação coordenada (assalto), além de utilização de motocicleta para aproximação/fuga e ocultação de identidade.","**Alto**  
  Justificativa: As imagens apresentam boa clareza, ângulo permite visualização completa da ação, e as atitudes dos envolvidos (apontamento de arma, postura de ameaça, reação das vítimas) deixam pouco espaço para ambiguidade. O contexto e os elementos visuais são típicos de um crime em andamento, reforçando a avaliação.",camera_analyzer_prompt_external_street,detailed,,True,True,Alto
event_20250408_154826_a42130eb,3,motion_detected/event_20250408_154826_a42130eb/0000_lying_down_20250408_154826_frame.jpg,lying,,"Vista externa de rua residencial, durante o dia, com iluminação natural clara. O local apresenta veículos estacionados e calçadas organizadas. Label das imagens: ""Câmera 01"".","- Pessoas: Duas pessoas claramente envolvidas em um acidente com motocicleta; ambas estão caídas no chão juntamente com a moto.
  - Veículos: Diversos automóveis estacionados, além da motocicleta envolvida no acidente.
  - Indicadores Objetivos de Risco:
    - Não há indícios de forçar/manipular entradas, vadiagem, passagens repetidas ou suspeita de observação da propriedade.
    - Motocicleta caiu, mas não há sinais de ação coordenada, intenção de agressão, uso incomum de máscaras/capuzes/bonés, ou qualquer outra conduta suspeita. Situação indica acidente, não ação criminosa.","Baixo, pois não há nenhum indicador objetivo de risco à segurança patrimonial observado, apenas um acidente de trânsito.","Alto, pois as imagens estão claras, o ângulo permite boa visualização e as ações dos envolvidos são inequívocas (acidente).",camera_analyzer_prompt_external_street,detailed,,False,False,Alto
event_20250410_145302_1de172a2,9,motion_detected/event_20250410_145302_1de172a2/0000_robbery_20250410_145302_frame.jpg,robbery,2025-04-10 14:53:02,"As imagens mostram a entrada/saída de um portão em uma área externa privada de acesso a veículos, provavelmente garagem de uma residência ou condomínio. A iluminação é diurna e clara, indicando que o evento ocorreu à tarde (conforme horário na câmera: 15h19min). O ambiente é urbano, com vista para a rua.","- Pessoas: Três pessoas aparecem na área: duas delas estão com capacetes de motociclista e agem de forma coordenada, uma está em uma motocicleta preta próxima ao portão, a outra em uma moto vermelha, e uma terceira (aparentando ser vítima) está próxima à moto preta inicialmente e é rendida/empurrada.
  - Indicadores Objetivos de Risco:
      - Pessoas presentes em horário aparentemente comum, mas com comportamento suspeito (capacetes e ação coordenada próxima ao portão).
      - Interação direta e forçada com a motocicleta da vítima, além de movimentação brusca e tentativa de tomada do veículo.
      - Indícios claros de abordagem e possível roubo (subtração do bem), pois um dos indivíduos força a posse da moto, enquanto outro presta auxílio.
      - Fuga rápida dos suspeitos após a abordagem; vítima afasta-se rapidamente.
      - Não há tentativa clara de acessar a propriedade além do portão, mas o evento acontece na divisa da área privada.","Alto, pois há diversos indicadores claros de risco, incluindo abordagem violenta, tentativa de subtração de veículo, comportamento fortemente suspeito e ação rápida para evasão.","Alto, as imagens apresentam boa qualidade e ângulo adequado, as ações são pouco ambíguas (tentativa de roubo é evidente), e os fatos são facilmente identificáveis com base nos elementos visuais.",camera_analyzer_prompt_internal_to_outside,detailed,,True,True,Alto
event_20250403_092022_f63db61a,34,motion_detected/event_20250403_092022_f63db61a/0001_55406_20250302_230353_frame_20250403_092017_000043.jpg,55406,2025-03-02 23:03:53,"Rua de região aparentemente residencial ou mista (residencial e comercial), visto que há edifícios, carros estacionados e calçadas com boa iluminação pública noturna. Câmera nomeada como ""Câmera 01"". Iluminação suficiente para identificação de pessoas e veículos.","- Pessoas: Trânsito regular de pedestres, sozinhos e em grupos pequenos. Alguns param para conversar próximos ao portão, mas não há indícios de permanência excessiva, tentativa de entrada ou comportamento suspeito. O movimento de pedestres ocorre tanto no sentido da rua quanto próximo ao portão.
   - Veículos: Vários carros passam e param na rua, incluindo passagem de motocicletas. Nenhum veículo permanece parado por longo tempo observando a propriedade, nem há motos desacelerando de forma suspeita. O fluxo de veículos parece normal para o horário e local, sem passagens repetidas observáveis de um mesmo veículo.
   - Indicadores Objetivos de Risco:
      - Não há forçamento de entradas, manipulação de portões ou portas.
      - Não há permanência suspeita de pedestres no portão, apenas movimentação rápida ou breve conversa entre conhecidos.
      - Não há veículos ou motocicletas demonstrando comportamento de vigilância ou desaceleração anormal.
      - Não há uso incomum de capuzes, máscaras ou bonés para dificultar identificação.
      - Não há sinais de ações coordenadas entre diferentes pessoas.
      - Não há agressões, violência ou armas visíveis.","Baixo. Justificativa: Nenhum dos indicadores objetivos de risco foi observado. O comportamento de pedestres e veículos é compatível com uso cotidiano urbano, sem sinais de ameaça iminente à segurança da propriedade.","Alto. Justificativa: As imagens possuem boa clareza e cobertura do local, permitindo observar comportamentos individuais sem grandes pontos cegos ou ambiguidades. O ângulo proporciona visão ampla tanto da calçada quanto da rua, favorecendo uma avaliação segura.",camera_analyzer_prompt_external_street,detailed,,False,False,Alto
event_20250408_154826_7490d4e4,2,motion_detected/event_20250408_154826_7490d4e4/0000_lying_down_20250408_154826_frame.jpg,lying,,"Área externa de uma residência, durante o dia com boa iluminação natural. Localidade residencial, gramado à frente da casa, calçada e rua com pouco movimento. Imagens com etiqueta ""Câmera 01"".","- Pessoas: 1 pessoa deitada/caída em uma pequena piscina de plástico no gramado da residência, aparentando estar em uma situação descontraída ou cômica (não há sinais de agressão).
  - Veículos: Três carros estacionados próximos, sem ações suspeitas ou movimento relevante. 
  - Indicadores Objetivos de Risco:
      - Não há forçamento/manipulação de entradas.
      - Não há vadiagem/permanência suspeita perto da propriedade.
      - Não há passagens lentas ou repetidas de veículos, nem veículos observando a propriedade.
      - Não há uso incomum de capuzes/máscaras/bonés.
      - Não há ações coordenadas entre indivíduos.
      - Não há agressões, violência ou armas.","Baixo, pois não foi identificado nenhum indicador objetivo de risco ou comportamento suspeito nas imagens.","Alto, pois a cena está clara, ações sem ambiguidade e o ângulo permite boa visualização do ambiente e das ações dos indivíduos.",camera_analyzer_prompt_external_street,detailed,,False,False,Alto
event_20250403_110825_c72ce50a,21,motion_detected/event_20250403_110825_c72ce50a/0001_6994_20250307_101724_frame_20250403_110825_000056.jpg,6994,2025-03-07 10:17:24,"Imagens capturadas por uma câmera de segurança externa (""Camera 11"") voltada para a rua, mostrando parte do estacionamento de um imóvel e a via pública em frente. As imagens foram tiradas de manhã (por volta das 7h19), com iluminação natural adequada. O local aparenta ser residencial ou misto (predominância de vagas e pouco movimento a pé).",,"Baixo, pois nenhum dos indicadores objetivos de risco foi observado nas imagens analisadas.","Alto, pois as imagens estão claras, o ângulo permite boa visualização da área externa, os comportamentos observados são típicos de rotina e não ambíguos, e não há fatores que comprometam a análise da situação.",camera_analyzer_prompt_external_street,detailed,,False,False,Alto
event_20250403_115614_921a5ad2,8,motion_detected/event_20250403_115614_921a5ad2/0001_7639_20250307_134155_frame_20250403_115614_000028.jpg,7639,2025-03-07 13:41:55,"Vista externa de uma rua em área aparentemente residencial, com presença de vegetação e estacionamentos ao longo da via. Horário registrado é por volta de 10:42 da manhã, com iluminação clara de luz solar. Imagens da “Câmera 01” (frente direita).","- Pessoas: Não há pessoas visíveis nas imagens sequenciais.
  - Veículos: 
      - Um carro branco está estacionado em frente à propriedade durante toda a sequência.
      - Um carro estacionado do outro lado da rua permanece o tempo inteiro.
      - Um veículo caracterizado, similar a táxi ou transporte por aplicativo (veículo colorido), passa em frente à propriedade, seguindo seu trajeto sem desacelerar ou parar (observado entre as primeiras imagens).
      - Não há motocicletas nem veículos parados observando a propriedade.
  - Indicadores Objetivos de Risco: 
      - Não há tentativas de forçar ou manipular entradas, nem indivíduos próximos aos portões ou portas.
      - Não há sinais de vadiagem ou permanência suspeita.
      - Não foram observadas passagens repetidas ou lentas de veículos, nem veículos estacionados observando a propriedade.
      - Não há motocicletas paradas, desacelerando ou observando a área.
      - Nenhuma ação coordenada entre indivíduos, uso incomum de vestimentas, violência ou presença de armas.","Baixo, pois nenhum dos indicadores objetivos de risco foi detectado nas imagens analisadas. O fluxo de veículos corresponde ao padrão de circulação comum em horário diurno, sem comportamento suspeito.","Alto, pois a qualidade e clareza das imagens é boa, o ângulo permite ampla visualização da rua e movimentação, e não há ambiguidade nas ações observadas. Ambos os veículos mantêm comportamentos compatíveis com o ambiente e horário, sem atividades suspeitas.",camera_analyzer_prompt_external_street,detailed,,False,False,Alto
event_20250408_154827_a5c783c9,3,motion_detected/event_20250408_154827_a5c783c9/0000_sit_20250408_154827_frame.jpg,sit,2025-04-08 15:48:27,"Ambiente interno fechado, aparentando ser uma sala de tribunal (tribunal de justiça). Iluminação artificial adequada, permitindo visibilidade das pessoas e objetos. As imagens têm qualidade razoável, com ângulo fixo de visão ampla focando principalmente a mesa central, bancos ao fundo e uma tribuna à direita. Label das imagens não especificado, mas contexto sugere câmera de segurança ou gravação institucional.","- Pessoas: Cinco pessoas presentes nas imagens. Duas sentadas à mesa central (uma aparentemente advogada ou acompanhando outra pessoa que pode estar sendo ouvida), duas sentadas ao fundo (bancos reservados ao público), e uma em pé/atrás da tribuna à direita (possível servidor ou parte envolvida). 
    - Indicadores Objetivos de Risco:
        - Não há sinais de manipulação forçada de portas, gavetas ou armários.
        - Ninguém manuseia objetos de modo suspeito ou sem propósito aparente.
        - Não há movimentos rápidos ou erráticos; todos permanecem sentados ou parados.
        - Não se observa ocultação ou remoção rápida de itens.
        - Não existe vandalismo, agressão, violência ou armas visíveis.
        - Ninguém tenta esconder o rosto ativamente da câmera.
        - Portas e janelas parecem íntegras e o ambiente controlado.","Baixo, nenhuma evidência objetiva de risco detectada conforme os indicadores especificados.","Alto, pois a qualidade das imagens é suficiente para observação, o ângulo abrange todos os presentes, e as ações visíveis são claras e não ambíguas.",camera_analyzer_prompt_internal_closed,detailed,,False,False,Alto
event_20250408_154827_20d6eb21,5,motion_detected/event_20250408_154827_20d6eb21/0000_hit_20250408_154827_frame.jpg,hit,2025-04-08 15:48:27,"Vista externa de rua em ambiente urbano, durante a noite (baixa iluminação, mas com alguma iluminação de postes e/ou veículos). Aparenta ser uma área residencial ou mista, com calçada e muro/portão visíveis à direita. Imagens de ""Câmera 01"".","- Pessoas: Múltiplos indivíduos presentes em cena, vários deles próximos ao portão/muro, alguns usando capuzes ou capacetes. Movimentação ativa, incluindo pessoa abaixada ao lado de uma motocicleta. Possível abordagem/agressão em andamento.
  - Veículos: Um carro parado com os faróis acesos na rua, duas motocicletas próximas ao portão (uma estacionada de frente), possíveis motociclistas presentes.
  - Indicadores Objetivos de Risco (Observado):
     - Vadiagem/permanência suspeita próxima à propriedade.
     - Possível uso de capuz/capacete de forma incomum.
     - Pessoas reunidas e possivelmente coordenadas (nível incomum de movimentação para horário e local).
     - Possível manipulação agressiva em área de portão.
     - Veículo parado observando e iluminando a área.
     - Indícios de ação coordenada/abordagem.","Alto, devido à presença de indicadores claros de potencial ameaça, como aglomeração suspeita, movimentação coordenada, permanência junto ao portão, uso de capuzes/capacetes, carro parado observando e possível manipulação do portão.","Médio, devido à imagem com baixa iluminação e qualidade moderada, mas ações e postura dos indivíduos deixam clara a situação potencialmente de risco, especialmente pela postura agressiva e coordenação.",camera_analyzer_prompt_external_street,detailed,,True,True,Médio
event_20250403_110951_999c970a,21,motion_detected/event_20250403_110951_999c970a/0001_6994_20250307_101724_frame_20250403_110947_000137.jpg,6994,2025-03-07 10:17:24,"Vista para a área externa privada (provavelmente estacionamento e acesso frontal/lateral da propriedade), com presença de vagas demarcadas e vaga especial. Iluminação diurna natural, clima aparentemente nublado, sem iluminação artificial. Imagens captadas pela ""Camera 11"". As últimas imagens são de uma área interna, hall de entrada com escada, parcialmente visível, iluminação artificial, captadas pela ""Camera 88"".","- Pessoas: Um homem caminha pela calçada próxima à propriedade e atravessa a frente do portão/entrada de veículos, seguindo sentido lateral da rua entre as imagens 1-5. Ele não invade a área interna da propriedade, nem se aproxima ou tenta interagir com o portão/cercas. Depois, apenas veículos passam pela rua, não acessando o espaço interno da propriedade. Não há pessoas presentes na área monitorada nas demais imagens.  
  - Indicadores Objetivos de Risco:
    - Pessoa presente em horário aparentemente comum e em área pública (calçada e via), não adentrando limites privados.
    - Não há aproximação suspeita do portão, tentativas de abertura, observação constante do imóvel, nem ações incomuns ou sinais claros de intrusão/pulo de muro.
    - Nas imagens internas, nenhum movimento observado (apenas ambiente estático).","Baixo. Justificativa: Todas as pessoas circulam por área pública externa, sem qualquer tentativa de acesso, observação suspeita ou interação com portões ou limites da propriedade. Não há ocorrências de invasão, tentativa de forçar entrada ou qualquer comportamento típico de risco.","Alto. Justificativa: As imagens apresentam boa clareza e o ângulo da câmera permite visão ampla da entrada/estacionamento, calçada e parte da rua. As ações observadas são inequivocamente normais para o horário (movimento de pedestres e veículos), sem ambiguidade ou sinais de risco. Imagens internas reforçam ausência de movimentação suspeita.

---

Caso precise de um relatório específico sobre determinado trecho, horário ou ação, por favor, especifique.",camera_analyzer_prompt_internal_to_outside,detailed,,False,False,Alto
event_20250410_145303_c8185c7c,8,motion_detected/event_20250410_145303_c8185c7c/0000_robbery_20250410_145303_frame.jpg,robbery,2025-04-10 14:53:03,"Vista externa de uma área residencial/rural, com iluminação natural diurna (manhã, horário no topo da imagem). Local aberto, entrada de propriedade com veículo branco estacionado próximo à edificação. Imagens rotuladas como de ""Câmera 01"".","- Pessoas: Três indivíduos observados. Uma pessoa (de branco) aparentemente residente ou funcionária é abordada por duas outras pessoas, sendo que ao menos uma utiliza capuz/gorro, sugerindo possível tentativa de ocultação de identidade. Movimentação conjunta das duas pessoas em direção à vítima (branca).
   - Veículos: Há um carro branco estacionado próximo ao portão/entrada. Não há motos visíveis.
   - Indicadores Objetivos de Risco:
     - Duas pessoas se aproximam rapidamente e coordenadas da vítima, aparentando constrangê-la fisicamente e guiando suas ações em direção à porta, indicando ação coordenada e potencial coação.
     - Uso de vestimentas para ocultar identidade (capuz/boné/gorro).
     - Não há passagem repetida de veículos, mas o carro branco está parado e pode fazer parte da ação.
     - Não há confirmação de armas visíveis, mas há sugestão de intimidação.
     - Não há agressão física clara, mas há aproximação muito invasiva e coação.","Alto, devido à abordagem coordenada de dois indivíduos usando vestimentas que dificultam identificação, coação direta a uma pessoa na entrada da residência, e possível envolvimento do veículo estacionado.","Alto, pois a sequência das imagens é clara, as ações são objetivamente suspeitas, e o ângulo permite visualizar com nitidez a coordenação dos envolvidos e o contexto de risco iminente. Não há ambiguidade significativa nas ações observadas.",camera_analyzer_prompt_external_street,detailed,,True,True,Alto
event_20250410_145304_a69efbc6,5,motion_detected/event_20250410_145304_a69efbc6/0000_break-in_20250410_145304_frame.jpg,break-in,2025-04-10 14:53:04,"Vista externa noturna de uma rua/estabelecimento, aparentemente industrial ou comercial (possui pátio amplo e caminhão estacionado ao fundo). Iluminação artificial razoável (imagem em preto e branco, provavelmente infravermelho). Imagens da ""Câmera 01"".","- Pessoas: Três pessoas visíveis próximas ao portão, algumas interagindo diretamente com a estrutura do portão em todas as imagens analisadas.
  - Veículos: Caminhão estacionado ao fundo. Não há outros veículos ou motocicletas em movimento imediata ou suspeitamente próximos ao portão.
  - Indicadores Objetivos de Risco observados:
    - Manipulação de entrada (portão): Duas pessoas claramente junto ao portão, em postura de interação direta, possivelmente tentando abrir, forçar ou manipular o acesso.
    - Permanência próxima ao portão: Presença fixa de grupo próximo à entrada por vários segundos.
    - Não há evidência clara de vadiagem externa, passagens de motocicletas, estacionamento suspeito, uso incomum de acessórios, ou ações coordenadas externas ao grupo junto ao portão.
    - Não há sinais evidentes de violência física, mas há movimentação ativa dos indivíduos junto à entrada.","Alto, devido ao indicador objetivo de manipulação/forçamento de entrada (portão) e presença de múltiplos indivíduos interagindo persistentemente com o acesso.","Médio, pois apesar da visibilidade razoável e ângulo bom do portão, a qualidade das imagens limita a clareza exata das ações específicas (forçamento ou abertura legítima/autorizada). As posturas e a permanência são compatíveis com risco, mas não é possível afirmar intenção criminosa sem ambiguidade total.",camera_analyzer_prompt_external_street,detailed,,True,True,Médio
event_20250408_154827_5dbc25b2,5,motion_detected/event_20250408_154827_5dbc25b2/0000_hit_20250408_154827_frame.jpg,hit,2025-04-08 15:48:27,"Vista externa de uma rua durante o dia (iluminação natural e boa visibilidade). O local aparenta ser residencial/comercial, pois há pequenas lojas e barracas visíveis. Imagens da ""Câmera 01"".","- Pessoas:
    - Duas pessoas em destaque: uma de capacete vermelho (sentada numa motocicleta) e outra em pé (trajando bermuda vermelha e camiseta bege), esta última claramente interagindo de forma física e agressiva com a pessoa da moto.
    - Outras três pessoas estão próximas, em pé na calçada, aparentemente observando ou se afastando da situação, sem envolvimento direto imediato.
  - Veículos:
    - Duas motocicletas estacionadas na via, além da que está sendo alvo da ação física.
  - Indicadores Objetivos de Risco observados:","**Alto**, pois há agressão explícita e tentativa de subtração, indicando flagrante situação de risco para segurança dos presentes e patrimônio.","**Alto**. As imagens são claras, em bom ângulo, e as ações de agressão são evidentes e pouco ambíguas, permitindo alta confiança na interpretação da situação apresentada.",camera_analyzer_prompt_external_street,detailed,,True,True,Alto
event_20250408_154828_05caaa12,2,motion_detected/event_20250408_154828_05caaa12/0000_throw_20250408_154828_frame.jpg,throw,2025-04-08 15:48:28,"Vista externa de rua urbana, possivelmente residencial ou mista, durante o dia e com boa iluminação solar. A câmera está posicionada em ângulo elevado e distante, possibilitando visão parcial da rua com diversos carros estacionados e trafegando. Imagem rotulada com ""ERIN LESLIE"".","- Pessoas: Há ao menos uma pessoa visível nas proximidades de um veículo identificado como viatura policial, aparentemente se dirigindo em direção ao veículo ou interagindo com ele.
  - Veículos: Grande quantidade de carros estacionados na rua, incluindo uma viatura policial claramente identificável. Não há motocicletas nas imagens.
  - Indicadores Objetivos de Risco:
    - Uma pessoa está próxima da viatura policial, parecendo executar uma ação direcionada/decidida. Não há evidências visíveis de forçar entrada, mas o contexto e postura sugerem comportamento potencialmente agressivo.
    - Não há indícios de vadiagem clássica, mas a ação parece focada e atípica para o contexto comum de via pública.
    - Não há passagem lenta ou repetida de veículos, nem motocicletas.
    - Não há uso evidente de capuz/máscara/boné, tampouco ações claramente coordenadas entre múltiplos indivíduos ou agressões visíveis.","**Alto**, pois há indicador objetivo de risco relacionado à aproximação/ação potencialmente hostil próxima de uma viatura policial por um indivíduo com postura decidida e contexto sugerindo situação de confronto ou agressão.","**Alto**. Justificativa: As imagens apresentam boa clareza e ângulo adequado para visualização das ações (apesar de ligeiramente distante). O comportamento observado é incomum e pouco ambíguo, dada a postura incisiva do indivíduo, além do contexto textual complementar na segunda imagem, fortalecendo a avaliação.",camera_analyzer_prompt_external_street,detailed,,True,True,Alto
event_20250403_111752_4930dd6b,10,motion_detected/event_20250403_111752_4930dd6b/0001_6990_20250307_101724_frame_20250403_111751_000141.jpg,6990,2025-03-07 10:17:24,"Ambiente interno fechado, aparentemente um escritório ou sala de recepção (presença de sofá, mesas, cadeiras, plantas e equipamentos). Iluminação artificial adequada, ambiente bem visível. Imagens da ""Câmera 01"" e pela data/hora (03-07-2025, ~22:22), à noite.","- Pessoas: Uma pessoa presente, localizada na área próxima ao balcão, manuseando objetos/equipamentos sobre a bancada. Não há presença de outros indivíduos ou movimentação incomum.
  - Indicadores Objetivos de Risco (Relatar se observado): 
      - Não há sinais de forçar/manipular portas, gavetas ou armários.
      - A pessoa manipula objetos, porém o movimento é calmo e não sugere comportamento suspeito ou fora de contexto.
      - Não há movimento rápido/errático, nem tentativa de ocultação de itens.
      - Não é observada ação de vandalismo, agressividade, ou esconder o rosto da câmera.
      - Portas e janelas parecem íntegras; nenhum sinal de arrombamento.
      - Nenhuma evidência de agressões, violência ou uso de armas.","Baixo, pois não foi identificado nenhum dos indicadores objetivos de risco nas imagens acompanhadas. As ações parecem rotineiras e compatíveis com atividades normais do ambiente.","Alto, pois a qualidade das imagens permite boa visualização do ambiente e das ações da pessoa, o ângulo da câmera proporciona visão ampla, e não há ambiguidade relevante nas ações observadas.",camera_analyzer_prompt_internal_closed,detailed,,False,False,Alto
event_20250402_140721_e4453231,12,motion_detected/event_20250402_140721_e4453231/0001_6883_20250219_153816_frame_20250402_140721_000021.jpg,6883,2025-02-19 15:38:16,"Vista externa de rua, durante o dia, com iluminação solar intensa e sombras de árvores evidentes. Localização parece ser zona residencial ou mista, em calçada com piso típico de áreas urbanas brasileiras. Imagens da ""Câmera 01"".","- Pessoas: Dois indivíduos aparecem juntos caminhando pela calçada próximos ao portão e carro estacionado, ambos sem comportamento atípico aparente. Em seguida, um deles segue e o outro para próximo ao portão/veículo por alguns segundos antes de seguir caminho normalmente.
  - Veículos: Carro branco estacionado permanece imóvel durante toda a sequência. Não há ação suspeita relatada envolvendo o veículo.
  - Indicadores Objetivos de Risco:
    - Não há tentativa de manipulação de portões/entradas.
    - Não há vadiagem nem permanência prolongada de indivíduos junto à propriedade.
    - Não há passagem repetida ou lenta de veículos, nem de motocicletas.
    - Não há ocupantes dentro de veículos parados observando.
    - Não há registros de capuzes/máscaras/bonés incomuns.
    - Nenhuma ação coordenada, agressão ou arma aparente.","Baixo. Não foram observados indicadores objetivos de risco: as pessoas apenas transitam normalmente pela calçada, sem qualquer atitude suspeita junto à propriedade nem evidência de monitoramento atípico.",Alto. As imagens são claras e o ângulo permite boa visualização tanto das pessoas quanto da área frontal da propriedade; as ações observadas são pouco ambíguas e o ambiente está iluminado o suficiente para identificação segura de movimentos e comportamentos.,camera_analyzer_prompt_external_street,detailed,,False,False,Alto
event_20250410_145302_a6bcedf2,24,motion_detected/event_20250410_145302_a6bcedf2/0000_robbery_20250410_145302_frame.jpg,robbery,2025-04-10 14:53:02,"Vista externa de uma rua, com calçada pavimentada ao lado de um muro/lajeado de cor laranja, provavelmente um local comercial. Horário registrado nas imagens é pela manhã (08:32:50 a 08:33:13), com iluminação diurna de boa qualidade (sol claro). Imagens com rótulo ""Intelbras"", Câmera 01.",,"**Alto**  
   Justificativa: Foi possível observar, de maneira objetiva, pelo menos dois indicadores claros de risco: permanência e comportamento suspeito de observação/manipulação de veículo (possível tentativa de furto), uso de capacete todo o tempo (ocultação de identidade) e ações coordenadas entre os indivíduos.","**Alto**  
   Justificativa: As imagens possuem boa clareza e iluminação, permitindo visão nítida das ações e do contexto. O ângulo é amplo e mostra toda a movimentação de ambos os indivíduos, bem como a manipulação do veículo. As ações são pouco ambíguas e tipificam claramente uma situação de risco/furto.",camera_analyzer_prompt_external_street,detailed,,True,True,Alto
event_20250410_145303_28abe440,5,motion_detected/event_20250410_145303_28abe440/0000_robbery_20250410_145303_frame.jpg,robbery,2025-04-10 14:53:03,"As imagens exibem uma área externa privada (provavelmente uma garagem ou entrada de veículos de uma residência, com jardim nas laterais), em iluminação diurna. Vista da câmera semiaberta voltada para o portão e passagem de veículos/pedestres. Label contextual: “Câmera 01”.","- Pessoas: Nas imagens, há múltiplas pessoas (algumas em motocicletas, outras a pé) adentrando a propriedade logo após a abertura do portão.
  - Indicadores Objetivos de Risco:
    - Presença de várias pessoas em motocicletas acessando a área privada de forma não usual e aparentemente sincronizada.
    - Abertura do portão coincide com a entrada simultânea dos motociclistas, o que indica possível ação coordenada e não rotineira.
    - Um indivíduo surge correndo pela área, possivelmente fugindo ou tentando escapar, o que sugere situação de emergência.
    - O modo de entrada é compatível com tentativas de invasão/assalto, típico de ações criminosas (arrastão).","Alto, evidenciado pela entrada coordenada e forçada de várias pessoas em motocicletas na área privada, coincidindo com fuga de um possível morador ou funcionário, sugerindo invasão criminosa.","Alto, pois as imagens são claras, o ângulo permite visualização ampla dos fatos e as ações observadas são objetivas e tipicamente associadas a riscos de segurança graves (ação de invasores em grupo, fuga de pessoa pela área).",camera_analyzer_prompt_internal_to_outside,detailed,,True,True,Alto
event_20250408_154830_a2a34495,5,motion_detected/event_20250408_154830_a2a34495/0000_sneak_20250408_154830_frame.jpg,sneak,2025-04-08 15:48:30,"Vista para área externa privada, provavelmente um quintal ou passagem lateral de residência, em ambiente com iluminação noturna (possivelmente iluminação infravermelha típica de câmeras de segurança). A área mostra objetos e materiais cobertos, além de uma motocicleta.",,"Alto, pois há presença e movimentação de pessoa em área e/ou horário incomum, com ações que sugerem potencial tentativa de acesso a itens ou observação do ambiente com possível intenção duvidosa.","Alto, pois as imagens estão claras, permitem ver nitidamente a movimentação da pessoa e suas interações; o ângulo é abrangente, e as ações são pouco ambíguas considerando o contexto apresentado (horário e área privada).",camera_analyzer_prompt_internal_to_outside,detailed,,False,True,Alto
event_20250408_154830_d10056f5,5,motion_detected/event_20250408_154830_d10056f5/0000_sneak_20250408_154830_frame.jpg,sneak,2025-04-08 15:48:30,"Área externa, possivelmente de uso comercial ou industrial, capturada à noite (iluminação artificial). A câmera está posicionada sobre veículos utilitários/baú e próximo a uma entrada/bloqueio (possível portão, caixa, ou abrigo técnico). Imagens identificadas como ""CAM1"".",,"Alto, devido à presença de múltiplos indicadores objetivos de risco: manipulação de estruturas, uso de vestimentas que dificultam identificação, período noturno, aparente ação coordenada.","Alto, pois as imagens estão claras, permitem identificação detalhada das ações, vestimentas e posição dos envolvidos, além de não haver ambiguidades quanto ao comportamento potencialmente ilícito observado.",camera_analyzer_prompt_external_street,detailed,,False,True,Alto
event_20250403_113729_6e0a44fe,6,motion_detected/event_20250403_113729_6e0a44fe/0001_7645_20250307_134155_frame_20250403_113729_000004.jpg,7645,2025-03-07 13:41:55,"Imagens de uma área externa, mostrando o portão de entrada de uma residência ou comércio (possível ambiente semi-residencial). Capturas durante o dia, com iluminação solar intensa e sombras bem definidas. A câmera está posicionada para cobrir o portão de acesso e parte do pátio interno. Label nas imagens: ""portao entrada"".","- Pessoas: Nenhuma pessoa visível nas imagens apresentadas.
  - Veículos: Nenhum veículo visível no espaço interno ou tentando acessar o local pelas imagens fornecidas.
  - Indicadores Objetivos de Risco:  
    - Nenhuma tentativa de forçar/manipular portão ou outras entradas.
    - Ninguém parado, vadiando ou em atitude suspeita próximo à propriedade.
    - Nenhum veículo/motocicleta circulando, passando devagar ou parado em atitude suspeita observando o local.
    - Não há uso de capuzes, máscaras ou bonés.
    - Nenhuma ação coordenada entre indivíduos.
    - Nenhuma agressão, violência ou arma sendo usada.","Baixo, pois não foi observado nenhum indicador objetivo de risco nas imagens.","Alto, as imagens estão claras, bem iluminadas e com ângulo adequado, permitindo boa visualização de toda a área monitorada. Não há ambiguidades nas ações observadas (ou na ausência delas).",camera_analyzer_prompt_external_street,detailed,,False,False,Alto
event_20250408_154827_550cbaa0,2,motion_detected/event_20250408_154827_550cbaa0/0000_walk_20250408_154827_frame.jpg,walk,2025-04-08 15:48:27,"Ambiente interno fechado, possivelmente uma loja de eletrônicos ou assistência técnica, com iluminação artificial e natural. O local possui balcão de atendimento, vitrines e materiais promocionais. Imagens rotuladas como ""LiveLeak"", possivelmente de uma câmera de segurança posicionada no alto, próximo à entrada, cobrindo o balcão principal.","- Pessoas: Nas imagens, há ao menos duas pessoas visíveis. Uma delas (com vestimentas escuras e rosto coberto/capuz) está atrás do balcão interagindo de maneira agressiva/ameaçadora com outro indivíduo (deitado ou abaixado atrás do balcão).
    - Indicadores Objetivos de Risco Observados:
        - Movimento rápido e errático de uma pessoa.
        - Pelo menos um indivíduo parece estar ameaçando ou coagindo outro (pessoa atrás do balcão está no chão, postura que pode indicar rendição ou ameaça).
        - Possível tentativa de ocultar a identidade (uso de capuz ou cobertura facial).
        - Ação agressiva evidente.
        - Aparenta haver retirada rápida de itens (saco ou mochila sendo carregado perto da porta).
        - Agressão não explicitamente visível, porém ações sugerem ameaça/intimidação.","Alto, diversos indicadores objetivos de risco identificados, como movimentação rápida, postura agressiva, suspeita de roubo e tentativa de esconder o rosto.","Alto, as imagens têm boa clareza, o ângulo permite identificar toda a situação e as ações observadas são pouco ambíguas quanto à natureza do risco.",camera_analyzer_prompt_internal_closed,detailed,,False,True,Alto
event_20250408_154828_2b362832,3,motion_detected/event_20250408_154828_2b362832/0000_fall_20250408_154828_frame.jpg,fall,2025-04-08 15:48:28,"Vista de uma área de entrada interna/semiaberta, com portas de vidro automáticas, piso claro e ambiente iluminado artificialmente. Imagens captadas por ""Câmera 01"", voltada para a saída/entrada da propriedade durante a noite (externo escuro).","- Pessoas: Em sequência de imagens, nota-se pelo menos duas pessoas próximas à porta. Uma pessoa se move rapidamente em direção à saída, enquanto outra parece cair ou escorregar no chão logo atrás. Nas imagens seguintes, observa-se movimentação acelerada, sugerindo pressa, possível fuga ou perseguição.  
  - Indicadores Objetivos de Risco:
      - Pessoas presentes e se movimentando rapidamente em direção à saída, comportamento incomum para situações normais em uma entrada residencial ou comercial.
      - Movimento brusco próximo às portas, possivelmente tentando entrar/sair rapidamente.
      - Não é possível determinar tentativa de abertura forçada, mas a sequência indica urgência acima do normal para entradas/saídas.","Alto, devido à movimentação rápida, queda possível e comportamento compatível com fuga ou perseguição, típicos de situações de risco à segurança.","Alto, pois as imagens são relativamente claras, o ângulo cobre totalmente a cena relevante e as ações observadas sugerem claramente uma situação anormal em relação ao uso típico do local.",camera_analyzer_prompt_internal_to_outside,detailed,,False,True,Alto
event_20250403_101251_f265bb7e,16,motion_detected/event_20250403_101251_f265bb7e/0001_17201_20250307_002851_frame_20250403_101250_000102.jpg,17201,2025-03-07 00:28:51,"Imagens noturnas (por volta das 21:17h) de câmera de segurança externa (""Frente, L, E"") voltada para rua pouco iluminada, ambiente aparentemente residencial ou em área pouco movimentada. A iluminação principal provém do infra-vermelho da câmera e dos faróis de um veículo. Não há muitos detalhes visíveis do entorno, mas há calçada, cerca de arame farpado e um muro baixo junto à câmera.",,"Baixo  
  Justificativa: Apesar do veículo passar em baixa velocidade (o que isoladamente pode ser comum em locais residenciais à noite), não há outros indicadores de risco presentes (paradas suspeitas, ocupantes observando o local, tentativa de abordagem/manipulação da entrada ou presença de pessoas agindo de modo suspeito nas proximidades).","Alto  
  Justificativa: As imagens apresentam boa visibilidade geral para identificar movimentações de pessoas e veículos e permitem notar ausência de ações suspeitas. O ângulo da câmera é favorável para observação do portão/entrada e da rua em frente. As ações observadas são pouco ambíguas e consistentes com o trânsito normal de veículos.",camera_analyzer_prompt_external_street,detailed,,False,False,Alto
event_20250403_110712_5aa7d505,21,motion_detected/event_20250403_110712_5aa7d505/0001_6985_20250307_101724_frame_20250403_110706_000134.jpg,6985,2025-03-07 10:17:24,"- Vista externa da rua, em frente a uma propriedade, área arborizada e residencial/comercial (indicado por vagas demarcadas e calçada larga). Imagens diurnas, boa iluminação natural. Rótulo “Câmera 02” para a sequência principal e “Câmera 11” para as últimas imagens.","- Pessoas:  
    - Um indivíduo caminhando ao longo da calçada nas primeiras imagens (Câmera 02), depois sai do campo de visão.
    - Outro indivíduo caminhando, também sozinho, visível nas últimas imagens (Câmera 11).
  - Veículos:  
    - Trânsito normal de carros, com passagem de vários veículos nos dois sentidos.  
    - Nenhuma motocicleta detectada ou veículo parado observando a propriedade.
  - Indicadores Objetivos de Risco (Não observados):  
    - Nenhuma tentativa de forçar/manipular entradas.
    - Ninguém parado ou agindo de forma suspeita próxima à propriedade.
    - Veículos apenas em trânsito, sem passagens lentas ou repetidas, e sem ocupantes observando atentamente o local.
    - Não há uso atípico de vestimentas (capuzes/máscaras).
    - Não há interações coordenadas ou comportamento agressivo/violento.","Baixo  
  - Justificativa:  
    - Não foram observados indicadores objetivos de risco nas imagens analisadas. O fluxo de pessoas e veículos aparenta condizer com o esperado para uma área urbana/empresarial durante o dia.","Alto  
  - Justificativa:  
    - As imagens apresentam boa nitidez e enquadramento, permitindo análise clara das ações das pessoas e veículos. Não há ambiguidade nas ações dos observados, reforçando alta confiança na avaliação.",camera_analyzer_prompt_external_street,detailed,,False,False,Alto
event_20250410_145303_7f97b2f6,25,motion_detected/event_20250410_145303_7f97b2f6/0000_robbery_20250410_145303_frame.jpg,robbery,2025-04-10 14:53:03,"Imagens externas de posto de gasolina durante o dia, com iluminação natural clara, local aberto, aparentemente comercial. Fonte da câmera identificada como ""canal uol"", com data/hora visível (06/03/2023, entre 17:15:41 e 17:16:06).",,"**Alto**. Justificativa: Diversos indicadores claros e simultâneos de alto risco objetivo — presença de ação armada, uso de máscaras/bonés, coação e agressão física, ameaça à integridade da vítima, além de ação coordenada entre criminosos.","**Alto**. Justificativa: As imagens possuem excelente clareza, enquadramento frontal direto do ocorrido e ausência de ambiguidade quanto ao contexto e à natureza violenta da ação (assalto armado evidente). Todos os elementos críticos de risco são visíveis sem dúvidas.",camera_analyzer_prompt_external_street,detailed,,True,True,Alto
event_20250408_154828_7e69c268,3,motion_detected/event_20250408_154828_7e69c268/0000_throw_20250408_154828_frame.jpg,throw,2025-04-08 15:48:28,"Ambiente interno fechado, possivelmente um escritório ou recepção de empresa. Iluminação artificial adequada, ambiente bem iluminado. A câmera está localizada no canto superior do ambiente, ângulo amplo cobrindo as mesas e parte da sala de espera. Imagens rotuladas como ""Câmera 01"".","- Pessoas: No início, presentes três pessoas próximas às mesas de atendimento, com outros ao fundo sentados na sala de espera. Uma pessoa (em pé, de camisa clara) parece realizar um movimento rápido e abrupto em direção a outra que está atrás da mesa. Nas imagens seguintes, nota-se que um dos indivíduos do lado do balcão/mesa realiza um gesto brusco, que pode ser interpretado como lançar ou empurrar algum objeto na direção da pessoa sentada à mesa.
  - Indicadores Objetivos de Risco Observados: 
    - Movimento rápido/errático pela área (indivíduo em pé movimenta-se de forma abrupta).
    - Possível ação agressiva (gesto de lançamento/empurrão em direção a outra pessoa).
    - Não são observados (pelas imagens fornecidas): ocultação de rosto, arrombamento, manipulação suspeita de portas/gavetas ou remoção rápida de itens.","Alto, pois foi identificado ao menos um indicador de risco (movimento brusco, potencial ação agressiva/violenta em direção a outra pessoa).","Alto. As imagens são claras, o ângulo proporciona boa visualização das ações, e os gestos observados são pouco ambíguos, sugerindo um incidente de risco entre os envolvidos.",camera_analyzer_prompt_internal_closed,detailed,,True,True,Alto
event_20250408_154829_ae55aced,5,motion_detected/event_20250408_154829_ae55aced/0000_struggle_20250408_154829_frame.jpg,struggle,2025-04-08 15:48:29,"Ambiente interno fechado, aparentemente um quarto ou cela simples com cama e janela; iluminação natural forte pela janela; label visual ""Câmera 01"" no canto inferior. Imagens em preto e branco e de baixa resolução.","- Pessoas: Duas pessoas visíveis, uma claramente imobilizando/agarrando a outra. A ação é intensa, semelhante a uma luta, com postura corporal indicando contenção ou agressão.
    - Indicadores Objetivos de Risco:
        - Ações agressivas ou luta física claramente presentes.
        - Movimento rápido e posições corporais típicas de confronto físico.
        - Nenhum objeto suspeito aparente ou evidência de armas nas imagens analisadas, mas a ação física agressiva é evidente.","Alto, devido à observação clara de confronto físico/agressão entre as pessoas, o que representa risco imediato à integridade física.","Alto, pois apesar da baixa qualidade das imagens, a cena é bem iluminada, as ações são objetivas e a postura dos envolvidos não deixa ambiguidade sobre a existência de agressão física.",camera_analyzer_prompt_internal_closed,detailed,,True,True,Alto
event_20250408_154826_22dc91e2,3,motion_detected/event_20250408_154826_22dc91e2/0000_kick_20250408_154826_frame.jpg,kick,2025-04-08 15:48:26,"Academia (local interno); iluminação clara, aparentemente artificial; presença de equipamentos de musculação e pesos; filmagem rotulada pelo timestamp no canto inferior (""19:37:16""). Câmera posicionada para cobrir boa parte do salão de musculação.","- Pessoas: Dois indivíduos presentes em todas as imagens.
    - Ações: Em sequência, um dos indivíduos segura e derruba violentamente o outro ao chão. A cena mostra, de forma clara, um movimento brusco que derruba a pessoa, seguida de uma queda impactante sobre o solo, com o agressor permanecendo de pé inclinando-se sobre a pessoa caída.
    - Indicadores Objetivos de Risco observados:
      - Movimento agressivo e violento entre as pessoas.
      - Queda forçada ao solo, configurando agressão física.
      - Possível risco de ferimento grave devido ao impacto da queda, especialmente no ambiente com objetos pesados e rígidos ao redor.","Alto, devido à agressão física explícita, com risco potencial de lesão grave pela ação violenta registrada.","Alto, pois as imagens apresentam excelente clareza, ângulo adequado e ações sem ambiguidade, evidenciando claramente o incidente de agressão física.",camera_analyzer_prompt_internal_closed,detailed,,True,True,Alto
event_20250403_110809_e9b8e587,11,motion_detected/event_20250403_110809_e9b8e587/0001_6994_20250307_101724_frame_20250403_110809_000040.jpg,6994,2025-03-07 10:17:24,"Vista externa de uma rua com estacionamento, em área aparentemente residencial ou mista, durante o dia (boa iluminação natural). A câmera está posicionada em um ângulo alto, proporcionando boa visibilidade da rua e parte do estacionamento. Imagens rotuladas como ""Camera 11"".","- Pessoas: Não há pessoas visíveis nas imagens analisadas.
  - Veículos: Sequência mostra vários carros passando pela rua em diferentes direções, sem sinais de parada prolongada, vadiagem ou manobras suspeitas. Não há motocicletas visíveis nas imagens.
  - Indicadores Objetivos de Risco: 
    - Não há tentativa de forçar/manipular entradas visível.
    - Não há vadiagem ou permanência suspeita próxima à propriedade.
    - Não foram observadas passagens lentas e repetidas de veículos.
    - Não há veículos estacionados com ocupantes observando a propriedade.
    - Não há motocicletas paradas ou desacelerando próximo ao local.
    - Não foi identificado uso incomum de capuzes, máscaras ou bonés.
    - Não há ações coordenadas entre indivíduos.
    - Não há sinais de agressão, violência ou armas.","Baixo, pois nenhum indicador objetivo de risco foi observado nas imagens fornecidas.","Alto, pois a visibilidade e a clareza das imagens são boas, abrangendo adequadamente a rua e a área de interesse, e as ações observadas são claras e não ambíguas.",camera_analyzer_prompt_external_street,detailed,,False,False,Alto
event_20250408_154826_0a85b8b5,4,motion_detected/event_20250408_154826_0a85b8b5/0000_grab_20250408_154826_frame.jpg,grab,2025-04-08 15:48:26,"Ambiente interno fechado, possivelmente uma sala de manutenção ou pequeno escritório (fios, escada, ferramentas e materiais de obra visíveis). Iluminação artificial adequada, ambiente bem iluminado. Câmera identificada como ""Câmera 01"".","- Pessoas: Duas pessoas presentes durante toda a sequência. Estão próximas da porta de entrada do ambiente.
  - O indivíduo de camiseta escura/manchas claras parece conversar e gesticular de forma direta com a pessoa de casaco com capuz e botas amarelas.
  - Em determinado momento (imagens 2 e 3), o indivíduo de camiseta recebe/segura um grande saco, aparentemente trazido pela pessoa de casaco. Não há movimentos rápidos ou sinais de agressividade visíveis. Ambos estão visíveis e nenhum parece esconder o rosto da câmera.
  - Não há indicações claras de forçar portas, gavetas, manipulação de equipamentos de maneira suspeita, ocultação de itens, vandalismo, agressão, ou portas/janelas arrombadas.","Baixo, pois nenhum dos indicadores objetivos de risco foi observado nas imagens. As ações são compatíveis com entrega/troca de objeto volumoso, sem sinais de hostilidade ou intenção ilícita evidente.","Alto, pois as imagens estão claras, com bom ângulo e as ações são pouco ambíguas. Todos movimentos são visíveis e não há pontos cegos relevantes.",camera_analyzer_prompt_internal_closed,detailed,,False,False,Alto
event_20250403_091404_c34755c2,22,motion_detected/event_20250403_091404_c34755c2/0001_55410_20250302_230353_frame_20250403_091404_000146.jpg,55410,2025-03-02 23:03:53,"Imagens noturnas em preto e branco, registradas por câmeras de segurança posicionadas para monitorar quintal/jardim de uma propriedade privada. As câmeras estão voltadas para o portão de entrada e parte da calçada/rua externa, aparentemente com boa iluminação noturna (provavelmente iluminação pública e sensores das câmeras). Labels: ""Camera 05"" e ""Camera 03"".","- Pessoas: Não há pessoas presentes na área privada/quintal em nenhum momento da sequência observada.
  - Indicadores Objetivos de Risco:  
    - Não há registro de pessoas em áreas ou horários incomuns.
    - Não há aproximação ou interação de pessoas com portas, janelas, muros ou portões.
    - Nenhuma tentativa de abertura ou transposição de barreiras/propriedade.
    - Não é observado comportamento de observação suspeita da propriedade.
    - Não há movimento inesperado em áreas privadas.
    - Não há sinais claros de intrusão, como pular muros/cercas.
  - Nota: Apenas veículos transitando pela rua externa são visíveis, sem interação com a área da propriedade.","Baixo, pois não foi identificado nenhum indicador objetivo de risco durante a análise das imagens.","Alto, visto que as imagens estão nítidas, com iluminação suficiente, ângulos adequados para monitoramento das áreas de interesse e ausência de ambiguidade nas ações observadas.",camera_analyzer_prompt_internal_to_outside,detailed,,False,False,Alto
event_20250403_110744_338b958b,15,motion_detected/event_20250403_110744_338b958b/0001_6994_20250307_101724_frame_20250403_110744_000016.jpg,6994,2025-03-07 10:17:24,"Vista externa para uma rua, durante o dia (iluminação natural e adequada), aparentemente em área urbana ou mista (prédios e muros visíveis, calçada e rua asfaltada). Câmera 11, ângulo voltado para a entrada de estacionamento e via pública.","- Pessoas: Não foi possível identificar claramente pessoas em atitudes suspeitas nas imagens apresentadas.
  - Veículos: Trânsito regular de carros e motocicletas observado; as motocicletas aparecem circulando em movimento normal, sem indício de parada prolongada ou desaceleração incomum em frente à propriedade.
  - Indicadores Objetivos de Risco:
    - Nenhuma manipulação de portões/entradas detectada.
    - Não há vadiagem ou permanência suspeita de indivíduos próximos à propriedade.
    - Não há passagem lenta e repetida de veículos, especialmente motocicletas, em frente ao imóvel.
    - Não há veículos parados com ocupantes observando o local.
    - Não há motocicletas estacionadas, desacelerando ou com comportamento anormal próximos ao portão.
    - Não foi observado o uso incomum de capuzes, máscaras ou bonés.
    - Não há indícios de ações coordenadas entre indivíduos.
    - Não há sinais de agressão, violência ou uso de armas.","Baixo, pois nenhum dos indicadores objetivos de risco foi observado nas imagens analisadas.","Alto, uma vez que as imagens apresentam boa clareza, iluminação e o ângulo abrange tanto a via quanto a calçada e entrada principal, facilitando a observação de potenciais riscos. As ações dos veículos e pessoas não apresentaram ambiguidade em relação aos indicadores de risco especificados.",camera_analyzer_prompt_external_street,detailed,,False,False,Alto
event_20250403_103057_3dd4eced,7,motion_detected/event_20250403_103057_3dd4eced/0001_17205_20250307_002852_frame_20250403_103057_000088.jpg,17205,2025-03-07 00:28:52,"Ambiente externo, aparentemente área de fundos de um imóvel com diversos objetos e materiais (possível ferro-velho, oficina, ou depósito). Iluminação noturna artificial, imagens em preto e branco. Local parece não ser residencial, mas sim uma área comercial ou industrial. Imagens rotuladas como ""L.D. Fundos"".","- Pessoas: Não há presença evidente de pessoas nas imagens analisadas.
  - Veículos: Um veículo está visível na rua ao fundo, porém permanece estacionado em todas as imagens e não apresenta comportamento suspeito, como desaceleração próxima à propriedade ou observação evidente. 
  - Indicadores Objetivos de Risco:
     - Não há sinais de manipulação de entradas, vadiagem, passagens lentas/repetidas ou ações coordenadas.
     - Não há motocicletas visíveis.
     - Não há uso incomum de capuzes/máscaras/bonés e não são visíveis agressões, violência ou armas.","Baixo, pois não há indicadores objetivos de risco observados nas imagens apresentadas.","Alto, pois as imagens estão claras, o ângulo é bom para visualização da área, e as ações (ou ausência delas) são pouco ambíguas, permitindo boa análise do local e de movimentos.",camera_analyzer_prompt_external_street,detailed,,False,False,Alto
event_20250408_154829_43c0b5c1,2,motion_detected/event_20250408_154829_43c0b5c1/0000_struggle_20250408_154829_frame.jpg,struggle,2025-04-08 15:48:29,"Vista externa de uma rua, câmeras sob iluminação diurna e boa visibilidade. O local aparenta ser uma área urbana mista (pode ser residencial ou comercial), com vagas de estacionamento e calçada visíveis. Imagem rotulada como ""Camera 1"".","- Pessoas: Três pessoas presentes. Duas delas (próximas ao portão aberto) aparentam estar em um confronto físico, com posturas agressivas/de luta. Uma terceira pessoa observa a cena à distância, sem interação imediata.
    - Veículos: Nenhuma movimentação ou comportamento suspeito de veículos nas imagens observadas.
    - Indicadores Objetivos de Risco observados:
        - Agressão física ou confronto direto entre indivíduos.
        - Ações possivelmente coordenadas pelo posicionamento das pessoas (uma observando, outras envolvidas na luta).","Alto, devido à presença clara de confronto/agressão física entre duas pessoas e possível coordenação de terceiros (observador).","Alto, pois as imagens são claras, bem iluminadas e o ângulo permite observar de forma objetiva o conflito físico e o contexto geral com pouca ambiguidade.",camera_analyzer_prompt_external_street,detailed,,True,True,Alto
event_20250410_145304_211eddc9,11,motion_detected/event_20250410_145304_211eddc9/0000_climbing-wall_20250410_145304_frame.jpg,climbing-wall,2025-04-10 14:53:04,"Vista externa de rua residencial, com casas geminadas e calçadas. O ambiente está claro, provavelmente durante o dia, com iluminação natural suficiente. As imagens pertencem à ""Câmera 01"".","- Pessoas: Um indivíduo é visto escalando o muro de uma residência, passando da calçada para o interior da propriedade.
   - Veículos: Motocicleta estacionada do outro lado da rua, não envolvida na ação. Um carro está estacionado ao fundo da rua, aparentemente sem relação direta com o evento. Não há movimentação visível de veículos nesses quadros.
   - Indicadores Objetivos de Risco:
     - Forçar/manipular entradas: Sim, indivíduo escala muro para acessar propriedade, o que caracteriza invasão.
     - Vadiagem/permanência suspeita: Não observado além da ação direta da invasão.
     - Passagens lentas/repetidas de veículos: Não observado.
     - Veículos estacionados observando: Não observado, carro parado parece inativo.
     - Motocicletas suspeitas paradas: Não observado.
     - Uso incomum de capuzes/máscaras/bonés: Não evidente pelas imagens, mas não é o foco principal; ação já demonstra risco.
     - Ações coordenadas: Não observado, somente um indivíduo visível na ação.
     - Agressões, violência, armas: Não observado.","**Alto**. Justificativa: A escalada do muro é um claro indicador de invasão à propriedade, representando risco objetivo de segurança.","**Alto**. Justificativa: As imagens estão nítidas, o ângulo permite total visualização da ação de invasão, e a conduta do indivíduo é inequívoca (escalação do muro para dentro da propriedade) — sem ambiguidade na interpretação do risco.",camera_analyzer_prompt_external_street,detailed,,True,True,Alto
event_20250408_154829_68936014,4,motion_detected/event_20250408_154829_68936014/0000_sneak_20250408_154829_frame.jpg,sneak,2025-04-08 15:48:29,"Ambiente interno fechado, aparentando ser uma sala residencial, durante a noite ou em baixa iluminação (possível visão noturna infra-vermelha). Móveis como sofás, mesa de centro e almofadas visíveis. Imagens etiquetadas sequencialmente de uma mesma câmera fixa, provavelmente ""Câmera 01"".","- Pessoas: Duas pessoas presentes. Ambas movimentando-se de modo agachado/ajoelhado pela sala, sem contato visível com objetos, portas ou gavetas nestes frames.
    - Indicadores Objetivos de Risco:
        - Movimento cauteloso/baixo (engatinhando ou agachados), o que pode indicar tentativa de não serem vistas.
        - Nenhum sinal de forçar/manipular portas, gavetas ou armários.
        - Não há indicações claras de vandalismo, violência, agressão física, ou uso/porte de armas.
        - Não há portas/janelas arrombadas evidentes nestas imagens.
        - As pessoas não estão ativamente ocultando o rosto da câmera, mas o comportamento (agachado) pode indicar intenção de evasão da linha de visão.","Alto, presença de comportamento suspeito (movimentação cautelosa/agachada pela área, possivelmente tentativa de não serem flagrados), que se encaixa como movimento não usual para um ambiente residencial normal.","Alto, as imagens têm boa clareza, o ângulo permite boa visualização de grande parte do ambiente e das ações, e o comportamento observado é claramente atípico e sugere risco objetivo.",camera_analyzer_prompt_internal_closed,detailed,,False,True,Alto
event_20250402_140812_81b82a7a,7,motion_detected/event_20250402_140812_81b82a7a/0001_6883_20250219_153816_frame_20250402_140808_000066.jpg,6883,2025-02-19 15:38:16,"Vista externa de uma rua, aparentemente em área residencial. Iluminação diurna com sol forte. Imagem proveniente da ""Câmera 01"". Calçada com padrão de mosaico, árvores e postes visíveis. Uma rua de mão única/estreita, com pouco movimento captado nesta sequência.","- Pessoas: Uma pessoa (aparentemente mulher) caminhando na calçada, atravessa a área monitorada ao longo das imagens. Nenhum comportamento suspeito, caminha normalmente sem interagir com entradas ou demonstrar interesse por veículos ou imóveis.
    - Veículos: Um carro prata aparece nas primeiras imagens, trafega normalmente e depois sai do campo de visão. Não há motocicletas ou outros veículos passando lentamente, parados ou com condutores observando propriedades. 
    - Indicadores Objetivos de Risco: 
        - Não há sinais de forçagem/manipulação de entradas.
        - Não há vadiagem/permanência suspeita.
        - Não há passagens lentas/repetidas de veículos/motocicletas.
        - Não há veículos estacionados observando a propriedade.
        - Não há motocicletas parando ou desacelerando próximo.
        - Nenhuma pessoa utilizando capuz, máscara ou boné de maneira suspeita.
        - Não há coordenação visível entre indivíduos.
        - Não há agressões, violência, ou armas visíveis.","Baixo, nenhum indicador de risco observado nesta sequência. Trânsito e circulação de pedestre normais.","Alto, imagens claras, boa iluminação, ângulo adequado e comportamentos facilmente interpretáveis, sem ambiguidades relevantes.",camera_analyzer_prompt_external_street,detailed,,False,False,Alto
event_20250403_115819_956b2299,14,motion_detected/event_20250403_115819_956b2299/0001_7639_20250307_134155_frame_20250403_115805_000137.jpg,7639,2025-03-07 13:41:55,"Vista externa de rua residencial, horário diurno (por volta de 10h45), iluminação natural elevada devido à luz solar intensa, sem sombra significativa afetando a visibilidade. As imagens são da “frente direita” (provavelmente da fachada de uma residência/comércio), capturadas por uma câmera Intelbras.",,"Baixo, pois nenhum dos indicadores objetivos de risco foi observado nas imagens analisadas. O comportamento das pessoas e veículos registrados está compatível com o fluxo rotineiro de via pública durante o dia.","Alto, pois as imagens estão claras, com boa iluminação e ângulo que permite analisar tanto a calçada quanto a rua. As ações observadas são objetivas e pouco ambíguas, não havendo dúvidas relevantes neste trecho analisado.",camera_analyzer_prompt_external_street,detailed,,False,False,Alto
event_20250410_145304_b48dca52,10,motion_detected/event_20250410_145304_b48dca52/0000_break-in_20250410_145304_frame.jpg,break-in,2025-04-10 14:53:04,"As imagens são de uma câmera interna (provavelmente de um estabelecimento comercial), voltada para uma grande porta de vidro que dá acesso direto à rua. O horário é de madrugada/manhã cedo (por volta das 5h42 às 6h05, conforme marcação nas imagens), e o ambiente parece estar escuro, utilizando modo noturno/infravermelho da câmera. Área observada: hall de entrada ou showroom de loja, com vista ampla da porta voltada para área externa/rua. Rótulo da câmera: ""C4"".","- Pessoas: Uma pessoa aparece nas imagens transitando junto à porta de vidro. Inicialmente, ela está do lado de fora, se movimenta até a porta, posteriormente entra no ambiente interno por volta do frame 5 e permanece caminhando no local. Observa-se a presença dessa pessoa durante vários segundos, incluindo gestos que sugerem vigilância ou procura rápida dentro do espaço.
   - Indicadores Objetivos de Risco (Observados):
      - Presença de pessoa em horário incomum (madrugada/amanhecer).
      - Indivíduo entra no interior do local, sugerindo possível arrombamento ou invasão.
      - Essa pessoa se posiciona e se movimenta de modo suspeito e não compatível com rotina normal do local.
      - Portas de vidro estão abertas/quebradas, indicando possível violação de barreira física.
      - Não está presente nenhum indicativo de rotina de trabalho (exemplo: funcionário uniformizado, limpeza, etc).","**Alto**. Justificativa: Identificados diversos indicadores objetivos de risco, como entrada de pessoa fora de horário comercial, comportamentos suspeitos e violação da barreira física (porta de vidro aberta/quebrada).","**Alto**. Justificativa: As imagens são claras, o ângulo permite observar bem a ação na área interna e o acesso, e as ações da pessoa são pouco ambíguas, fortemente associadas a uma situação de invasão/arrombamento.",camera_analyzer_prompt_internal_to_outside,detailed,,True,True,Alto
event_20250402_142524_574db192,16,motion_detected/event_20250402_142524_574db192/0001_6884_20250219_153816_frame_20250402_142514_000083.jpg,6884,2025-02-19 15:38:16,"Rua residencial, câmeras externas – Câmera 02. Gravação durante o dia, iluminação natural forte (dia claro e ensolarado). Calçada com vegetação, árvores e casas com portões visíveis.","- Pessoas: Não há pessoas visíveis nas imagens.
   - Veículos: Observa-se a passagem ocasional de carros de passeio pela via, alguns transitando e outros parando brevemente. Não há motocicletas visíveis, nem veículos estacionados por longos períodos observando a propriedade.
   - Indicadores Objetivos de Risco:
      - Não há sinais de forçar/manipular entradas.
      - Não há permanência de pessoas ou vadiagem próxima da propriedade.
      - Não há veículos parados repetidamente nem passagem lenta incomum.
      - Não há motocicletas paradas ou comportamento suspeito.
      - Nenhum dos ocupantes aparenta uso incomum de capuzes, máscaras ou bonés.
      - Não há ações coordenadas ou comportamentos violentos detectados.",Baixo. Não foi identificado nenhum indicador objetivo de risco nas imagens analisadas.,"Alto. As imagens estão claras, com boa visibilidade do ambiente, ângulo adequado e sem ambiguidade nas ações observadas.",camera_analyzer_prompt_external_street,detailed,,False,False,Alto
event_20250403_113354_c8cf51c7,14,motion_detected/event_20250403_113354_c8cf51c7/0001_7647_20250307_134155_frame_20250403_113347_000095.jpg,7647,2025-03-07 13:41:55,"Rua residencial (baseado em carros estacionados e ausência de comércio visível), iluminação diurna e boa visibilidade. Imagens da ""frente esquerda"", provavelmente de uma câmera voltada para a rua, com árvores laterais proporcionando sombra parcial.","- Pessoas: Não há pessoas visíveis nas imagens analisadas.
  - Veículos: Circulação normal de diversos carros, incluindo veículos coloridos (possivelmente identificados como taxi ou carros de serviço público). Um veículo amarelo/vermelho passa em frente à câmera sem parar. Carros permanecem estacionados na via durante toda a sequência, sem alteração visível.
  - Indicadores Objetivos de Risco:
    - Não há sinais de manipulação de portões/entradas.
    - Não há vadiagem ou permanência suspeita visível.
    - Não ocorrem passagens lentas/repetidas de veículos.
    - Não há veículos parados com ocupantes observando casas.
    - Não há motocicletas parando, desacelerando ou observando.
    - Não há uso incomum de capuzes/máscaras/bonés.
    - Não há ações coordenadas entre indivíduos (não há sequer indivíduos visíveis).
    - Não há qualquer indício de agressão, violência ou uso de armas.","Baixo, pois não são observados indicadores objetivos de risco nas imagens.","Alto, pois as imagens possuem boa clareza, o ângulo cobre bem a área principal da rua e não há ambiguidade nas ações observadas.",camera_analyzer_prompt_external_street,detailed,,False,False,Alto
event_20250402_164111_69dfa316,7,motion_detected/event_20250402_164111_69dfa316/0001_18250_20250228_124222_frame_20250402_164111_000068.jpg,18250,2025-02-28 12:42:22,"Vista externa de uma rua/com estacionamento, durante o dia, sob iluminação solar intensa. O local parece ser comercial ou industrial, visto a presença de várias vagas, inclusive para PCD, gramado e acesso a tráfego de veículos pesados. Imagens rotuladas como ""RACK-P2 ZONA 01"".","- Pessoas: Não há pessoas visíveis nas imagens.
   - Veículos: Dois carros estacionados (um em vaga comum, outro em vaga para PCD) e movimentação de caminhões na rua ao fundo. Os carros permanecem estacionados durante toda a sequência (não há nova entrada, saída ou movimentação suspeita).
   - Indicadores Objetivos de Risco (observados):
      - Nenhum dos indicadores foi observado: não há manipulação de entradas, vadiagem, veículos passando repetidas vezes, ocupantes observando, motos paradas ou desacelerando, uso incomum de vestimentas, ações coordenadas, nem violência/agressões.","Baixo, pois não foi observado nenhum indicador objetivo de risco nas imagens fornecidas.","Alto, pois as imagens são claras, com bom ângulo de visão do local monitorado e as ações (ou ausência delas) são inequívocas e facilmente observáveis.",camera_analyzer_prompt_external_street,detailed,,False,False,Alto
event_20250403_091224_4da7849c,71,motion_detected/event_20250403_091224_4da7849c/0001_55410_20250302_230353_frame_20250403_091221_000046.jpg,55410,2025-03-02 23:03:53,"Imagens noturnas de uma câmera de segurança (“Camera 05”) posicionada em ambiente interno/semiaberto, com vista para uma área externa privada (provável jardim/quintal de entrada), incluindo um portão que limita acesso à rua. Iluminação aparentemente boa, com reflexos de luzes externas. O portão metálico permite visualização parcial da passagem de veículos e pedestres na rua.","- Pessoas: Não há presença de pessoas no interior da área externa privada em praticamente toda a sequência. Nas imagens a partir do timestamp 29:06:14 é possível observar uma pessoa caminhando pela calçada (lado externo ao portão), permanecendo por alguns segundos do lado de fora, mas não sendo visto tentando entrar, nem interagindo diretamente com o portão. Não há evidências desses indivíduos tentando acessar o interior da propriedade ou interagindo com portas/janelas/muros/portões de forma suspeita.
  - Indicadores Objetivos de Risco:
    - Não há pessoas presentes em horários incomuns dentro da área privada.
    - Não foi observado nenhum indivíduo tentando abrir ou abrir conexões com o exterior.
    - Não há movimento inesperado por passagens laterais ou áreas dos fundos nas áreas internas.
    - Não há sinais visíveis de intrusão (como pular o muro ou forçar entradas).
    - O tráfego de veículos e pedestres ocorre apenas na área pública/externa à propriedade.","Baixo, pois nenhum indicador objetivo de risco foi identificado na área externa privada dentro do período observado. A presença de pessoas se limitou à calçada e não gerou ações suspeitas ou de ameaça à segurança da propriedade.","Alto, pois as imagens apresentam boa clareza, ângulo apropriado para visualização tanto do portão quanto da área externa privada, e as ações observadas são pouco ambíguas (transitando apenas pela calçada pública). Não há elementos visuais obstruindo partes cruciais da cena.",camera_analyzer_prompt_internal_to_outside,detailed,,False,False,Alto
event_20250402_150700_3c793a13,24,motion_detected/event_20250402_150700_3c793a13/0001_40427_20250221_185342_frame_20250402_150655_000004.jpg,40427,2025-02-21 18:53:42,"Sequência externa de rua (Câmera 01), durante o dia, com boa iluminação natural. Local parece ser residencial ou misto (residencial/comercial), calçada arborizada, veículos estacionados e passagem de pedestres.",,"Alto, devido à permanência suspeita da motocicleta parada e aparente coordenação entre ocupante da moto e pedestre—ambos comportamentos classicamente associados a risco de abordagem criminosa, especialmente quando a moto permanece parada e o pedestre circula próximo ao portão.","Alto, pois a sequência de imagens é clara, a iluminação permite identificar a cena e os movimentos dos indivíduos são desambiguados pelos vários ângulos temporais. O padrão de comportamento observado é compatível com práticas de risco já documentadas em segurança urbana.",camera_analyzer_prompt_external_street,detailed,,False,True,Alto
event_20250402_171319_5435f854,7,motion_detected/event_20250402_171319_5435f854/0001_4990_20250228_161321_frame_20250402_171318_000023.jpg,4990,2025-02-28 16:13:21,"Vista externa de uma rua residencial durante o dia, com iluminação clara e natural. A câmera (Câmera 04) está posicionada próxima a um muro, mostrando parte de uma calçada e da rua à frente da propriedade.","- Pessoas: Não foram identificadas pessoas presentes ou realizando ações nas imagens.
   - Veículos: Um carro aparece rapidamente passando pela rua (imagem 0005). Não há informações visíveis sobre permanência prolongada ou comportamento suspeito. Nenhuma motocicleta foi detectada.
   - Indicadores Objetivos de Risco:
     - Não foram observados sinais de manipulação de entradas.
     - Não há vadiagem ou permanência suspeita próxima à propriedade.
     - Não há veículos realizando passagens lentas ou repetidas.
     - Não há veículos estacionados observando a propriedade.
     - Não há motocicletas paradas, observando ou desacelerando.
     - Não foi detectado uso incomum de capuzes/máscaras/bonés.
     - Não há ações coordenadas entre indivíduos.
     - Não foram observadas agressões, violência ou armas.","Baixo, pois nenhum dos indicadores objetivos de risco foi observado nas imagens.","Alto, pois as imagens são suficientemente claras para a observação da área monitorada, não há movimentação ambígua, e o ângulo da câmera cobre bem o caminho em frente à propriedade.",camera_analyzer_prompt_external_street,detailed,,False,False,Alto
event_20250408_154826_76dbc5b4,5,motion_detected/event_20250408_154826_76dbc5b4/0000_grab_20250408_154826_frame.jpg,grab,2025-04-08 15:48:26,"Ambiente interno, provavelmente uma loja, com balcão de atendimento e diversos objetos decorativos nas paredes. Iluminação artificial, aparentemente boa. As imagens pertencem à “CAM02”, mostrando área próxima ao caixa/balcão, durante à noite (por volta de 20h28min, conforme o horário do sistema).","- Pessoas: Duas pessoas são claramente visíveis na sequência; uma delas está do lado de dentro do balcão (possivelmente funcionário), a outra do lado de fora (aparentemente cliente). Uma terceira pessoa aparece ao fundo entrando no recinto nas últimas imagens da sequência.
  - Não há evidências visuais claras de portas, gavetas ou armários sendo forçados, nem de movimentos rápidos/erráticos ou retirada apressada de objetos.
  - O indivíduo do lado de fora do balcão se aproxima e interage com o atendente por meio de gestos com as mãos, mas não demonstra comportamento ameaçador ou agressivo. Não há ocultação ativa do rosto nem sinais objetivos de vandalismo, agressão ou armas.
  - O terceiro indivíduo parece estar entrando normalmente sem pressa.","**Baixo**. Não foi observado nenhum indicador objetivo de risco, como ações suspeitas ou comportamentos agressivos.","**Alto**. As imagens estão claras, com ângulo adequado e boa visibilidade dos participantes e de suas ações. Não há ambiguidades relevantes no comportamento observado.",camera_analyzer_prompt_internal_closed,detailed,,False,False,Alto
event_20250402_140451_25399fec,9,motion_detected/event_20250402_140451_25399fec/0001_6896_20250219_153816_frame_20250402_140451_000082.jpg,6896,2025-02-19 15:38:16,"Imagens de uma garagem interna com vista parcial para a área externa (possivelmente uma passagem lateral ou acesso à rua). A iluminação é clara, com luz natural entrando pela porta/portão aberto. O horário é durante o dia (aproximadamente 12h42, conforme o registro nas imagens). Imagens da ""Câmera 14"".","- Pessoas: Não há pessoas visíveis nas imagens.
  - Indicadores Objetivos de Risco:
    - As imagens mostram um veículo estacionado e, em seguida, saindo da garagem/área interna para a área externa/rua. Não há sinais de pessoas tentando acessar áreas restritas, nem movimentos suspeitos nas áreas monitoradas. Não há evidências de tentativa de acesso forçado, nem pessoas observando atentamente a propriedade, nem movimentação incomum na área.","Baixo. Justificativa: Apenas a movimentação normal de um veículo deixando a garagem é observada, sem nenhum comportamento ou ação que indique risco à segurança.",Alto. Justificativa: As imagens estão suficientemente claras para identificar veículos e possíveis movimentações humanas; o ângulo permite boa visualização da área monitorada; as ações observadas não são ambíguas. Não há fatores que reduzam a confiança nesta avaliação.,camera_analyzer_prompt_internal_to_outside,detailed,,False,False,Alto
event_20250408_154828_fe8760c3,4,motion_detected/event_20250408_154828_fe8760c3/0000_gun_20250408_154828_frame.jpg,gun,2025-04-08 15:48:28,"Vista externa de uma rua, aparentemente em frente a um comércio (possível porta de entrada visível). A iluminação é artificial (provavelmente à noite) e suficiente para identificar pessoas e veículos. O local parece comercial, dada a natureza do que parece ser uma entrada de loja. Label na imagem: ""Camera8"", horário entre 17:48:26 e 17:48:29 (provavelmente PM).","- Pessoas: Duas pessoas visíveis, uma próxima à porta, aparentemente aguardando ou entrando, e outra se aproximando pela calçada, em movimento.
    - Veículos: Um veículo SUV estacionado em frente à entrada, visível em todas as imagens; não há indicações visíveis de movimento deste veículo nestes frames.
    - Indicadores Objetivos de Risco observados:
        - Pessoas próximas à entrada do estabelecimento, uma delas parece estar de vigia ou aguardando, enquanto outra se aproxima rapidamente.
        - Uma das pessoas utiliza capuz, item frequentemente associado a tentativas de ocultação de identidade.
        - Não é possível identificar claramente manipulação de entrada, armas, agressão, ou outros comportamentos objetivamente violentos nestes frames.","Alto, devido à presença de pessoa de capuz aproximando-se de maneira direta à porta do comércio enquanto outra pessoa aguarda estrategicamente na entrada, o que pode indicar potencial ação coordenada/suspeita, especialmente levando em conta o contexto noturno.","Médio, porque a qualidade da imagem é suficiente para identificar pessoas e ações básicas, mas há ofuscamento da luz refletida, e nem todas as ações das pessoas estão totalmente claras (não se observa arma, nem acesso forçado, mas o contexto e postura sugerem risco).",camera_analyzer_prompt_external_street,detailed,,True,True,Médio
event_20250402_150632_eb875975,6,motion_detected/event_20250402_150632_eb875975/0001_40426_20250221_185342_frame_20250402_150632_000001.jpg,40426,2025-02-21 18:53:42,"Imagens de uma área externa privada, provavelmente um corredor lateral ou entrada de acesso ao imóvel, cercada por portão metálico gradeado. A iluminação é diurna, com claridade natural suficiente para visualização. Vegetação lateral (plantas) presente. As imagens são da ""Camera 05"", conforme label.","- Pessoas: Nenhuma pessoa visível nas imagens analisadas.
    - Indicadores Objetivos de Risco: 
        - Não há presença de pessoas em área ou horário incomum.
        - Nenhuma interação com portas, janelas, muros ou portões é observada.
        - Nenhuma tentativa de abrir/abrir conexões com o exterior.
        - Ninguém observando atentamente a propriedade.
        - Nenhum movimento inesperado por passagens ou fundos.
        - Não há sinais claros de intrusão (ex.: pular cerca/muro).","Baixo, pois não foi observado nenhum indicador objetivo de risco nas imagens desta sequência.","Alto, pois as imagens estão razoavelmente claras, o ângulo da câmera cobre bem a área relevante para monitoramento e não há qualquer ambiguidade nas ações (ou ausência delas) observadas.",camera_analyzer_prompt_internal_to_outside,detailed,,False,False,Alto
event_20250408_154828_6ca93aa5,3,motion_detected/event_20250408_154828_6ca93aa5/0000_gun_20250408_154828_frame.jpg,gun,2025-04-08 15:48:28,"- Vista externa de rua, vegetação densa e muro ao fundo.
  - Período diurno, boa iluminação natural.
  - Local parece pouco movimentado, mais afastado, possível zona mista (pode ser comercial ou residencial isolado).
  - Label das imagens: “MAINE AG'S OFFICE”, sem identificação específica de câmera, mas contexto oficial de segurança.",,"**Alto**  
  - Justificativa: Pelo menos um indicador de risco alto evidente (policial com arma apontada na abordagem de veículo), condizente com situação de potencial confronto, ameaça grave ou flagrante.","**Alto**  
  - Justificativa: Imagens estão claras, com boa iluminação e enquadramento direto das ações principais, permitindo avaliação precisa do risco imediato baseado em comportamento e postura do policial.",camera_analyzer_prompt_external_street,detailed,,True,True,Alto
event_20250403_102825_0ffbeda4,6,motion_detected/event_20250403_102825_0ffbeda4/0001_17204_20250307_002852_frame_20250403_102824_000093.jpg,17204,2025-03-07 00:28:52,"Vista externa de rua, aparentemente em área residencial ou de baixo movimento. As imagens são noturnas, com iluminação de segurança artificial na área capturada. O local enquadra a calçada, um pequeno pátio e uma cerca. Câmera rotulada como ""FRENTE L.D"".","- Pessoas: Não há pessoas presentes nas imagens analisadas.
  - Veículos: Não há veículos, incluindo motocicletas, presentes nas imagens.
  - Indicadores Objetivos de Risco:
    - Não há sinais de tentativa de manipulação do portão, nem vadiagem, nem movimentação suspeita.
    - Não há veículos ou pessoas paradas/coordenadas próximas à propriedade.
    - Não há uso de capuzes, máscaras ou bonés observados.
    - Não há indícios de violência ou uso de armas.","Baixo, pois nenhum indicador objetivo de risco foi observado durante o período analisado.","Alto, pois as imagens são nítidas, bem iluminadas e com ângulo adequado cobrindo toda a área de interesse. Não há ambiguidade nas ações (ausência de qualquer atividade na área).",camera_analyzer_prompt_external_street,detailed,,False,False,Alto
event_20250410_145303_26161e43,33,motion_detected/event_20250410_145303_26161e43/0000_robbery_20250410_145303_frame.jpg,robbery,2025-04-10 14:53:03,"Vista externa de uma rua urbana, aparentemente comercial (há comércio visível à esquerda). O horário, segundo o registro, é 08:09 da manhã, com iluminação natural e boa visibilidade. Imagens da ""Câmera 01"".",,"**Alto**, devido à clara abordagem suspeita do pedestre e reação de afastamento acelerado do abordado, que pode indicar uma tentativa de roubo/furto ou ameaça à segurança.","**Alto**, pois as imagens estão claras, o ângulo permite visualizar toda a ação relevante e o comportamento observado não é ambíguo, correspondendo a um padrão frequentemente associado a crimes contra pedestres.",camera_analyzer_prompt_external_street,detailed,,True,True,Alto
event_20250410_145303_22890143,7,motion_detected/event_20250410_145303_22890143/0000_robbery_20250410_145303_frame.jpg,robbery,2025-04-10 14:53:03,"Imagens internas de circuito de segurança de uma farmácia ou drogaria, com vista parcial para a entrada (porta de vidro/aberta para a rua). Iluminação artificial, ambiente bem iluminado, filmagem noturna (por volta de 21h conforme marcação nas imagens). Imagens rotuladas como cenas de segurança, provavelmente ""Câmera 01"".",,"Alto, devido à presença clara de indicadores objetivos de ação criminosa (abordagem agressiva, ocultação do rosto, movimentação típica de assalto, possível ameaça a terceiros).","Alto, pois as imagens são claras, o ângulo da câmera permite boa visualização do ambiente, as ações são diretas e pouco ambíguas, e há fortes indícios comportamentais associados a risco real de segurança (possível assalto em andamento).",camera_analyzer_prompt_internal_to_outside,detailed,,True,True,Alto
event_20250403_110435_2ec98035,18,motion_detected/event_20250403_110435_2ec98035/0001_6984_20250307_101724_frame_20250403_110430_000136.jpg,6984,2025-03-07 10:17:24,"Vista externa de rua urbana, provavelmente em área mista (comercial/residencial). O horário indicado nas imagens é por volta de 7h22min, ainda de manhã, com iluminação natural adequada (sem penumbra significativa), céu aparentemente nublado/claro. Câmera 01 e Câmera 02 registram a frente de uma propriedade com vaga/patio visível junto à calçada.",,**Baixo**. Justificativa: Nenhum dos indicadores objetivos de risco foi detectado em toda a sequência; o fluxo de veículos e pedestres está dentro do esperado para área urbana pela manhã.,"**Alto**. Justificativa: As imagens têm boa clareza, iluminação suficiente, o ângulo proporciona visão adequada da área de interesse, e as ações observadas são pouco ambíguas (comportamento normal de transeuntes, funcionários e veículos em trânsito).",camera_analyzer_prompt_external_street,detailed,,False,False,Alto
event_20250410_145304_84c6a861,9,motion_detected/event_20250410_145304_84c6a861/0000_break-in_20250410_145304_frame.jpg,break-in,2025-04-10 14:53:04,"As imagens mostram a área interna de uma porta de entrada/saída de um edifício, com vista parcial da área externa (possível quintal ou área de acesso imediato ao prédio). O horário registrado é 04:42 da manhã, em ambiente com baixa iluminação natural, mas boa iluminação artificial interna. Imagens da ""Câmera 01"".","- Pessoas: Duas pessoas aparecem do lado de fora. Nas imagens, uma delas se aproxima da porta, interage tentando abri-la e, em seguida, ambas entram pela porta.
  - Indicadores Objetivos de Risco:
    - Pessoas presentes em horário incomum (madrugada).
    - Ações de tentativa e sucesso em abrir a porta de acesso à propriedade.
    - Movimento inesperado de entrada pela porta principal.
    - Sinais claros de possível intrusão, pois parece que não há recepção, controle de acesso, ou sinal de autorização para a entrada naquele horário.","Alto, há múltiplos indicadores objetivos de risco observados, incluindo acesso em horário incomum, tentativa e sucesso em abrir a porta, e movimento de entrada possivelmente não autorizado.","Alto, as imagens são claras, o ângulo permite perfeita visualização da entrada e das ações realizadas pelas pessoas, e não há ambiguidade relevante sobre a natureza suspeita da atividade observada.",camera_analyzer_prompt_internal_to_outside,detailed,,True,True,Alto
event_20250408_154827_bcf6e29e,3,motion_detected/event_20250408_154827_bcf6e29e/0000_hit_20250408_154827_frame.jpg,hit,2025-04-08 15:48:27,"Ambiente interno fechado, aparentemente uma loja ou minimercado, com iluminação artificial adequada para visualização. Imagens da ""Câmera 01"".","- Pessoas presentes: Três indivíduos aparecem nas imagens. Dois deles parecem envolvidos em uma luta/agressão física, ao fundo, próximo à entrada/caixas. Um terceiro está caído ou sendo lançado ao chão.
  - Indicadores Objetivos de Risco Observados:
    - Movimento rápido/errático pela área.
    - Possível agressão física entre pessoas.
    - Itens caídos e cestos fora do lugar, possível resultado de confusão ou vandalismo.
    - Ambiente visivelmente bagunçado, possivelmente consequência de tumulto/agressão.","Alto, devido à presença clara de agressão física e tumulto, com movimentação anormal e objetos desorganizados pelo ambiente.","Alto, imagens têm boa claridade, ângulo permite visualização clara das ações e as atitudes são pouco ambíguas (luta/agressão evidente).",camera_analyzer_prompt_internal_closed,detailed,,True,True,Alto
event_20250403_110546_a69dc7b4,20,motion_detected/event_20250403_110546_a69dc7b4/0001_6985_20250307_101724_frame_20250403_110546_000055.jpg,6985,2025-03-07 10:17:24,"Vista externa de uma rua, provavelmente em área urbana semi-residencial/comercial. Período claro do dia, iluminação natural adequada, permitindo boa visibilidade. As imagens são extraídas da ""Camera 02"", com captação de um estacionamento e parte da via pública.",,"Baixo, pois não foi observado nenhum dos indicadores objetivos de risco de segurança especificados.","Alto, pois as imagens estão claras, o ângulo permite boa visualização de toda a movimentação relevante na área monitorada e as ações observadas não são ambíguas.",camera_analyzer_prompt_external_street,detailed,,False,False,Alto
event_20250410_145301_4de8a0e3,23,motion_detected/event_20250410_145301_4de8a0e3/0000_burglary_20250410_145301_frame.jpg,burglary,2025-04-10 14:53:01,"Ambiente interno fechado, provavelmente um escritório ou sala administrativa. Iluminação escura, aparentemente utilizando infravermelho (imagens noturnas). Horário do evento entre 01:05 e 01:06 da madrugada, conforme marcação nas imagens. Ambiente com mesas, cadeiras, computadores e bandeiras. Local identificado como ""Câmera 01"" (conforme pedido), em sala de trabalho/administrativa.","- Pessoas: Duas pessoas presentes, aparentam usar toucas/gorros, ambas atuando em conjunto. Uma das pessoas carrega um objeto de porte médio (aparentemente um equipamento eletrônico ou objeto de valor) e faz uso de lanterna. A segunda pessoa movimenta-se ao redor das mesas, retirando ou manuseando objetos próximos a um computador/notebook e colocando-os em outro local/bolsa.
    - Indicadores Objetivos de Risco: 
        - Ocultar ou remover itens rapidamente: Observa-se remoção de objetos (possivelmente bens ou equipamentos eletrônicos) e movimentação para ocultar ou retirar estes itens do ambiente.
        - Movimento suspeito/manuseio sem propósito claro: Pessoas agindo durante a madrugada, utilizando touca, lanterna e evitando ligar luz, o que sugere comportamento furtivo e fora de rotina.
        - Potencial manipulação de portas/gavetas (pessoa inclinando-se junto à mesa/computador).
        - Não há indícios claros de violência/agressão física, mas há indicativo de furto/roubo.
        - Possível tentativa de esconder rostos (toucas/gorros).","Alto, devido à presença de múltiplos indicadores objetivos de risco, como movimentação suspeita, remoção de objetos e possíveis tentativas de ocultação de identidade, além do fato de ocorrer em horário atípico sem características de rotina de trabalho.","Alto, pois as imagens estão nítidas para definir as ações suspeitas, o ângulo da câmera é adequado para observar toda a movimentação dos presentes e os comportamentos registrados são pouco ambíguos, indicando claramente uma situação de furto ou roubo.",camera_analyzer_prompt_internal_closed,detailed,,True,True,Alto
event_20250402_152207_a112c0ac,9,motion_detected/event_20250402_152207_a112c0ac/0001_10774_20250228_101013_frame_20250402_152207_000018.jpg,10774,2025-02-28 10:10:13,"Vista para área externa privada (provavelmente garagem ou acesso de condomínio/edifício). Imagens diurnas, iluminação natural adequada, com boa visibilidade do local. O ambiente possui vagas de carros, parede revestida e acesso a uma porta de entrada de prédio. Câmera rotulada como ""Camera 05"".","- Pessoas: Um indivíduo é visto nas primeiras imagens (de 07:10:47 a 07:10:51), entrando pela porta de acesso do prédio. Ele parece utilizar normalmente o acesso (sem tentativa forçada, postura relaxada).
  - Após a entrada da pessoa (a partir de 07:10:53), não há mais presença de pessoas nas imagens subsequentes — apenas veículos estacionados/parados, sem movimentos ou ações suspeitas.
  - Não é observado:
    - Pessoa(s) em horário/área incomum, pois o horário registrado é pela manhã, compatível com uso cotidiano.
    - Ações suspeitas (tentar abrir portas de modo forçado, pular muros, interagir de modo não usual com veículos ou a estrutura).
    - Sinais claros de tentativa de intrusão.",Baixo.,"Alto.  
  - **Justificativa:** Imagens nítidas, perfeitamente iluminadas e com ângulo adequado para visualizar toda a ação. O comportamento observado não apresenta ambiguidade e não há obstruções ou fatores limitantes na visualização do local.",camera_analyzer_prompt_internal_to_outside,detailed,,False,False,Alto
event_20250408_154828_98b432bf,1,motion_detected/event_20250408_154828_98b432bf/0000_gun_20250408_154828_frame.jpg,gun,2025-04-08 15:48:28,"Vista externa de rua, provavelmente período noturno (iluminação artificial presente). O local aparenta ser uma área urbana, com calçada e possível entrada de residência ou comércio na lateral. Label: Câmera 01.","- Pessoas: Uma pessoa visível, utilizando roupa clara com capuz cobrindo a cabeça, possivelmente máscara, o que dificulta a identificação facial. A pessoa caminha próximo à entrada do local, com postura inclinada para frente, sugerindo pressa ou tentativa de evitar exposição.
  - Veículos: Nenhum veículo visível nesta imagem.
  - Indicadores Objetivos de Risco observados:
    - Uso incomum de capuz/máscara/boné: Pessoa está com capuz e possivelmente máscara, cobrindo toda a cabeça e rosto.
    - Vadiagem/permanência suspeita perto da propriedade: Indivíduo circulando próximo à entrada.","Alto, devido ao uso de cobertura facial (capuz e possível máscara) e postura suspeita próxima à propriedade.","Médio, a imagem apresenta resolução baixa e alguma granulação, dificultando detalhes precisos, mas os indicadores objetivos são claros.",camera_analyzer_prompt_external_street,detailed,,True,True,Médio
event_20250410_145304_31ef96d4,8,motion_detected/event_20250410_145304_31ef96d4/0000_break-in_20250410_145304_frame.jpg,break-in,2025-04-10 14:53:04,"Ambiente interno fechado, aparentando ser uma sala de convivência ou refeitório em um estabelecimento comercial (possível restaurante, bar ou empresa). Iluminação noturna, câmera em modo infravermelho. Captura da ""Câmera 01"". As imagens foram produzidas à noite (20:44h).","- Pessoas: Inicialmente apenas uma pessoa circula no ambiente, depois se juntam mais uma, totalizando duas pessoas. Todas utilizam mochila e boné, e aparentam agir em conjunto. Não há indícios de operação normal (ambiente parece estar fechado). Ambas manuseiam objetos sobre a mesa ou no balcão, aparentando retirar itens rapidamente. Movimentam-se de forma cuidadosa e parecem evitar permanecer muito tempo parados.
  - Indicadores Objetivos de Risco Observados:
    - Presença de pessoas em ambiente aparentemente fechado e escuro, fora do horário regular.
    - Manuseio potencialmente suspeito de objetos, possivelmente com intenção de subtração.
    - Ocultar/remover itens rapidamente (é possível ver mochila sendo usada para guardar itens).
    - Dois indivíduos agindo em aparente coordenação.","Alto, devido à presença, movimentação e ações suspeitas de duas pessoas em horário e situação incompatíveis com funcionamento regular, além de sinais claros de tentativa de subtração de objetos do local.","Alto, pois as imagens estão claras, o ângulo é adequado e as ações observadas são pouco ambíguas, com fortes indícios objetivos de comportamento ilícito.",camera_analyzer_prompt_internal_closed,detailed,,True,True,Alto
event_20250408_154826_d9cb453c,5,motion_detected/event_20250408_154826_d9cb453c/0000_grab_20250408_154826_frame.jpg,grab,2025-04-08 15:48:26,"Vista externa de rua residencial à noite, com iluminação artificial (provavelmente de poste público). Câmera posicionada acima, apontada para a lateral de um veículo estacionado em via pública. Imagens em preto e branco (infravermelho).","- Pessoas: Duas pessoas visíveis junto ao porta-malas aberto de um veículo SUV, ambas usando roupas de cor clara, com capuzes/agasalhos cobrindo parcialmente a cabeça. Ambos manipulam intensamente o interior do carro.
  - Veículos: Carro SUV escuro estacionado com porta-malas aberto. Não há outros veículos claramente envolvidos.
  - Indicadores Objetivos de Risco:
     - Manipulação forçada do veículo (porta-malas aberto, ação possivelmente ilícita).
     - Uso incomum de vestimentas que cobrem a cabeça (capuz), dificultando identificação.
     - Ações coordenadas entre dois indivíduos.","Alto, pois há múltiplos indicadores de risco claros: possível arrombamento/furto de veículo, cobertura intencional de identidade, e ação coordenada.","Alto, pois as imagens estão claramente focadas na ação, há boa visibilidade dos movimentos e contexto, e as ações são diretas e pouco ambíguas (manipulação do interior do automóvel por duas pessoas de modo suspeito).",camera_analyzer_prompt_external_street,detailed,,False,True,Alto
event_20250403_113241_df74149a,10,motion_detected/event_20250403_113241_df74149a/0001_7647_20250307_134155_frame_20250403_113241_000030.jpg,7647,2025-03-07 13:41:55,"Vista externa de rua residencial, registrada durante o dia, com boa iluminação natural e sombras de árvores, provavelmente fim de manhã (10:42h). Câmera posicionada do lado esquerdo da via, identificada como ""frente esquerda"".","- Pessoas: Não há pessoas visíveis nas imagens analisadas.
  - Veículos: Vários carros estacionados ao longo da rua. Um carro branco estacionado em destaque no canto inferior da imagem. Ao fundo, um veículo amarelo trafega pela via nas primeiras imagens e se afasta nos quadros seguintes. Não há motos ou veículos passando lentamente, estacionados de forma suspeita ou repetindo movimentação.
  - Indicadores Objetivos de Risco:  
    - Não há sinais de manipulação de entradas, nem pessoas paradas/observando a residência, nem veículos com comportamento suspeito (estacionados com ocupantes, desacelerando, ou passagens repetidas).
    - Não foram observados capuzes, máscaras, bonés, nem ações coordenadas entre indivíduos.
    - Nenhum sinal de violência, agressões ou armas.","Baixo, pois não há qualquer indicador de risco observado nas imagens. Toda movimentação de veículos parece normal para o tipo de via e horário.","Alto, pois as imagens estão claras, o ângulo da câmera dá ampla visão da rua e das calçadas, e as ações captadas são objetivamente rotineiras e não ambíguas.",camera_analyzer_prompt_external_street,detailed,,False,False,Alto
event_20250402_153119_5e731392,9,motion_detected/event_20250402_153119_5e731392/0001_10785_20250228_101013_frame_20250402_153119_000089.jpg,10785,2025-02-28 10:10:13,"Vista externa de rua, aparentemente próxima a uma cerca ou muro (possivelmente em área residencial ou institucional). As primeiras imagens mostram início do dia (aprox. 07:13), com iluminação natural baixa. Câmera 16. Após as três primeiras imagens, não há mais vídeo disponível (""NO VIDEO"").","- Pessoas: Uma possível figura humana é visível ao fundo nas imagens 1 a 3, mas não há clareza sobre suas ações específicas.  
  - Veículos: Não há veículos claramente visíveis nas imagens fornecidas.  
  - Indicadores Objetivos de Risco:  
    - Não há evidências claras de forçar entradas, vadiagem próxima, passagens repetidas de veículos, ou outro comportamento de risco típico.  
    - Não é possível avaliar detalhes como roupas incomuns ou qualquer ação coordenada devido à baixa qualidade das imagens e obstruções.  
    - A visualização está prejudicada, principalmente nas imagens 4 em diante, onde não há vídeo.","Baixo, pois não há indicadores objetivos de risco visíveis ou comportamento suspeito claro nas poucas imagens disponíveis e na baixa qualidade apresentada.","Baixo, pois a qualidade das imagens é muito comprometida por distorções, baixa iluminação e interrupção do vídeo, tornando difícil identificar detalhes importantes e aumentando a ambiguidade das ações observadas.",camera_analyzer_prompt_external_street,detailed,,False,False,Baixo
event_20250410_145302_abaccd09,24,motion_detected/event_20250410_145302_abaccd09/0000_robbery_20250410_145302_frame.jpg,robbery,2025-04-10 14:53:02,"Vista externa de uma rua residencial à noite. Iluminação artificial, proveniente de postes e faróis de veículo. Local aparentemente tranquilo, sem movimento intenso. Imagens de uma câmera de segurança fixa (""Câmera 01"").","- Pessoas: Um indivíduo é visto caminhando na calçada, próximo a um portão, e depois em fuga após possível incidente.
    - Veículos: Carro branco para na rua, com faróis acesos e em posição direcionada para a calçada. O veículo permanece parado por alguns segundos, depois avança sobre a calçada de forma agressiva, direcionando-se contra o pedestre. Posteriormente, um motociclista cruza a rua, mas sem interação clara com o incidente.
    - Indicadores Objetivos de Risco:
        - O veículo para em frente à calçada de maneira incomum e logo depois invade a calçada, aparentemente tentando atingir o pedestre (ação potencialmente violenta).
        - O pedestre cai na calçada, o que indica ter sido vítima de um possível atropelamento intencional.
        - Não há evidências claras de forçar/manipular entradas, mas a conduta do motorista do veículo é marcadamente agressiva.
        - O motociclista não demonstra ação coordenada com o veículo, mas surge logo após o incidente.","Alto, devido à clara tentativa de agressão utilizando o veículo contra o pedestre e ao comportamento perigoso observado.","Alto, pois as imagens estão razoavelmente claras, o ângulo da câmera permite ver toda a ação e as atitudes são pouco ambíguas (comportamento agressivo é nítido).",camera_analyzer_prompt_external_street,detailed,,True,True,Alto
event_20250402_153028_6d75d183,7,motion_detected/event_20250402_153028_6d75d183/0001_10785_20250228_101013_frame_20250402_153028_000040.jpg,10785,2025-02-28 10:10:13,"As imagens mostram uma área externa privada, semelhante a uma passagem lateral ou fundos, delimitada por muros de alvenaria, com piso de tijolos, algum gramado e árvores ao fundo, possivelmente próximo a uma rua pública ou área comum externa. Iluminação natural do início da manhã (horário na imagem: 07:11), com alguma sombra. Câmera identificada como “Camera 16”.","- Pessoas: Não há presença de pessoas visíveis nas imagens ao longo da sequência.
  - Indicadores Objetivos de Risco: 
    - Não há pessoas presentes em horários incomuns.
    - Não há aproximação ou interação com portas, janelas, muros ou portões.
    - Não é observada tentativa de abrir conexões com o exterior.
    - Não há pessoas observando atentamente a propriedade ou movimentação inesperada.
    - Não há sinais claros de intrusão (como tentativa de pular muros ou portões).","Baixo, pois nenhum indicador objetivo de risco foi observado nas imagens analisadas.","Médio. Apesar da maior parte das imagens estar relativamente clara e com boa visibilidade do local monitorado, algumas apresentam baixa qualidade ou distorção, e a última imagem indica perda do sinal de vídeo (“NO VIDEO”), o que limita parcialmente a avaliação da totalidade do período. Não foram observadas ações ambíguas.",camera_analyzer_prompt_internal_to_outside,detailed,,False,False,Médio
event_20250403_091207_eb29739f,9,motion_detected/event_20250403_091207_eb29739f/0001_55410_20250302_230353_frame_20250403_091207_000032.jpg,55410,2025-03-02 23:03:53,"As imagens mostram a visão de uma câmera interna/semiaberta (Câmera 06), voltada para a área externa privada, provavelmente um quintal ou passagem lateral, com um portão gradeado dando acesso à rua. O horário registrado é noturno (por volta de 23h), com iluminação adequada (provavelmente luz externa/refletores e iluminação pública).","- Não há pessoas presentes na área interna da propriedade (quintal, calçada interna) em nenhum dos frames analisados.
  - O portão está fechado durante todo o período mostrado.
  - Veículos circulam na rua externa e há carros estacionados, mas nenhum deles interage de modo suspeito com o portão ou a área interna.
  - Não há qualquer indício de tentativa de acesso, movimentação inesperada, observação dirigida à propriedade, ou ação suspeita no perímetro privado.
  - Ausência de sinais visíveis de intrusão (ninguém pulando muro, tentando abrir portão, etc.).","Baixo, pois nenhum dos indicadores objetivos de risco foi observado nas imagens.","Alto, pois as imagens apresentam boa clareza, iluminação adequada e ângulo suficiente para monitorar as principais áreas de possível risco. Todas as ações observadas são típicas de circulação normal em via pública, sem ambiguidade ou qualquer ocorrência suspeita na área privada.",camera_analyzer_prompt_internal_to_outside,detailed,,False,False,Alto
event_20250403_091347_31d8b0de,9,motion_detected/event_20250403_091347_31d8b0de/0001_55410_20250302_230353_frame_20250403_091347_000129.jpg,55410,2025-03-02 23:03:53,"Imagens capturadas à noite (iluminação artificial presente, mas ambiente predominantemente escuro), área externa privada (provavelmente acesso ao portão externo de uma residência ou empresa, com visão parcial da rua e da calçada externa). As imagens são provenientes da ""Câmera 05"".","- Pessoas: Não há pessoas visíveis na área interna, nem no lado de dentro do portão.
  - Indicadores Objetivos de Risco:
      - Um carro branco está estacionado ou parado próximo ao portão externo durante todo o período da sequência.
      - Não há interação perceptível de pessoas com portões, muros ou outras estruturas.
      - Nenhum movimento suspeito detectado no lado interno da propriedade.
      - Não há sinais claros de tentativa de intrusão, escalação de muros ou observação atenta do interior.","Baixo. Justificativa: Não há presença ou ação de pessoas na área interna ou próxima ao portão que indique risco iminente. O carro estacionado na rua pode ser de um morador, visitante ou vizinho, sem ações objetivas de risco observadas.","Alto. Justificativa: As imagens apresentam boa clareza e o ângulo permite visualizar bem tanto a parte interna quanto o portão externo. Não há ambiguidade nas ações, pois não há movimentação humana relevante observada.",camera_analyzer_prompt_internal_to_outside,detailed,,False,False,Alto
event_20250408_154828_00fee1e5,2,motion_detected/event_20250408_154828_00fee1e5/0000_fall_20250408_154828_frame.jpg,fall,2025-04-08 15:48:28,"Vista da câmera para a frente de uma residência (área de varanda/jardim frontal), com parte da rua visível. O ambiente está iluminado por luz natural, indicando ser dia (provavelmente manhã ou tarde). Clima frio com presença de neve ou gelo espalhado pelo solo. Imagens rotuladas ""Câmera 01"".","- Pessoas: Duas pessoas visíveis, aparentemente jovens, ambas com mochilas e roupas de frio. Na primeira imagem, caminham em direção à saída do jardim em direção à rua. Na segunda imagem, uma das pessoas aparenta escorregar ou perder o equilíbrio ao pisar na área com gelo/neve, a outra continua andando normalmente.
    - Indicadores Objetivos de Risco:
        - Não há pessoas em áreas/horários incomuns (aparentemente manhã/tarde, trajeto típico de saída ou chegada).
        - Nenhuma tentativa visível de se aproximar, interagir ou manipular portas, janelas, muros, ou portões de forma suspeita.
        - Não demonstram comportamento de observação intensa da propriedade, nem tentativas de intrusão.
        - Movimento é esperado (trajeto externo) e condizente com saída/entrada rotineira.","Baixo, pois não há nenhum dos indicadores de risco presentes; as ações observadas são compatíveis com moradores ou visitantes circulando normalmente.","Alto, pois as imagens estão claras, o ângulo permite boa observação das ações das pessoas e não há ambiguidade significativa quanto ao comportamento delas.",camera_analyzer_prompt_internal_to_outside,detailed,,False,False,Alto
event_20250408_154829_617a7b45,4,motion_detected/event_20250408_154829_617a7b45/0000_struggle_20250408_154829_frame.jpg,struggle,2025-04-08 15:48:29,"Vista externa de uma rua residencial durante o dia, com boa iluminação natural. Câmera posicionada em ângulo amplo, mostrando parte da calçada, vários veículos estacionados, lixeiras e a fachada de residências. Imagens provenientes de ""Câmera 01"".","- Pessoas: Pelo menos três pessoas são visíveis nas imagens. Uma delas interage com uma lixeira (provavelmente morador). Duas pessoas aparecem em aparente confronto físico próximo a um carro branco/avermelhado. Um indivíduo parece sair de dentro do veículo enquanto outro (de capuz) se aproxima rapidamente. Logo em seguida, ocorre uma agressão clara (luta/puxão).
    - Veículos: Diversos carros estacionados. Nenhuma motocicleta aparente.
    - Indicadores Objetivos de Risco Observados:","Alto, devido à observação clara de confronto físico/violência na via pública, possível tentativa de crime (roubo/assalto) e comportamento suspeito (capuz e ação coordenada).","Alto, pois as imagens estão claras, ângulo favorece a observação das ações, e o comportamento dos indivíduos não deixa ambiguidade quanto ao risco objetivo presente na cena.",camera_analyzer_prompt_external_street,detailed,,True,True,Alto
event_20250402_171342_cc7e5892,6,motion_detected/event_20250402_171342_cc7e5892/0001_4990_20250228_161321_frame_20250402_171342_000046.jpg,4990,2025-02-28 16:13:21,"Imagens externas de uma rua residencial, durante o dia, com boa iluminação natural. A câmera está posicionada próxima a um muro com vegetação, possivelmente de uma residência, e identificada como ""Camera 04"".","- Pessoas: Há uma pessoa visível nas imagens, caminhando ao longo da calçada próxima ao muro; parece estar apenas transitando e não está parada ou observando a propriedade de forma suspeita.
  - Veículos: Alguns veículos estacionados do outro lado da rua, mas nenhum veículo em movimento lento, parado e observando, ou motocicleta circulando de maneira suspeita.
  - Indicadores Objetivos de Risco:  
    - Não há sinais de forçar/manipular entradas.
    - Não há permanência suspeita ou vadiagem na porta/portão.
    - Nenhuma motocicleta ou outro veículo realizando passagem lenta ou ações de observação próxima.
    - Não se observa uso incomum de capuzes, máscaras ou bonés.
    - Não há ações coordenadas entre indivíduos.
    - Não há sinais de violência ou presença de armas.
    - Nenhum veículo parado observando a propriedade.","Baixo, pois nenhum dos indicadores objetivos de risco foi observado nas imagens analisadas.","Alto, pois as imagens apresentam boa iluminação, visibilidade adequada do local e as ações observadas são pouco ambíguas. O posicionamento da câmera permite boa visualização da entrada e da calçada.",camera_analyzer_prompt_external_street,detailed,,False,False,Alto
event_20250403_091742_afe052f2,35,motion_detected/event_20250403_091742_afe052f2/0001_55407_20250302_230353_frame_20250403_091735_000041.jpg,55407,2025-03-02 23:03:53,"Imagens de câmera externa (Câmera 02), mostrando a calçada em frente a uma propriedade privada, parcialmente o portão de acesso e parte do jardim/quintal frontal. O horário indicado nas imagens é noturno (por volta das 23:18 a 23:19), com boa iluminação fornecida por postes de luz pública e luzes dos prédios vizinhos.","- Pessoas: Há registro de pedestres caminhando pela calçada, em diferentes direções, inclusive logo à frente do portão da propriedade. Há momentos em que grupos de duas ou mais pessoas circulam próximos ao portão, mas todos permanecem do lado de fora da propriedade, sem sinais de abordagem ao portão ou tentativa de interação direta com a casa.
  - Indicadores Objetivos de Risco:
    - Pessoa(s) presente(s) em horários incomuns: Não há elementos claros para afirmar que o horário é incomum, pois trata-se de área urbana movimentada, mesmo à noite.
    - Aproximar-se/interagir com portas/janelas/muros/portões: Nenhum dos pedestres foi visto tentando acessar, manipular ou observar de forma suspeita o portão, muro ou demais estruturas da propriedade.
    - Tentar abrir conexões com o exterior: Não há tentativas de acesso visíveis.
    - Observar atentamente a propriedade: Os pedestres apenas transitam; não há indicação clara de observação suspeita ou prolongada da residência.
    - Movimento inesperado por áreas dos fundos: Não se observa movimento fora da calçada ou tentativa de acessar áreas internas.
    - Sinais claros de intrusão: Ausentes em toda a sequência.","Baixo, pois apesar da movimentação de pedestres na calçada e proximidade ao portão, não há nenhum comportamento ou ação típica de risco ou tentativa de invasão/interação indevida com a propriedade.","Alto, pois as imagens estão nítidas, o ângulo permite boa visão tanto do portão quanto da calçada, e não há ambiguidade nas ações observadas (todos apenas transitam normalmente).",camera_analyzer_prompt_internal_to_outside,detailed,,False,False,Alto
event_20250402_154309_d17a8c21,6,motion_detected/event_20250402_154309_d17a8c21/0001_10771_20250228_101013_frame_20250402_154309_000007.jpg,10771,2025-02-28 10:10:13,"Vista de uma passagem lateral externa de uma propriedade privada, delimitada por um muro alto à direita e uma parede revestida de azulejos à esquerda. O piso é de cerâmica clara. A iluminação aparenta ser natural, indicando horário diurno (aproximadamente 07:10 da manhã, conforme data/hora na imagem). Imagens da ""Câmera 02"".","Não há pessoas visíveis ou presença humana em nenhuma das imagens da sequência. Toda a área permanece estática e sem atividade aparente. Não há sinais de manipulação de portas, janelas, portões ou muros, tampouco qualquer movimentação suspeita ou tentativa de intrusão visível. Nenhum objeto está sendo manipulado e não há aproximação de áreas sensíveis da propriedade.","Baixo, pois nenhum dos indicadores objetivos de risco foi observado nas imagens analisadas.","Alto, pois as imagens apresentam boa iluminação, ângulo abrangente e sem ambiguidades nas ações observadas, permitindo avaliação clara da cena.",camera_analyzer_prompt_internal_to_outside,detailed,,False,False,Alto
event_20250402_170432_a89dcd4a,6,motion_detected/event_20250402_170432_a89dcd4a/0001_4992_20250228_161321_frame_20250402_170432_000006.jpg,4992,2025-02-28 16:13:21,"Vista externa de rua residencial, com vegetação densa no primeiro plano (folhas grandes cobrindo parte da visão da câmera). Iluminação diurna forte, indicando que é dia claro e ensolarado. As imagens pertencem à ""Câmera 06"".","- Pessoas: Não há presença de pessoas visíveis na área observada.  
  - Veículos: Não há veículos visíveis.  
  - Indicadores Objetivos de Risco:  
      - Não há indícios de manipulação de entradas, permanência suspeita, passagens lentas/repetidas de veículos, veículos estacionados observando a propriedade, motocicletas com passageiro, nem uso incomum de vestimentas.  
      - Não foram observadas ações coordenadas, agressões, violência ou presença de armas.  
      - Grande parte da cena é encoberta por plantas, dificultando a visualização de toda a área.","Baixo, nenhum indicador de risco foi observado nas imagens analisadas.","Médio, pois a qualidade da imagem é razoável e o ângulo mostra parte do perímetro externo, porém a vegetação encobre áreas relevantes, comprometendo uma avaliação de risco mais precisa.",camera_analyzer_prompt_external_street,detailed,,False,False,Médio
event_20250408_154828_d3eda1a7,2,motion_detected/event_20250408_154828_d3eda1a7/0000_fall_20250408_154828_frame.jpg,fall,2025-04-08 15:48:28,"Ambiente interno fechado, possivelmente uma pequena sala administrativa ou área de contenção (exemplo: sala de triagem em delegacia ou área de segurança). Iluminação clara, artificial, sem janelas visíveis. Imagens da ""Câmera 01"", data e hora aparentes no canto da imagem.","- Pessoas: Três pessoas presentes. Duas aparentam estar de uniforme (provavelmente seguranças), uma terceira, sem uniforme, está encostada na parede aparentando ser revistada ou contida. Um dos uniformizados interage fisicamente com a pessoa encostada na parede, enquanto o outro observa.
  - Indicadores Objetivos de Risco:
    - Interação física intensa, com uma pessoa segurando a outra, aparentemente restringindo seus movimentos.
    - Não há sinais claros de agressão, violência extrema ou uso de armas, mas a postura de um dos envolvidos pode indicar contenção ou possível abordagem física agressiva.","Alto, devido à presença clara de abordagem física restritiva, potencialmente caracterizando contenção coercitiva, mesmo que não haja agressão explícita ou uso de armas nas imagens apresentadas.","Alto, pois as imagens estão com boa claridade e ângulo adequado; as ações observadas não apresentam ambiguidade relevante quanto à contenção física.",camera_analyzer_prompt_internal_closed,detailed,,False,True,Alto
event_20250408_154829_ed9143f6,3,motion_detected/event_20250408_154829_ed9143f6/0000_run_20250408_154829_frame.jpg,run,2025-04-08 15:48:29,"Vista externa de uma rua residencial durante o dia, com iluminação natural boa. A câmera (Câmera 01) está posicionada voltada para a rua e parte de uma calçada/jardim de uma residência.","- Pessoas: Há uma pessoa (aparentemente um jovem) correndo na rua da esquerda para a direita nas imagens.
  - Veículos: Um furgão branco estacionado do outro lado da rua, próximo a uma placa de ""pare"".
  - Outros: Animais, possivelmente ovelhas ou cães, próximos à cerca da residência.
  - Indicadores Objetivos de Risco:
    - Não há sinal de forçar/manipular entradas.
    - Não há permanência suspeita de pessoas ou veículos.
    - Não há passagem lenta ou repetida de veículos/motocicletas.
    - Não há comportamentos coordenados entre indivíduos.
    - Não há violência, agressões ou armas.
    - O comportamento observado trata-se apenas de uma pessoa correndo, aparentemente fugindo dos animais.","Baixo, pois não há nenhum indicador objetivo de risco relacionado à segurança patrimonial ou pessoal evidenciado nas imagens.","Alto, pois as imagens estão claras, as ações são pouco ambíguas e o ângulo da câmera permite boa observação da área relevante.",camera_analyzer_prompt_external_street,detailed,,False,False,Alto
event_20250403_110501_6729df14,21,motion_detected/event_20250403_110501_6729df14/0001_6985_20250307_101724_frame_20250403_110453_000004.jpg,6985,2025-03-07 10:17:24,"Sequência de imagens de uma câmera interna/semiaberta visualizando uma área externa (provavelmente estacionamento ou acesso lateral). Iluminação diurna, visibilidade boa. Imagens identificadas como ""Camera 02"". Vista parcial da rua, calçada e área interna do portão/muro da propriedade.","- Pessoas: Uma pessoa foi observada caminhando na calçada, próxima ao muro frontal da propriedade, nas primeiras imagens. Não há registro de presença de pessoas na área interna ou movimentos em direção a portões/janelas após esse momento inicial.
  - Indicadores Objetivos de Risco:  
    - Pessoa presente na área externa (calçada) no início, mas apenas transitando, sem interação com o imóvel, portões, muros, ou sinais de observação suspeita.
    - O restante da sequência mostra apenas movimentação de veículos (carros e motos) na rua, sem interação com a propriedade.
    - Não há tentativa de acesso, observação focalizada nos portões, ou comportamento incomum nas imagens.","Baixo, pois não foi observado nenhum indicador objetivo de risco relacionado à segurança da área externa. A pessoa presente apenas transitou na calçada, o que é um comportamento normal em via pública.","Alto, devido à boa clareza das imagens, ângulo adequado que cobre toda a área de interesse, e ausência de ambiguidade nas ações observadas (não há comportamentos suspeitos ou difíceis de interpretar).",camera_analyzer_prompt_internal_to_outside,detailed,,False,False,Alto
event_20250408_154826_2c1ec565,5,motion_detected/event_20250408_154826_2c1ec565/0000_grab_20250408_154826_frame.jpg,grab,2025-04-08 15:48:26,"Vista externa de rua residencial durante a noite (conforme horário na imagem: 22:19, com iluminação noturna e luzes acesas dos carros). Câmera de segurança aparentemente posicionada em área de entrada de residência, visão para garagem/entrada de veículos e rua (""Câmera 01"").","- Pessoas: Uma pessoa visivelmente abre a porta do veículo preto estacionado em frente à casa, entra ou mexe no interior do carro. Não há outros pedestres aparentes.
   - Veículos: Dois veículos visíveis — um SUV preto próximo à câmera, com a porta lateral direita aberta e ocupantes/manipulação interna, e um sedã estacionado do outro lado da rua, sem ação visível.
   - Indicadores Objetivos de Risco:
      - Manipulação de entrada do veículo observada.
      - Permanência de pessoa em atitude possivelmente suspeita próxima ao veículo.
      - Não são observados veículos circulando lentamente ou passando repetidamente, nem motocicletas, nem uso evidente de capuz/máscara, nem ações coordenadas ou violência/armas.","**Alto**, devido à manipulação noturna de entrada do veículo, especialmente porque ocorre de forma aparentemente discreta e sem movimento típico de entrada ou saída residencial padrão.","**Alto**, pois a sequência está clara, iluminação adequada, ângulo propício para observar as ações, e o comportamento é objetivo e pouco ambíguo (claramente há manipulação do veículo fora de situação normal de entrada/saída).",camera_analyzer_prompt_external_street,detailed,,False,True,Alto
event_20250402_173754_467058ed,6,motion_detected/event_20250402_173754_467058ed/0001_53862_20250301_082830_frame_20250402_173754_000126.jpg,53862,2025-03-01 08:28:30,"Corredor lateral coberto em área externa privada, provavelmente passagem lateral ou acesso aos fundos, com vista para pequeno portão e parte externa além dele. Imagens em preto-e-branco, sugerindo uso de infravermelho, indicando ainda madrugada/manhã cedo (05:32h). Iluminação baixa, provavelmente artificial próxima à câmera. Rótulo: ""Camera 04"".","Não foram observadas pessoas, movimentos ou ações anormais em toda a sequência. O ambiente permanece estático e vazio em todos os quadros. Vegetação e outros elementos permanecem inalterados. Não há indícios de tentativas de acesso, aproximação do portão, ou movimentação além do portão visível.","Baixo, pois não há presença de pessoas, nem sinais ou indicadores de risco evidentes (nenhum movimento suspeito, tentativa de acesso ou observação incomum foi identificada).","Alto, pois a qualidade das imagens é boa, o ângulo permite visualização clara da passagem, acesso e portão, e as ações (ou ausência delas) não são ambíguas. O local está bem visível e livre de obstruções.",camera_analyzer_prompt_internal_to_outside,detailed,,False,False,Alto
event_20250408_154828_79d7aceb,2,motion_detected/event_20250408_154828_79d7aceb/0000_throw_20250408_154828_frame.jpg,throw,2025-04-08 15:48:28,"Vista externa de uma área urbana em um viaduto (overpass) com grades e trilhos, provavelmente local público com estruturas de ferro cobertas por pichações. Imagens capturadas durante o dia, com iluminação adequada e boa visibilidade. Rotulada como câmera de segurança de monitoramento urbano.","- Pessoas: Duas pessoas presentes em ambas as imagens, aparentando serem jovens, caminhando e interagindo próximo à grade do viaduto.
  - Veículos: Não há veículos presentes nas imagens.
  - Indicadores Objetivos de Risco:
    - Forçar/manipular entradas: Não observado.
    - Vadiagem/permanência suspeita: Observado — pessoas paradas e interagindo próximo à borda do viaduto, área incomum para permanência.
    - Passagens lentas/repetidas de veículos: Não observado.
    - Veículos estacionados/ocupados observando: Não observado.
    - Motocicletas desacelerando/paradas: Não observado.
    - Uso incomum de capuzes/máscaras/bonés: Não claramente observado devido à resolução das imagens.
    - Ações coordenadas entre indivíduos: Possível — movimentação e permanência conjunta dos dois indivíduos junto à grade.
    - Agressões, violência, armas: Não observado, mas a manchete sugere conduta perigosa (arremesso de pedras).","**Alto**. Justificativa: Há permanência de dois indivíduos num local não usual para este fim (sobre o viaduto, junto à grade), com indícios de comportamento suspeito (possível arremesso de objetos, conforme destaca o informativo da imagem). Tal conduta oferece risco sério à segurança de terceiros.","**Alto**. Justificativa: A qualidade e o ângulo das imagens permitem identificar claramente a presença e ações dos indivíduos, com baixo grau de ambiguidade. As ações observadas coincidem com o alerta textual da reportagem, reforçando a avaliação.",camera_analyzer_prompt_external_street,detailed,,True,True,Alto
event_20250408_154827_6620de67,4,motion_detected/event_20250408_154827_6620de67/0000_sit_20250408_154827_frame.jpg,sit,2025-04-08 15:48:27,"Ambiente interno de um veículo (provavelmente táxi, aplicativo ou viatura), durante o dia, iluminação natural alta vinda das janelas. Imagens da ""Câmera 01"", voltada para a parte traseira interna do veículo, mostrando claramente o passageiro no banco de trás.","- Pessoas: Um homem está sentado no banco traseiro, utilizando cinto de segurança. Ele apoia uma mão no banco e move a outra até o rosto, aparentemente coçando, pensando, ou cobrindo levemente a boca. Não há outros ocupantes visíveis no banco de trás.
   - Indicadores Objetivos de Risco (Relatar se observado):
      - Não há sinais de forçar/manipular portas, gavetas ou armários.
      - Não há manuseio suspeito ou sem propósito claro de objetos/equipamentos.
      - Não apresenta movimento rápido/errático pela área.
      - Não há ocultação/remover itens rapidamente.
      - Não há vandalismo ou ações agressivas.
      - Não há tentativa de esconder o rosto da câmera (apenas gestos naturais que podem cobrir parte do rosto momentaneamente).
      - Não há portas/janelas arrombadas visíveis.
      - Não há indícios de agressões, violência ou armas sendo usadas.","Baixo, pois nenhum indicador de risco objetivo foi observado nas imagens analisadas.","Alto, pois as imagens possuem boa clareza, iluminação adequada e os ângulos permitem a visualização total do passageiro e de suas ações, sem ambiguidade relevante nas ações observadas.",camera_analyzer_prompt_internal_closed,detailed,,False,False,Alto
event_20250402_150531_3b752641,9,motion_detected/event_20250402_150531_3b752641/0001_40424_20250221_185342_frame_20250402_150531_000008.jpg,40424,2025-02-21 18:53:42,"Ambiente externo, provavelmente entrada de um prédio ou condomínio. Iluminação natural, dia claro. Local com vegetação ao redor e escadaria próxima, sem movimentação veicular observada, caracterizando possível área residencial. Imagem com label ""Câmera 01"".","- Pessoas: Um indivíduo jovem, de mochila e camiseta clara, aparece nas duas primeiras imagens (entra pelo portão e segue caminhando para fora do campo de visão). Após isso, nenhum outro indivíduo é observado nas imagens seguintes.
   - Veículos: Nenhum veículo visível.
   - Indicadores Objetivos de Risco: 
      - Não há indícios de manipulação forçada do portão/portas.
      - O indivíduo não permanece próximo à propriedade, não há vadiagem ou permanência suspeita.
      - Não há passagens lentas/repetidas de veículos, nem motocicletas observando ou parando.
      - Não há uso incomum de capuz, máscara ou boné.
      - Não há ações coordenadas, nem sinais de violência ou armas.","Baixo, pois nenhum indicador objetivo de risco foi observado no comportamento do único indivíduo presente, que apenas transita pelo local.","Alto, pois as imagens estão claras, o ângulo permite boa visualização da entrada/saída, e as ações são pouco ambíguas.",camera_analyzer_prompt_external_street,detailed,,False,False,Alto
event_20250408_154828_3dd50747,3,motion_detected/event_20250408_154828_3dd50747/0000_stand_20250408_154828_frame.jpg,stand,2025-04-08 15:48:28,"Vista externa de rua estreita/estacionamento lateral, aparentemente residencial ou comercial de baixo fluxo. Iluminação diurna, ambiente claro. Imagens da ""Câmera 01"".","- Pessoas: Uma pessoa aparece saindo da porta do carro branco estacionado à esquerda e começa a caminhar para fora do campo de visão, sem ações incomuns ou suspeitas.
    - Veículos: Três carros estacionados (branco, vermelho, prata) e uma bicicleta/motocicleta parada próxima a uma cadeira. Nenhum veículo apresenta comportamento suspeito—não há manobras, nem aproximação/desaceleração.
    - Indicadores Objetivos de Risco:  
        - Não há sinais de manipulação forçada de entradas.
        - Não há vadiagem ou permanência suspeita.
        - Não há passagens lentas ou repetidas de veículos/motocicletas.
        - Motocicleta está parada, mas ninguém a ocupa ou a observa de maneira incomum.
        - A pessoa não apresenta capuz/máscara/ações coordenadas.
        - Não há violência/agressão/arma.","Baixo, pois não foi identificado nenhum indicador objetivo de risco nas imagens.","Alto, pois as imagens estão claras, o ângulo permite boa visualização da área de interesse, e as ações da pessoa são compatíveis com comportamento normal (apenas saindo do carro).",camera_analyzer_prompt_external_street,detailed,,False,False,Alto
event_20250410_145303_1cfc3a0f,16,motion_detected/event_20250410_145303_1cfc3a0f/0000_robbery_20250410_145303_frame.jpg,robbery,2025-04-10 14:53:03,"Vista externa de uma rua residencial, com árvores e cerca viva ao fundo. As imagens parecem ter sido capturadas durante o dia, com iluminação natural suficiente para boa visibilidade. As imagens são rotuladas como de uma ""Câmera 01"" e incluem data e hora (03/04/2022, entre 15:25:20 e 15:25:35). Há diversos veículos estacionados e em movimento na via.",,"**Alto**, devido à clara indicação de ação coordenada e agressiva na abordagem e subsequente fuga, típico de roubo ou tentativa de roubo.","**Alto**, pois a sequência, angulação e clareza das imagens permitem observar nitidamente a dinâmica e os comportamentos de risco, com pouca ambiguidade nas ações observadas.",camera_analyzer_prompt_external_street,detailed,,True,True,Alto
event_20250403_115120_668de0a1,17,motion_detected/event_20250403_115120_668de0a1/0001_16312_20250307_134155_frame_20250403_115120_000048.jpg,16312,2025-03-07 13:41:55,"Ambiente interno fechado, identificado como ""Escritório"" (conforme label na imagem). A iluminação está clara, provavelmente luz natural combinada com luz artificial, conferindo boa visibilidade. O ambiente tem divisórias de baias, mesas com computadores e materiais de escritório, além de armários ao fundo. Câmera com bom ângulo de visão, cobrindo tanto o espaço das mesas quanto parte do corredor de acesso.","- Pessoas: Uma pessoa (aparenta ser funcionária de escritório) entra em cena a partir da imagem 2, circula normalmente até sua estação de trabalho, manipula objetos sobre a mesa e se senta. Permanece realizando atividades típicas de escritório, organizando ou utilizando objetos de trabalho.
  - Indicadores Objetivos de Risco:
      - Não há indícios de forçar/manipular portas, gavetas ou armários de forma suspeita.
      - Nenhum manuseio suspeito ou não justificado de objetos/equipamentos.
      - Não há movimento rápido ou errático, nem tentativa de ocultação de itens.
      - Não há qualquer indício de vandalismo, agressividade, violência ou ocultação de rosto.
      - Todas as portas e janelas visíveis parecem íntegras.","Baixo, pois nenhum indicador objetivo de risco de segurança foi observado durante toda a sequência – a movimentação e ações registradas são compatíveis com rotinas normais de escritório.","Alto, pois:
    - As imagens têm boa clareza e iluminação, possibilitando identificar as ações dos presentes de maneira objetiva.
    - O ângulo da câmera cobre bem a área monitorada, sem pontos cegos relevantes.
    - As ações observadas são típicas e sem ambiguidade quanto ao propósito.
    - Não há fatores que dificultem a avaliação visual e comportamental.",camera_analyzer_prompt_internal_closed,detailed,,False,False,Alto
event_20250408_154829_826e1905,4,motion_detected/event_20250408_154829_826e1905/0000_struggle_20250408_154829_frame.jpg,struggle,2025-04-08 15:48:29,"Vista externa de uma rua à noite, com iluminação artificial (provavelmente de postes ou estabelecimentos). O local parece ser uma área comercial, possivelmente em frente a uma casa noturna ou bar, dado o letreiro ""Hardcore/Punk/Rockabilly"" e presença de seguranças. Câmera rotulada como “Câmera 01"".","- Pessoas: Entre 8 e 10 pessoas visíveis em cada imagem; pelo menos duas pessoas usando jaquetas identificadas como ""SECURITY"", aparentemente tentando conter ou apartar uma briga. Ações de empurrão/agressão claras entre indivíduos nas proximidades da parede do estabelecimento.
   - Veículos: Nenhum veículo visível próximo ao grupo principal. Algumas pessoas ao fundo da rua.
   - Indicadores Objetivos de Risco (Relatar se observado):
       - Forçar/manipular entradas: Não observado.
       - Vadiagem/permanência suspeita: Não observado (contexto parece ser movimentação típica de saída de casa noturna).
       - Passagens lentas/repetidas de veículos: Não observado.
       - Veículos estacionados ocupados observando a propriedade: Não observado.
       - Motocicletas paradas/observando/desacelerando: Não observado.
       - Uso incomum de capuzes/máscaras/bonés: Uma pessoa de capuz, mas pode ser compatível com o clima, não necessariamente indicativo de risco isolado.
       - Ações coordenadas entre indivíduos: Observam-se múltiplas pessoas envolvidas em contenção e na altercação, sendo parte claramente do staff de segurança. Não há indicação clara de ação criminosa coordenada entre pessoas fora do staff.
       - Agressões, violência, armas sendo usadas: Sim, flagrante de agressão física e tentativa de contenção por seguranças, aparentemente sem uso de armas.","**Alto**. Justificativa: Há agressão física explícita ocorrendo próximo à entrada de um estabelecimento, envolvendo necessidade de intervenção de seguranças. O risco imediato de escalada de violência física coloca as pessoas próximas em perigo.","**Alto**. Justificativa: As imagens apresentam boa clareza para identificar tanto o contexto quanto as ações de briga/agressão, com ângulo favorável que permite visualizar a dinâmica; as ações observadas não apresentam ambiguidade relevante.",camera_analyzer_prompt_external_street,detailed,,True,True,Alto
event_20250408_154828_138fb57f,3,motion_detected/event_20250408_154828_138fb57f/0000_fall_20250408_154828_frame.jpg,fall,2025-04-08 15:48:28,"As imagens mostram a vista de uma câmera posicionada em área semiaberta, no acesso à porta frontal de uma residência, com visibilidade do quintal/entrada e parte da rua. A iluminação indica ser durante o dia, com clima nublado, boa visibilidade. A área monitorada inclui acesso veicular e entrada principal da casa. Imagens etiquetadas como “ring.com”.","- Pessoas: Uma pessoa está presente em todas as imagens, vestindo roupas condizentes com frio e um boné/touca. Ela carrega caixas em direção à porta principal da casa, vindo de uma van de entregas da FedEx (porta aberta, claramente em serviço de entrega). Em sequência, é mostrado o ato de caminhar até a porta e acidentalmente deixar as caixas caírem.
   - Indicadores Objetivos de Risco:
      - Pessoa(s) presente(s) em áreas/horários incomuns: A presença de entregador é esperada durante o dia.
      - Aproximação/interação com a porta: Sim, mas em contexto condizente com entrega de encomendas.
      - Tentar abrir conexões com o exterior: Não observado.
      - Observar a propriedade atentamente da área externa: Não observado.
      - Movimento inesperado por passagens/áreas dos fundos: Não observado.
      - Sinais claros de intrusão: Não observado.","Baixo, pois não há nenhum indicador de risco relevante observado. A pessoa é claramente um entregador realizando serviço rotineiro, sem indícios de intenção suspeita ou ação fora do contexto esperado.","Alto, pois as imagens estão claras, nítidas, o ângulo da câmera é adequado, e as ações observadas são inequívocas (entregador identificável, veículo identificado, contexto claro).",camera_analyzer_prompt_internal_to_outside,detailed,,False,False,Alto
event_20250402_134640_5c3ec297,11,motion_detected/event_20250402_134640_5c3ec297/0001_6888_20250219_153816_frame_20250402_134640_000031.jpg,6888,2025-02-19 15:38:16,"Ambiente interno fechado, aparentemente um elevador (paredes metálicas, painel de botões visível e espaço pequeno). Iluminação forte e homogênea, sem áreas de sombra. Imagens da “Câmera 96”. Horário do dia registrado como 12:49 (tarde).","- Pessoas: Um indivíduo, de camiseta branca, aparece sozinho nas imagens. Ele está sentado ou apoiado na lateral do elevador e manuseia um celular durante toda a sequência.
  - Indicadores Objetivos de Risco:
    - Não há indícios de forçar/manipular portas, gavetas ou armários.
    - Não há manuseio suspeito de objetos ou equipamentos.
    - Não há movimentos rápidos/erráticos; a pessoa permanece sentada/parada na mesma posição.
    - Não há ocultação ou remoção rápida de itens.
    - Não há sinais de vandalismo, agressão, armas ou tentativas de esconder o rosto.
    - A porta do elevador aparece ocasionalmente aberta, mas há indícios de que está apenas acompanhando a rotina de entrada/saída.","Baixo, pois nenhum dos indicadores objetivos de risco foi observado na sequência.","Alto, pois as imagens são claras, o ângulo permite visualizar bem todas as ações do indivíduo e não há ambiguidade nos comportamentos observados.",camera_analyzer_prompt_internal_closed,detailed,,False,False,Alto
event_20250402_141414_61adc9a9,6,motion_detected/event_20250402_141414_61adc9a9/0001_6887_20250219_153816_frame_20250402_141414_000009.jpg,6887,2025-02-19 15:38:16,"As imagens mostram um corredor interno/semiaberto de um edifício com visão parcial de uma garagem ou área externa coberta (possível acesso de veículos). É dia (por volta de 12h39), com boa iluminação natural e artificial. A câmera está identificada como ""Camera 05"".","Não há pessoas presentes nas imagens, apenas um veículo estacionado na área externa além da porta. Não foi observado movimento de pessoas nem aproximação de indivíduos das portas, janelas, muros ou portões ao longo da sequência. Não há indícios de tentativas de acesso não autorizado ou comportamentos suspeitos.","Baixo, pois nenhum indicador de risco foi observado nas imagens analisadas.","Alto, pois a qualidade e clareza das imagens é boa, o ângulo permite observar toda a área monitorada sem pontos cegos e não há ações ambíguas ou dúvidas quanto ao cenário.",camera_analyzer_prompt_internal_to_outside,detailed,,False,False,Alto
event_20250403_110227_40dfdb1b,13,motion_detected/event_20250403_110227_40dfdb1b/0001_6984_20250307_101724_frame_20250403_110227_000016.jpg,6984,2025-03-07 10:17:24,"Vista externa para rua, horário diurno com boa iluminação natural. O local aparenta ser uma zona urbana, provavelmente comercial ou mista, e as imagens são captadas por uma câmera identificada como ""Câmera 01"". O ambiente monitorado envolve uma calçada/estacionamento e a via à frente.",,"Baixo, pois nenhum dos indicadores objetivos de risco foi observado, apenas trânsito normal de pessoas e veículos na rua.","Alto, pois as imagens são claras, com boa iluminação e ângulo adequado para observação tanto da via como da área da propriedade, não havendo ambiguidades relevantes nas ações observadas.",camera_analyzer_prompt_external_street,detailed,,False,False,Alto
event_20250408_154828_a4352938,2,motion_detected/event_20250408_154828_a4352938/0000_stand_20250408_154828_frame.jpg,stand,2025-04-08 15:48:28,"Vista externa de rua urbana, provavelmente região comercial (há vitrines iluminadas e placas). Horário noturno, iluminação razoável por postes e vitrines. Câmera identificada como “TITANVORTEX”.","- Pessoas: Pelo menos duas pessoas próximas a uma motocicleta parada na calçada. Uma pessoa está de pé, enquanto outra(s) permanecem junto à motocicleta.  
    - Veículos: Motocicleta parada na calçada, pessoas próximas a ela. Outros veículos estacionados ao fundo.  
    - Indicadores Objetivos de Risco:
        - Motocicleta parada próxima à entrada de prédio, com pessoas ao redor.
        - Pessoas permanecendo ao redor da propriedade sem ação clara de entrada/saída imediata (“vadiagem/permanência suspeita”).
        - Não há, até o momento, visível tentativa de forçar/manipular entradas, mas a situação de parada da moto e presença sem movimento claro pode ser considerada alerta.","Alto, devido à permanência de pessoas junto a motocicleta parada próxima à propriedade durante a noite, caracterizando situação potencialmente suspeita de acordo com os indicadores.","Alto, pois a imagem está clara, o ângulo amplo permite boa visão da cena e as ações observadas (pessoas paradas junto a moto fora do habitual fluxo) são objetivamente identificáveis.",camera_analyzer_prompt_external_street,detailed,,False,True,Alto
event_20250408_154828_fabdce01,3,motion_detected/event_20250408_154828_fabdce01/0000_stand_20250408_154828_frame.jpg,stand,2025-04-08 15:48:28,"Ambiente interno fechado, possivelmente um quarto de hospital ou clínica, iluminação artificial fraca/moderada, presença de uma cama de paciente e móveis simples. Imagens rotuladas com sequência temporal (exemplo: ""Câmera 01"").","- Pessoas: Três pessoas são visíveis—duas de pé (provavelmente funcionários ou visitantes) e uma deitada na cama (aparenta ser paciente ou pessoa acamada). As duas pessoas em pé interagem próximas à pessoa deitada, mas não há indicação clara de hostilidade, manipulação agressiva ou ações erráticas.
  - Indicadores Objetivos de Risco: Não há sinais visíveis de manipulação forçada de portas, gavetas ou armários; não há movimentos rápidos/erráticos, ocultação/remanejamento abrupto de objetos, vandalismo, agressões físicas ou ocultação ativa dos rostos.","Baixo, pois não há indicadores objetivos de risco observados nas imagens analisadas.","Alto, pois a clareza e ângulo das imagens permitem boa identificação dos participantes e de suas ações, e as ações não apresentam ambiguidade relevante para avaliação de risco.",camera_analyzer_prompt_internal_closed,detailed,,False,False,Alto
event_20250403_110306_2a4c2741,12,motion_detected/event_20250403_110306_2a4c2741/0001_6984_20250307_101724_frame_20250403_110306_000054.jpg,6984,2025-03-07 10:17:24,"Vista externa de uma rua, em área aparentemente comercial ou mista, considerando o estacionamento demarcado na calçada e estrutura dos prédios visíveis. A iluminação indica que é início da manhã ou final da tarde (luz natural, ambiente claro). Imagens da ""Câmera 01"".",,"Baixo, pois não há qualquer indicador objetivo de risco observado nas cenas analisadas; o cenário aparenta normalidade.","Alto, pois as imagens estão claras, o ângulo permite boa visão da rua e calçada, e as ações observadas são pouco ambíguas, facilitando a identificação de comportamentos atípicos se houvesse.",camera_analyzer_prompt_external_street,detailed,,False,False,Alto
event_20250410_145302_fd512be8,11,motion_detected/event_20250410_145302_fd512be8/0000_robbery_20250410_145302_frame.jpg,robbery,2025-04-10 14:53:02,"Vista externa de uma rua residencial, capturada durante o dia sob forte iluminação natural (sol), conforme a sombra projetada. O local parece tranquilo, com poucas pessoas circulando, e a sequência é proveniente da ""Câmera 01"".","- Pessoas: Dois indivíduos em motocicletas, ambos usando capacete (um deles de blusa preta, outro de blusa amarela), abordam outro indivíduo na rua, aparentemente um motociclista; há pelo menos uma vítima visível. Os agressores realizam ações coordenadas e agressivas, com um indivíduo aparentemente portando uma arma, ameaçando e agredindo a vítima. O uso de capacetes e roupas com capuz dificulta a identificação dos suspeitos.
  - Veículos: Duas motocicletas envolvidas, uma delas pertencente à vítima, a outra utilizada pelos agressores. Os agressores tentam subtrair a motocicleta da vítima. O veículo dos suspeitos permanece parado ao lado durante a execução da ação e após os eventos, ambos fogem em motos separadas.
  - Indicadores Objetivos de Risco (observados):
    - Agressões físicas e possível uso de arma para subjugação/ameaça da vítima.
    - Ações coordenadas entre dois indivíduos para a execução do crime.
    - Parcial disfarce com capacetes e vestimentas volumosas.
    - Subtração violenta de veículo (roubo).
    - Vítima caída ao solo após agressão (possivelmente ferida).","Alto, devido à presença clara de agressão, ameaça à vida, uso coordenado de motocicletas por suspeitos, e roubo em andamento.","Alto, pois a sequência é clara, bem iluminada, o ângulo permite observar toda a ação criminosa (abordagem, agressão, subtração e fuga), e as ações são objetivamente identificáveis e não ambíguas.",camera_analyzer_prompt_external_street,detailed,,True,True,Alto
event_20250410_145304_8ec3e678,25,motion_detected/event_20250410_145304_8ec3e678/0000_break-in_20250410_145304_frame.jpg,break-in,2025-04-10 14:53:04,"Ambiente interno fechado, provavelmente uma área de estoque ou corredor de acesso (presença de estante metálica e caixas). Iluminação baixa, possivelmente noturna (imagem em preto e branco/nitidez típica de infravermelho). Data e hora: 11/07/2018, entre 00h44 e 00h45. Câmera fixa em posição elevada, lateral ao ambiente.","- Pessoas: Duas pessoas identificadas a partir do quadro 6/7, ambas com capuz, uma delas portando objeto semelhante a um bastão ou barra (quadros 17 em diante), movimentando-se rapidamente de forma coordenada. Parecem procurar ou manipular objetos próximos à porta e à estante. Não há indicação clara de funcionários, e o horário é atípico para circulação normal neste ambiente.
  - Indicadores Objetivos de Risco:
    - Movimento rápido/errático pela área.
    - Esconder ativamente o rosto (uso de capuz).
    - Presença de objeto que pode ser utilizado como arma (bastão/barra).
    - Possível tentativa de forçar/manipular o ambiente (ações junto à porta e estante).
    - Dois indivíduos agindo juntos em circunstância suspeita para o horário.","Alto, devido à presença de pessoas com rosto coberto, movimentação atípica para o horário, comportamento suspeito (um portando objeto que pode ser usado como arma) e ações que sugerem tentativa de acesso ou furto.","Alto, pois as imagens – apesar de baixa qualidade e contraste – mostram claramente as ações suspeitas, a presença de pessoas não identificadas, postura de ocultação do rosto, e a ação portando possível arma. O ângulo e campo de visão permitem identificação dos principais comportamentos de risco sem ambiguidade relevante.",camera_analyzer_prompt_internal_closed,detailed,,True,True,Alto
event_20250402_150847_2875d9f1,6,motion_detected/event_20250402_150847_2875d9f1/0001_40428_20250221_185342_frame_20250402_150847_000004.jpg,40428,2025-02-21 18:53:42,"Vista externa de uma rua urbana, identificada como provavelmente residencial ou mista (residencial/comercial) devido à presença de calçadas, árvores, prédios e carros estacionados. Período diurno, com boa iluminação natural. Imagens rotuladas como ""Câmera 07"".","- Pessoas: Não há presença visível de pessoas nas imagens.
   - Veículos: Vários carros estacionados na rua e um carro vermelho em movimento nas seis imagens. Não há motocicletas visíveis ou ações suspeitas relacionadas a veículos.
   - Indicadores Objetivos de Risco:
      - Não há indícios de forçar/manipular entradas.
      - Não há permanência suspeita de pessoas ou vadiagem.
      - Não há passagens lentas/repetidas de veículos ou motocicletas.
      - Não há veículos estacionados com ocupantes observando a propriedade.
      - Não há uso incomum de capuzes/máscaras/bonés.
      - Não há ações coordenadas entre indivíduos.
      - Não há agressões, violência ou armas.","Baixo, pois nenhum indicador objetivo de risco foi observado nas imagens.","Alto, pois a qualidade e clareza das imagens é suficiente para analisar as ações dos veículos e a ausência de pessoas ou comportamentos suspeitos, o ângulo cobre bem a área principal de acesso e não há ambiguidade no conteúdo visual apresentado.",camera_analyzer_prompt_external_street,detailed,,False,False,Alto
event_20250402_150644_65cf02b1,9,motion_detected/event_20250402_150644_65cf02b1/0001_40426_20250221_185342_frame_20250402_150640_000009.jpg,40426,2025-02-21 18:53:42,"As imagens mostram uma passagem lateral/entrada de pedestres com portão, interfones e vegetação ao lado, com vista parcial para a área externa (calçada e rua). O horário aparenta ser diurno, com boa iluminação natural. As imagens estão identificadas como de ""Câmera 05"".","- Pessoas: Observa-se um indivíduo na primeira imagem, aparentemente abrindo ou fechando o portão, portando mochila e trajando camiseta clara. Após esta ação, não há mais presença de pessoas nas demais imagens internas.
    - Indicadores Objetivos de Risco:
      - Ação observada: Pessoa interagindo diretamente com o portão (abrindo ou fechando), mas não há indícios visíveis de tentativa de invasão (ex.: forçar, pular muro, ação suspeita ou horário/conduta atípica).
      - Nas imagens externas, há registro de um carro estacionado em frente ao local e, em seguida, uma motocicleta passando, mas nenhum comportamento suspeito evidente nesses veículos.","Baixo, pois a ação observada sugere seulement acesso/saída normal pela entrada sem sinais de tentativa de intrusão, arrombamento ou comportamento suspeito por parte da pessoa ou nos veículos da via.","Alto, porque as imagens têm boa nitidez, o ângulo favorece a observação das ações perto do portão e não há ambiguidade nas ações vistas.",camera_analyzer_prompt_internal_to_outside,detailed,,False,False,Alto
event_20250402_153052_8400b28d,11,motion_detected/event_20250402_153052_8400b28d/0001_10785_20250228_101013_frame_20250402_153052_000063.jpg,10785,2025-02-28 10:10:13,"Vista externa de uma rua ou passagem lateral, monitorada pela ""Câmera 16"". As imagens foram capturadas durante o dia (por volta das 07:12h). A iluminação natural parece estar presente, porém há múltiplos problemas de qualidade de vídeo, como distorções e quadros sem sinal (""NO VIDEO""). O local tende a ser residencial ou passagem entre muros, sem movimento urbano intenso.","- Pessoas: Não foram identificadas pessoas nas imagens disponíveis.
   - Veículos: Não foram identificados veículos nas imagens disponíveis.
   - Indicadores Objetivos de Risco: Não há sinais observáveis de manipulação de entradas, vadiagem, veículos suspeitos ou comportamentos coordenados. As imagens estão muito prejudicadas por falhas, com vários quadros sem sinal e distorções, dificultando qualquer análise detalhada de movimentos ou presença de pessoas/veículos.",Baixo. Justificativa: Não há nenhum indicador objetivo de risco visível nas imagens fornecidas.,"Baixo. Justificativa: A confiança é baixa devido à má qualidade das imagens, cortes frequentes de sinal (""NO VIDEO"") e distorções, impossibilitando garantir que não houve eventos relevantes fora dos instantes capturados adequadamente.",camera_analyzer_prompt_external_street,detailed,,False,False,Baixo
event_20250402_154239_6901bc0d,7,motion_detected/event_20250402_154239_6901bc0d/0001_10782_20250228_101013_frame_20250402_154239_000133.jpg,10782,2025-02-28 10:10:13,"Vista externa da rua, em área aparentemente residencial ou mista (há edifício na lateral). Horário pela imagem: manhã, boa iluminação natural. Imagens da ""Câmera 13"", com ângulo voltado da calçada para a rua e área frontal do prédio, incluindo parte do canteiro central e faixa de rolamento.","- Pessoas: Em uma das imagens, há uma pessoa caminhando na calçada oposta (distante), sem comportamento suspeito aparente.
   - Veículos: Uma motocicleta com dois ocupantes transita pela rua (primeira imagem), mas não desacelera nem para na frente da propriedade; segue em movimento.
   - Indicadores Objetivos de Risco:
     - Não há registros de forçar/manipular entradas, vadiagem, passagens lentas e repetidas, veículos estacionados observando, motocicletas desacelerando ou parando perto da propriedade, uso incomum de capuzes/máscaras, ações coordenadas, nem agressões/violência/armas.
     - A motocicleta foi registrada em apenas um quadro, não apresentando comportamento suspeito (não parou nem desacelerou em frente ao imóvel).",Baixo. Não foram observados indicadores objetivos de risco nas imagens apresentadas; os elementos transitam normalmente pela área.,"Alto. As imagens são claras e com bom campo de visão, o que permite observar adequadamente os eventos. As ações observadas não geram ambiguidade quanto ao risco.",camera_analyzer_prompt_external_street,detailed,,False,False,Alto
event_20250408_154827_489da73b,3,motion_detected/event_20250408_154827_489da73b/0000_sit_20250408_154827_frame.jpg,sit,2025-04-08 15:48:27,"As imagens mostram um ambiente interno, aparentemente uma recepção ou sala de espera de um estabelecimento (possível escritório ou clínica), com mobiliário de escritório, mesas, cadeiras e alguns objetos pessoais sobre a mesa. Iluminação natural abundante, provavelmente durante o dia. As imagens são rotuladas com data e hora na parte superior, indicando uma sequência temporal.",,"Baixo, pois não há nenhum indicador objetivo de risco de segurança observado. O comportamento das pessoas é condizente com um ambiente de recepção/espera.","Alto, pois as imagens estão claras, com bom ângulo de visão e as ações observadas são típicas e sem ambiguidade quanto a risco.",camera_analyzer_prompt_internal_to_outside,detailed,,False,False,Alto
event_20250408_154827_df4d752d,5,motion_detected/event_20250408_154827_df4d752d/0000_walk_20250408_154827_frame.jpg,walk,2025-04-08 15:48:27,"Área externa coberta (possivelmente um quintal ou varanda nos fundos/lateral da casa), piso cerâmico, várias cadeiras plásticas, iluminação clara (luz natural, início da manhã), câmera rotulada como ""camera2"".","- Pessoas: Uma pessoa adulta está presente durante toda a sequência, circulando e interagindo com objetos (cadeira, mesa coberta).
    - Indicadores Objetivos de Risco:
        - Pessoa presente em horário incomum (05:12 da manhã).
        - A pessoa parece estar vasculhando/ajustando objetos, postura que pode indicar procura ou manipulação suspeita.
        - Não há interação direta com portas, janelas ou muros, mas movimenta-se calmamente pela área coberta.
        - Não há sinais claros de tentativa de intrusão/dano visível, nem de tentativa de saída para o exterior.","Alto, pois há uma pessoa presente em horário incomum, interagindo com objetos da área, o que pode indicar comportamento suspeito, especialmente se não for um morador ou autorizado.","Alto, pois as imagens são relativamente claras e o ângulo permite boa visualização das ações da pessoa. As ações observadas são suficientemente específicas para justificar a avaliação de risco elevado.",camera_analyzer_prompt_internal_to_outside,detailed,,False,True,Alto
event_20250403_110122_9008d0c2,6,motion_detected/event_20250403_110122_9008d0c2/0001_6987_20250307_101724_frame_20250403_110122_000108.jpg,6987,2025-03-07 10:17:24,"Ambiente interno fechado, possivelmente um escritório, com iluminação natural e artificial adequada (janelas grandes ao fundo e luzes acesas). Sala apresenta mobiliário típico de escritório, como mesas, cadeiras, computador e itens de papelaria. Imagens da ""Câmera 04"", capturadas durante o dia.","- Duas pessoas estão presentes: uma sentada à mesa de trabalho (provavelmente em atividade no computador), outra sentada em frente à mesa.
  - Ambas permanecem em suas posições, sem movimentos suspeitos.
  - Não há sinais visíveis de forçamento/manipulação de portas, gavetas ou armários.
  - Não há manipulação suspeita de objetos ou remoção rápida de itens.
  - Não há movimentos rápidos ou erráticos, tentativas de ocultar o rosto, nem sinais de vandalismo, agressão ou violência.
  - Porta da sala permanece fechada e não há indícios de arrombamento.","Baixo, pois nenhum indicador objetivo de risco foi observado nas imagens analisadas.","Alto, pois as imagens possuem boa clareza, ângulo adequado que permite observar a maior parte do ambiente e as ações são pouco ambíguas.",camera_analyzer_prompt_internal_closed,detailed,,False,False,Alto
event_20250403_101317_ac64b50b,14,motion_detected/event_20250403_101317_ac64b50b/0001_17201_20250307_002851_frame_20250403_101317_000129.jpg,17201,2025-03-07 00:28:51,"Vista externa de uma rua, provavelmente em área residencial devido à presença de cercas, portão e um ambiente aparentemente calmo. A iluminação é noturna, com luz artificial proveniente de refletores ou postes próximos. Imagens no label “Frente, L, E” (possivelmente Câmera 01).","- Pessoas: Nenhuma pessoa visível nas imagens.
  - Veículos: Um carro aparece, vindo pela rua, passando lentamente pelo perímetro monitorado (aparece primeiro à direita e segue para a esquerda). Nas imagens, o veículo parece reduzir um pouco a velocidade ao passar, mas não para totalmente. Não há indicação clara de ocupantes observando a propriedade, nem de manobras suspeitas além do movimento do veículo em si.
  - Indicadores Objetivos de Risco:
    - Forçar/manipular entradas: **Não observado.**
    - Vadiagem ou permanência suspeita perto da propriedade: **Não observado.**
    - Passagens lentas e repetidas de veículos: **Observado movimento de carro em velocidade aparentemente reduzida, mas uma única passagem.**
    - Veículos estacionados observando a propriedade: **Não observado.**
    - Motocicletas paradas/observando: **Não observado.**
    - Uso incomum de capuzes/máscaras/bonés: **Não observado.**
    - Ações coordenadas entre indivíduos: **Não observado.**
    - Agressões, violência, armas: **Não observado.**","**Baixo**.  
  **Justificativa**: Não há indícios claros de risco imediato. O carro passa lentamente, mas não há repetição de passagem, paradas, nem tomada de ação suspeita visível. Outros indicadores de risco não foram observados.","**Alto**.  
  **Justificativa**: As imagens apresentam boa clareza, o ângulo da câmera permite acompanhamento satisfatório da movimentação na rua, e as ações são pouco ambíguas. Não houve situações de difícil interpretação.",camera_analyzer_prompt_external_street,detailed,,False,False,Alto
event_20250403_111720_8438ede2,13,motion_detected/event_20250403_111720_8438ede2/0001_6990_20250307_101724_frame_20250403_111720_000111.jpg,6990,2025-03-07 10:17:24,"Ambiente interno fechado, provavelmente um escritório ou recepção comercial. Iluminação artificial clara e uniforme. Móveis organizados, presença de plantas, bancadas, cadeiras e equipamentos eletrônicos. Imagens do circuito interno rotuladas como ""Câmera 01"", capturadas no início da noite.","- Pessoas: Uma pessoa aparece nas imagens, realiza atividades na bancada/canto direito da sala, aparentemente mexendo em objetos/equipamentos sobre uma mesa. Não há sinais de movimentação rápida, errática, ações agressivas ou ocultação do rosto. 
  - Indicadores Objetivos de Risco:  
    - Não foi observado forçar ou manipular portas, gavetas ou armários.  
    - Não há manuseio de objetos de forma suspeita nem retirada rápida de itens.  
    - A pessoa não apresenta movimento rápido ou errático.  
    - Não há sinal de vandalismo, violência, agressão, uso de armas ou tentativa de arrombamento de portas/janelas.","Baixo. Justificativa: Não há nenhum indicador objetivo de risco observado — a ação da pessoa parece rotineira, sem pressa ou comportamento suspeito.","Alto. Justificativa: As imagens possuem boa clareza, ângulo amplo e adequado, com visibilidade plena da área e das ações da pessoa, permitindo avaliação detalhada e sem ambiguidade quanto ao comportamento observado.",camera_analyzer_prompt_internal_closed,detailed,,False,False,Alto
event_20250408_154828_0ef99938,9,motion_detected/event_20250408_154828_0ef99938/0000_stand_20250408_154828_frame.jpg,stand,2025-04-08 15:48:28,"Ambiente interno fechado; iluminação artificial clara, típico de loja de conveniência ou minimercado. A filmagem é rotulada como ""CAM 3"", e parece capturar a entrada/saída da loja. Horário noturno (aprox. 21:11h), conforme mostrado no timestamp das imagens.","- Pessoas: Uma pessoa presente nas imagens, vestindo roupa de cor clara, concentrada próxima à porta, realizando vários movimentos junto à porta.
  - Indicadores Objetivos de Risco observados:
    - Forçar/manipular portas: A pessoa parece estar manipulando ou tentando abrir a porta com insistência em toda a sequência, potencialmente tentando forçar a saída.
    - Movimentação: A movimentação é focada e insiste na manipulação da porta, com ações repetidas no mesmo local.
    - Não foram observadas ações de vandalismo, violência, ocultação de rosto, nem manuseio de objetos de forma suspeita no breve intervalo analisado.","**Alto**
  - Justificativa: Observa-se uma ação repetida e insistente de manipulação/forçamento da porta, o que é um indicador objetivo de potencial risco à segurança (tentativa de entrada não autorizada, evasão ou manipulação indevida da estrutura da loja).","**Alto**
  - Justificativa: Imagens estão suficientemente nítidas, o ângulo da câmera é amplo e cobre toda a área relevante da ação; a movimentação observada é clara e condizente com o indicador de risco analisado, sem ambiguidades consideráveis nas ações realizadas pela pessoa.",camera_analyzer_prompt_internal_closed,detailed,,False,True,Alto
event_20250402_135631_93a32206,11,motion_detected/event_20250402_135631_93a32206/0001_6895_20250219_153816_frame_20250402_135623_000080.jpg,6895,2025-02-19 15:38:16,"Imagens de uma área interna/semiaberta (provavelmente garagem), com vista para o portão de acesso à rua. Iluminação diurna, predominando luz natural vinda do exterior (área clara perto do portão). Câmera rotulada como ""Câmera 13"".","- Pessoas: Não há pessoas visíveis nas imagens.
  - Indicadores Objetivos de Risco:
    - Não há presença de pessoas em horários ou áreas incomuns.
    - Não se observa tentativa de acesso não autorizado a portas, janelas, muros ou portões.
    - Não há interação suspeita com as áreas de acesso ou movimentos inesperados.
    - As imagens mostram um carro entrando ou saindo normalmente pela garagem, sem sinais de intrusão ou comportamento inadequado.","Baixo, pois não há indicadores objetivos de risco presentes (apenas circulação regular de veículo).","Alto, pois as imagens estão claras, o ângulo da câmera permite visualização adequada da área de entrada/saída, e as ações observadas são típicas do uso normal do espaço, sem ambiguidades.",camera_analyzer_prompt_internal_to_outside,detailed,,False,False,Alto
event_20250403_115050_7683df45,19,motion_detected/event_20250403_115050_7683df45/0001_16312_20250307_134155_frame_20250403_115049_000017.jpg,16312,2025-03-07 13:41:55,"Ambiente interno fechado, identificado como escritório (""Escritorio"" na câmera). Imagens capturadas durante o dia, com iluminação clara e natural. A câmera cobre uma área aberta de escritórios, com várias mesas, cadeiras, computadores e armários.","- Pessoas: Uma pessoa é vista se movimentando repetidamente pela área ao longo da sequência. A movimentação ocorre entre mesas e próximo a caixas/itens no chão, mas não há interação suspeita com portas, gavetas ou objetos. A pessoa parece estar transitando de forma normal (em alguns momentos agachando-se, aparentemente manuseando itens no chão, sem pressa ou comportamento errático).
  - Indicadores Objetivos de Risco (não observados):  
    - Nenhum sinal de forçar/manipular portas, gavetas ou armários.
    - Não foi observado manuseio suspeito ou ocultação de objetos.
    - Não há movimento rápido ou errático.
    - Não se verifica ocultação de rosto, vandalismo, ações agressivas, portas/janelas arrombadas, agressão, violência ou armas.","Baixo, pois nenhum dos indicadores objetivos de risco foi observado. Os comportamentos registrados sugerem rotina administrativa comum.","Alto, pois as imagens são claras, com boa iluminação e ângulo amplo, permitindo acompanhar toda a movimentação da pessoa e o ambiente. As ações são pouco ambíguas e não sugerem risco objetivo.",camera_analyzer_prompt_internal_closed,detailed,,False,False,Alto
event_20250403_092133_a41a7e4e,15,motion_detected/event_20250403_092133_a41a7e4e/0001_55406_20250302_230353_frame_20250403_092127_000111.jpg,55406,2025-03-02 23:03:53,"Vista externa de uma rua urbana, provavelmente em área residencial ou mista. Iluminação noturna, porém suficiente para boa visualização (postes e luzes de prédios acesos). Câmera rotulada como ""Câmera 01"".",,"Baixo, pois não há nenhum indicador objetivo de risco observado nas imagens sequenciais apresentadas.","Alto, pois a qualidade e nitidez das imagens são boas, com ângulo adequado permitindo a observação clara das ações de pessoas e veículos, além de ausência de ambiguidade nas movimentações registradas.",camera_analyzer_prompt_external_street,detailed,,False,False,Alto
event_20250403_092148_f7aec939,20,motion_detected/event_20250403_092148_f7aec939/0001_55406_20250302_230353_frame_20250403_092148_000132.jpg,55406,2025-03-02 23:03:53,"Vista externa de rua urbana, identificada como ""Câmera 01"". O horário indicado nas imagens é noturno (por volta das 23h06 a 23h07), com iluminação adequada proveniente de postes de luz e edifícios. O local aparenta ser de uso misto, possivelmente residencial com presença comercial, dada a arquitetura dos prédios ao fundo e veículos estacionados.",,"Baixo, pois não foi registrado nenhum dos indicadores objetivos de risco durante o período observado.","Alto, pois as imagens têm boa nitidez, iluminação adequada, ângulo favorável para observar as ações nas proximidades do portão e não há ambiguidade nas ações das pessoas e veículos detectados.",camera_analyzer_prompt_external_street,detailed,,False,False,Alto
event_20250410_145303_bf28867c,25,motion_detected/event_20250410_145303_bf28867c/0000_robbery_20250410_145303_frame.jpg,robbery,2025-04-10 14:53:03,"Vista externa de uma área de estacionamento, com várias motocicletas e um caminhão blindado (presumivelmente de transporte de valores) identificado como ""PRESERVE"". As imagens são diurnas, com iluminação adequada, e parecem ser de um local comercial, como o estacionamento de uma agência bancária ou empresa de transporte de valores. (Câmera 01 mostrada na imagem).",,**Alto**,"**Alto**  
  - **Justificativa**: Imagens têm boa clareza, ângulo permite observar ações de pessoas e veículos claramente, e os comportamentos observados são pouco ambíguos (panorama típico de atentado ou tentativa de assalto a transporte de valores).",camera_analyzer_prompt_external_street,detailed,,True,True,Alto
event_20250408_154826_f4c9cc24,3,motion_detected/event_20250408_154826_f4c9cc24/0000_kick_20250408_154826_frame.jpg,kick,2025-04-08 15:48:26,"Vista externa de rua, provavelmente área urbana, durante a noite (aproximadamente 22:35h, conforme timestamp). Iluminação artificial de rua suficiente para identificar ações principais. Local parece comercial ou misto, possivelmente entrada de estabelecimentos ao fundo. Imagens etiquetadas como ""CÂMERA 01"" (CCTVX / WARWICK PLACE).","- Pessoas: Pelo menos cinco adultos visíveis em ações próximas. Dois indivíduos no chão, com outros dois ou mais em posturas de confronto/ação direta. Uma pessoa parece se afastar ou observar (direita). Um dos indivíduos (com camiseta amarela) está claramente envolvido em ação direta, possível agressão.
   - Veículos: Nenhum veículo visível nas imagens.
   - Indicadores Objetivos de Risco (observados):
     - Agressões, violência: Uma ou mais pessoas envolvidas claramente em ação física/agressiva, inclusive com indivíduos caídos ao solo em todas as imagens.
     - Ações coordenadas entre indivíduos: Possível envolvimento conjunto entre duas ou mais pessoas nas agressões.
     - Permanência suspeita: O grupo fica próximo a indivíduos ao solo.
     - Nenhuma observação de veículos ou tentativas de manipular entradas de propriedade.","**Alto**, devido à presença nítida de violência física/agressão no local, com múltiplos envolvidos e vítimas no solo.","**Alto**, pois apesar da qualidade não ser ideal, o ângulo é adequado e as ações são pouco ambíguas, claramente consistentes com agressão física e risco concreto à integridade das pessoas envolvidas.",camera_analyzer_prompt_external_street,detailed,,True,True,Alto
event_20250403_091558_f5332a23,14,motion_detected/event_20250403_091558_f5332a23/0001_55408_20250302_230353_frame_20250403_091558_000102.jpg,55408,2025-03-02 23:03:53,"Vista externa de uma rua, possivelmente área residencial devido à presença de portão e calçada privativa. Imagens noturnas, iluminação razoável devido a postes de luz na via. As imagens são capturadas pela ""Câmera 03"".","- Pessoas: Não há presença de pessoas visíveis nas imagens.
   - Veículos: Observa-se um veículo passando em velocidade normal pela rua em duas ocasiões distintas durante a sequência de imagens. Não foram identificadas motos ou veículos estacionados observando a propriedade.
   - Indicadores Objetivos de Risco:
      - Não há tentativa de forçar/manipular entradas do imóvel.
      - Não há vadiagem ou permanência suspeita próximo à propriedade.
      - Não há passagem lenta ou repetida de veículos; o veículo apenas passa pela rua em velocidade normal sem reduções ou ações incomuns.
      - Não há veículos parados ou estacionados de forma suspeita observando a propriedade.
      - Não há motocicletas paradas, observando ou desacelerando próximo à propriedade.
      - Não há uso incomum de capuzes/máscaras/bonés.
      - Não há ações coordenadas entre indivíduos.
      - Não há agressão, violência, ou armas visíveis.","Baixo, pois não foi observado nenhum indicador objetivo de risco nas imagens apresentadas.","Alto, pois as imagens apresentam iluminação adequada e ângulo suficiente para observar tanto a movimentação na rua quanto a entrada da propriedade, além de não haver ambiguidade nas ações observadas.",camera_analyzer_prompt_external_street,detailed,,False,False,Alto
event_20250408_154828_da5febad,4,motion_detected/event_20250408_154828_da5febad/0000_run_20250408_154828_frame.jpg,run,2025-04-08 15:48:28,"Área externa privada (possivelmente garagem ou varanda grande), com piso pavimentado e iluminação noturna artificial (vários refletores acesos). Horário: noite, conforme indicado pelo relógio nas imagens (por volta das 20:51). Imagens rotuladas como ""CAM 2"".",,"**Baixo**  
  Justificativa: Não foram identificados indicadores objetivos de risco, como tentativas de acesso indevido ou comportamento anormal.","**Alto**  
  Justificativa: Imagens apresentam boa clareza, iluminação interna/externa adequada e ângulo amplo do ambiente, permitindo análise clara das ações e movimentação. As ações observadas são pouco ambíguas, reforçando a confiança na avaliação.",camera_analyzer_prompt_internal_to_outside,detailed,,False,False,Alto
event_20250410_145303_c7079205,9,motion_detected/event_20250410_145303_c7079205/0000_robbery_20250410_145303_frame.jpg,robbery,2025-04-10 14:53:03,"Ambiente interno fechado, aparentemente uma residência (sala de jantar e estar integrada). Iluminação baixa, possivelmente visão noturna de câmera infravermelha. Horário registrado nas imagens: madrugada (por volta das 04:14 às 04:15h). Label visível: ""#JornalDaRecord"", mas a câmera utilizada parece do tipo residencial.","- Pessoas presentes: ao menos três pessoas em ação central e uma pessoa sentada ao fundo (aparenta não participar da ação). Entre as três pessoas próximas à mesa, duas aparentam estar de capuz/moletom (potencialmente tentando ocultar parcialmente o rosto) e uma aparenta ser uma pessoa idosa, sentada.  
  - Indicadores Objetivos de Risco observados:  
    - Ocultar ou remover itens rapidamente: não fica claro nas imagens se itens são removidos, mas há bolsas/mochilas sobre a mesa, uma das quais parece ser manuseada de forma suspeita.  
    - Movimento rápido/errático pela área: uma das pessoas (de capuz) se aproxima rapidamente e parece abordar fisicamente a pessoa sentada, num gesto possivelmente agressivo.  
    - Agressões, violência, armas sendo usadas: há contato físico evidente (provável agressão), com gestos de força sobre o indivíduo sentado (imagens 2 a 5 principalmente).  
    - Esconder ativamente o rosto da vista da câmera: duas pessoas usam capuzes, dificultando a identificação facial.","Alto, devido à presença clara de pelo menos três indicadores objetivos de risco (abordagem física agressiva, ocultação parcial do rosto, potencial remoção/roubo de bens, movimentação rápida e errática, contato físico forçado com possível vítima).","Alto, pois as imagens são claras, bem iluminadas pelo padrão infravermelho, o ângulo da câmera é favorável à visualização de toda a cena e as ações observadas são pouco ambíguas, sugerindo fortemente situação de violência e risco real à segurança dos presentes.",camera_analyzer_prompt_internal_closed,detailed,,True,True,Alto
event_20250403_113741_80c81944,146,motion_detected/event_20250403_113741_80c81944/0001_7645_20250307_134155_frame_20250403_113736_000011.jpg,7645,2025-03-07 13:41:55,"Área externa de uma residência, próxima ao portão de entrada, conforme identificado pela label ""Portao entrada"" no canto inferior esquerdo. As imagens foram capturadas durante o dia (10:41-10:44), com excelente iluminação solar natural. O local aparente é residencial, com presença de muros altos, portão de metal e um pequeno jardim ao fundo.","- Pessoas: Não foi observada nenhuma pessoa presente ou circulando nas imagens.
  - Veículos: Nenhum veículo (carro, motocicleta ou bicicleta) visível nas imagens.
  - Indicadores Objetivos de Risco:  
    - Não há sinais de manipulação ou tentativa de forçar entradas.
    - Não há permanência suspeita de pessoas próximas ao portão.
    - Não existem veículos passando ou parados.
    - Nenhum uso incomum de capuz, máscara ou boné.
    - Não foram notadas ações coordenadas entre indivíduos, nem situações de agressão, violência ou exibição de armas.","Baixo, pois nenhum indicador objetivo de risco foi observado ao longo da sequência analisada.","Alto, uma vez que as imagens apresentam boa clareza, o ângulo de visão está adequado para monitoramento do portão de entrada, e não há ambiguidade nas ações observadas (ou na ausência delas).",camera_analyzer_prompt_external_street,detailed,,False,False,Alto
event_20250410_145302_1206a091,22,motion_detected/event_20250410_145302_1206a091/0000_robbery_20250410_145302_frame.jpg,robbery,2025-04-10 14:53:02,"Ambiente interno fechado, sala pequena de consultório odontológico. Iluminação adequada, luz branca, visibilidade total do ambiente. Câmera posicionada no alto, visão ampla e clara do consultório (label provável: ""Câmera 01"", local e data visíveis: Ceilândia, DF, 11/11/2021, 10:28h).","- Pessoas: Presença de pelo menos quatro pessoas. Um indivíduo permanece deitado na cadeira odontológica aparentando ser paciente; outros dois ou três vestem jalecos e toucas, sugerindo que são profissionais de saúde (dentista/assistentes). Ingressam outros dois indivíduos (um deles com roupa escura e capuz), movimentando-se rapidamente, interagindo de forma aparentemente ameaçadora com as pessoas do ambiente.
   - Indicadores Objetivos de Risco:
      - Ações agressivas, movimento rápido e errático.
      - Atitudes de ameaça/intimidação (paciente levanta as mãos, indicando rendição).
      - Fuga ou retirada rápida de pessoas da sala, com sinais de constrangimento e susto.
      - Indícios de ação criminosa (possível assalto).","Alto, devido à presença clara de indicadores de ameaça, intimidação, descontrole comportamental, movimentação anormal e sugestão evidente de violência no ambiente.","Alto, pois as imagens estão bem iluminadas, o ângulo permite ampla visão dos eventos ocorrendo, as ações são pouco ambíguas e os sinais de risco são evidentes (expressões corporais de rendição, movimentação suspeita e clima de tensão geral no ambiente).",camera_analyzer_prompt_internal_closed,detailed,,True,True,Alto
event_20250408_154826_2c927806,4,motion_detected/event_20250408_154826_2c927806/0000_kick_20250408_154826_frame.jpg,kick,2025-04-08 15:48:26,"Vista externa de uma rua urbana, aparentemente em área comercial (há sinalização de ""SALE"" em loja ao lado, iluminação artificial intensa de letreiros e luzes). A filmagem parece ser noturna (horário em torno de 22h53min, registrado no canto superior), capturada por uma câmera de segurança (label ""CCTVX""). O local monitorado é a entrada de um edifício com escadaria e portas grandes, possivelmente um estabelecimento comercial ou boate/bar. Imagens sequenciais de ""Câmera 01"".",,"Alto, pois há o claro indicador de risco de um indivíduo tentando manipular/a força a entrada do edifício, possivelmente um indício de tentativa de invasão ou arrombamento.","Alto, pois apesar da baixa resolução e algumas limitações de qualidade da imagem, a ação do indivíduo na porta é clara e visível, o número de pessoas e suas ações também são distinguíveis, e o ângulo permite observar toda a área de interesse de forma adequada. Não há ambiguidade relevante quanto à ação-objetivo (tentativa de abrir/forçar porta).",camera_analyzer_prompt_external_street,detailed,,True,True,Alto
event_20250410_145304_6ba77bed,1,motion_detected/event_20250410_145304_6ba77bed/0000_break-in_20250410_145304_frame.jpg,break-in,2025-04-10 14:53:04,"Ambiente interno fechado, provavelmente uma clínica ou consultório (com base na decoração, quadro médico na parede e equipamentos). Iluminação é boa, com luz natural entrando pela porta de vidro. Imagem da ""Câmera 01"".","Três pessoas visíveis. Uma pessoa próxima à porta de saída, aparentemente saindo do local, segurando uma sacola. Outras duas pessoas na recepção, uma atrás do balcão e a outra em frente. Nenhum comportamento suspeito claro, como forçar portas, manipular objetos sem motivo, movimentos erráticos ou ocultação ativa do rosto. A interação entre as pessoas parece calma.","Baixo, nenhuma ação sugestiva de risco observada segundo os indicadores objetivos.","Alto, pela boa qualidade da imagem, ângulo adequado e ausência de ambiguidade nas ações observadas.",camera_analyzer_prompt_internal_closed,detailed,,True,False,Alto
event_20250402_134602_e110db14,16,motion_detected/event_20250402_134602_e110db14/0001_6884_20250219_153904_frame_20250402_134602_000020.jpg,6884,2025-02-19 15:39:04,"- As duas primeiras imagens mostram uma rua de bairro residencial durante o dia, com iluminação natural intensa (ensolarado). As imagens externas são da ""Câmera 02"", voltada para a calçada e a via de acesso à entrada de um prédio.  
  - As imagens seguintes são do interior de um elevador (""Câmera 06""), também durante o dia, com boa iluminação artificial.",,Baixo.,"Alto.  
  - **Justificativa**:  
    - As imagens têm boa clareza e iluminação, tanto nas áreas externas quanto no elevador, possibilitando identificar movimentos e ações.
    - O ângulo das câmeras permite visualizar bem os indivíduos durante todo o trajeto (rua até elevador).
    - As ações observadas são diretas e não ambíguas (não há hesitação, tentativas de entrada forçada ou comportamento de sondagem).
    - Não há fatores técnicos que prejudiquem a análise, como desfoque ou obstrução significativa nas imagens.",camera_analyzer_prompt_external_street,detailed,,False,False,Alto
event_20250408_154829_f8cfe6ef,4,motion_detected/event_20250408_154829_f8cfe6ef/0000_struggle_20250408_154829_frame.jpg,struggle,2025-04-08 15:48:29,"Ambiente interno fechado, possivelmente uma sala de reuniões em escritório, iluminação artificial e clara, durante o horário comercial (aparentemente à tarde). As imagens apresentam o label ""Câmera 01"".","- Pessoas: Entre 6 a 7 pessoas presentes na sala, a maioria ao redor de uma mesa de reunião. Nas imagens, é possível observar movimentação intensa no canto próximo à porta, com pelo menos duas pessoas em possível confronto físico. Uma está curvada sobre outra (indicando contenção ou luta), enquanto outras parecem reagir tentando separar ou se afastar. Ações das demais pessoas sugerem preocupação ou tentativa de intervenção; algumas se levantam rapidamente da mesa.
    - Indicadores Objetivos de Risco:
        - Movimento rápido/errático pela área (observado claramente).
        - Possível agressão ou confronto físico (pessoas parecem envolvidas fisicamente, postura e ação reminiscentes de luta/contenção).","Alto, pelo menos um indicador de risco elevado foi observado (possível confronto físico/agressão e movimentação errática/grave na sala).","Alto, as imagens apresentam boa clareza, o ângulo geral da câmera permite acompanhamento da situação e as ações observadas não são ambíguas — o comportamento foge claramente ao esperado para o ambiente.",camera_analyzer_prompt_internal_closed,detailed,,True,True,Alto
event_20250403_103119_7b8360f5,6,motion_detected/event_20250403_103119_7b8360f5/0001_17205_20250307_002852_frame_20250403_103119_000110.jpg,17205,2025-03-07 00:28:52,"A câmera está em uma área externa, aparentemente um local de armazenamento ou ferro velho, devido à presença de vários objetos grandes e amontoados, sacos e tambores. O horário é noturno (por volta de 21h17min), iluminado por iluminação externa, com visão limitada em áreas mais afastadas. Local parece industrial ou de depósito, rotulado como ""L.D.Fundos"".","- Pessoas: Nas imagens 3 a 5, observa-se ao menos uma pessoa em movimento/ação, próxima aos objetos à direita da tela.
    - Veículos: Não há veículos visíveis nas imagens.
    - Indicadores Objetivos de Risco:
        - Não há sinais claros de forçar/manipular entradas.
        - Não há evidências de permanência suspeita nem vadiagem evidente, pois a pessoa parece apenas transitar pela área.
        - Não há veículos circulando ou parados.
        - Não há presença de motocicletas, nem uso incomum de capuzes/máscaras/bonés identificável.
        - Não são observadas ações coordenadas entre indivíduos, agressões ou armas.","Baixo, pois não há indicadores objetivos de risco observados nas imagens, apenas movimentação comum de pessoa(s) no local.","Alto, pois as imagens apresentam boa clareza para observação dos elementos da cena e das ações básicas, mesmo sendo noturnas. As ações são pouco ambíguas e não sugerem comportamentos suspeitos ou de risco.",camera_analyzer_prompt_external_street,detailed,,False,False,Alto
event_20250408_154828_26a4cad8,7,motion_detected/event_20250408_154828_26a4cad8/0000_throw_20250408_154828_frame.jpg,throw,2025-04-08 15:48:28,"Vista externa, aparentemente um ambiente comercial ou de lazer (possível bar ou área social) à noite, com iluminação artificial suficiente para visualizar pessoas e objetos. Câmera identificada como ""Câmera 03"".","- Pessoas: Várias pessoas presentes no local, algumas sentadas, outras em pé. Duas pessoas em especial aparecem em movimento rápido no primeiro plano, uma delas com postura agressiva (braço erguido, possível objeto na mão).
  - Veículos: Motocicletas visíveis ao fundo, mas nenhuma em movimento claro nas imagens.
  - Indicadores Objetivos de Risco Observados:
     - Ações coordenadas/violência: Observa-se claramente uma briga ou agressão em curso, com indivíduos envolvidos em confronto físico.
     - Atitude de ameaça/possível uso de objeto como arma: Um dos envolvidos parece levantar um objeto durante a ação agressiva.
     - Pessoas próximas observando a situação, sem intervenção aparente.","Alto, pois há evidente confrontação física e possível uso de objeto como arma, configurando situação imediata de violência e risco para os presentes.","Alto, pois a clareza das imagens e a ausência de ambiguidade nas ações permitem identificar agressão direta, com vários ângulos e boa visibilidade dos envolvidos.",camera_analyzer_prompt_external_street,detailed,,True,True,Alto
event_20250410_145303_b6a2f2cd,9,motion_detected/event_20250410_145303_b6a2f2cd/0000_robbery_20250410_145303_frame.jpg,robbery,2025-04-10 14:53:03,"Ambiente interno fechado, aparentemente um armário grande ou sala de depósito com armários embutidos em ambos os lados. Iluminação noturna/infravermelha (preto e branco; baixo nível de luz). Ambiente parece ser residencial ou de escritório, mas reservado para armazenamento. Câmera fixa, ângulo elevado, posicionada no fundo do corredor.","- Pessoas: Duas pessoas presentes, ambas usando roupas que cobrem cabeça/rosto (capuz e/ou boné). Uma pessoa manuseando rapidamente objetos de dentro dos armários; ambas aparentam estar remexendo pertences do local.
    - Indicadores Objetivos de Risco observados:
        - Forçar/manipular portas, gavetas, armários: As portas dos armários estão abertas (algumas forçadas) e sendo manuseadas.
        - Manusear objetos/equipamentos suspeitosamente ou sem propósito claro: Pessoas retirando objetos dos armários de forma apressada.
        - Movimento rápido/errático pela área: As imagens sequenciadas mostram movimentos apressados.
        - Ocultar o rosto da vista da câmera: Ao menos uma pessoa com capuz/touca cobrindo parte do rosto.
        - Ocultar ou remover itens rapidamente: Objetos estão sendo retirados de dentro dos armários.","Alto, vários indicadores claros de comportamento suspeito (arrombamento/manipulação de armários, retirada e ocultação de objetos, cobertura do rosto).","Alto, imagens estão nítidas para identificar comportamentos e ações suspeitas, ângulo da câmera adequado e ações pouco ambíguas (indicadores múltiplos de intrusão e subtração de itens).",camera_analyzer_prompt_internal_closed,detailed,,True,True,Alto
event_20250403_101212_7acf6727,11,motion_detected/event_20250403_101212_7acf6727/0001_17201_20250307_002851_frame_20250403_101212_000064.jpg,17201,2025-03-07 00:28:51,"A sequência de imagens mostra a área externa frontal de uma propriedade privada, visível a partir de uma câmera fixa posicionada em local coberto, visualizando o portão/ferragem frontal e a rua externa. É noite (21:16h), com iluminação artificial suficiente para boa visualização da área monitorada. A câmera possui o label “Frente,L,E”.","- Pessoas: Não há pessoas visíveis na área externa da propriedade em nenhum dos frames.
  - Indicadores Objetivos de Risco:
    - Um carro aparece transitando lentamente pela rua em frente à propriedade (entre os segundos 05 e 13).
    - O veículo apenas passa pela via externa, sem parada ou aproximação com o portão, sem sinais de interação com a propriedade, sem pessoas descendo ou avaliando a residência.
    - Não há tentativas de acesso, movimentação suspeita em áreas internas, nem ações sobre portas, janelas, muros ou portões.
    - Não foram observados comportamentos compatíveis com tentativa de intrusão ou avaliação detalhada da residência.","Baixo, pois não há presença de pessoas em locais/horários incomuns, nem sinais de abordagem suspeita do veículo à propriedade, apenas trânsito regular na via pública.","Alto, pois as imagens são claras, o ângulo da câmera permite a visualização total da área monitorada e o comportamento observado (trânsito de veículo) é não ambíguo e compatível com rotina normal da rua.",camera_analyzer_prompt_internal_to_outside,detailed,,False,False,Alto
event_20250410_145301_0031b418,31,motion_detected/event_20250410_145301_0031b418/0000_burglary_20250410_145301_frame.jpg,burglary,2025-04-10 14:53:01,"Vista externa de uma residência, capturada à noite (conforme o horário 20:28h no canto superior das imagens) com iluminação infravermelha da câmera de segurança (""Câmera 01""), proporcionando boa visão do ambiente apesar da ausência de luz natural. O local aparenta ser uma área residencial, com varanda coberta, jardim adjacente e móveis externos.","- Pessoas: Um indivíduo aparece em todas as imagens, agindo sozinho. Ele inicialmente se dirige à janela, manipula e força o acesso, conseguindo removê-la completamente. Em seguida, retira por completo um objeto (parece uma janela ou veneziana) do local, colocando-o no chão da varanda e realizando ações repetidas de movimentação e deslocamento desse objeto.
  - Veículos: Nenhum veículo observado.
  - Indicadores Objetivos de Risco (observados):
    - Forçar/manipular entradas (claramente tentando abrir/remover a janela).
    - Permanência suspeita: pessoa sozinha, em ação contínua e metódica voltada à entrada da residência, durante a noite.
    - Ação coordenada entre indivíduos: não observada.
    - Uso incomum de capuz/máscara/boné: não visível.
    - Agressões, violência, armas: não observados.
    - Veículos parados, observando: não aplicável.","Alto. Justificativa: Foi identificado o ato de forçar e manipular a entrada (janela), configurando claramente uma situação de tentativa de invasão/arrombamento/furto à residência.","Alto. Justificativa: As imagens apresentam boa clareza e resolução, permitem discernir claramente as ações do indivíduo; o ângulo da câmera é adequado para capturar toda a dinâmica do ato suspeito; as ações do indivíduo não apresentam ambiguidade e configuram um indicador de risco elevado (arrombamento).",camera_analyzer_prompt_external_street,detailed,,True,True,Alto
event_20250402_152957_dcbadaac,6,motion_detected/event_20250402_152957_dcbadaac/0001_10785_20250228_101013_frame_20250402_152957_000010.jpg,10785,2025-02-28 10:10:13,N/A,N/A,N/A,N/A,camera_analyzer_prompt_internal_closed,detailed,,False,False,Unknown
event_20250402_152728_27cf3018,7,motion_detected/event_20250402_152728_27cf3018/0001_10784_20250228_101013_frame_20250402_152728_000022.jpg,10784,2025-02-28 10:10:13,"As imagens mostram uma área semiaberta, aparentemente um corredor de entrada ou hall de acesso de uma propriedade, junto à porta de entrada externa, com vista parcial da rua (lado esquerdo das imagens). O horário registrado é pela manhã (por volta das 07:11), com iluminação natural e artificial presentes. Label da câmera: ""Camera 15"".","- Pessoas: Uma pessoa (aparentemente adulta) aparece nas duas primeiras imagens, se posiciona próximo à parede lateral e depois se dirige à porta/saída. A partir da terceira imagem, não há mais pessoas visíveis no ambiente.
  - Indicadores Objetivos de Risco:
    - Não há pessoas em área/horário incomum, pois o horário pode ser entendido como inicial de expediente ou rotina matutina.
    - Não há aproximação suspeita/interação inadequada com portas, janelas, muros ou portões. A ação registrada parece compatível com fluxo comum de entrada ou saída (não forçada).
    - Não há tentativa de abrir conexões externas de forma suspeita.
    - Não há sinais claros de observação atenta da propriedade com possível intenção criminosa.
    - Não há movimento inesperado em áreas restritas nem sinais de intrusão (escala de muros, forçamento de portas etc.).","Baixo, pois não há nenhum indicador objetivo de risco observado na sequência; o comportamento da pessoa está compatível com circulação/rotina comum no início do dia na área monitorada.","Alto, pois as imagens são claras, o ângulo da câmera proporciona boa visão dos acessos, e as ações observadas não apresentam ambiguidade relevante.",camera_analyzer_prompt_internal_to_outside,detailed,,False,False,Alto
event_20250408_154827_b5baa4eb,3,motion_detected/event_20250408_154827_b5baa4eb/0000_sit_20250408_154827_frame.jpg,sit,2025-04-08 15:48:27,"Ambiente interno fechado, iluminação clara (provavelmente artificial), semelhante a uma sala de espera (possivelmente hospitalar, clínica ou repartição pública), com cadeiras organizadas em fileiras. Imagens rotuladas como de ""Câmera 01"".","- Diversas pessoas sentadas e outras em pé. 
  - Sequência mostra pelo menos dois indivíduos (um de boné e outro careca) caminhando em direção aos assentos mais próximos da câmera. O indivíduo de boné aparenta abordar pessoas sentadas, estendendo o braço na direção de uma pessoa de camiseta rosa.
  - Ação sugere possível tentativa de intimidação ou abordagem próxima, enquanto a pessoa abordada parece recuar ligeiramente. 
  - Não foi observado, nessa sequência, manipulação de portas/gavetas, tentativas de ocultação de objetos, movimentos muito rápidos/erráticos ou agressões físicas visíveis, mas há contato físico não consensual aparente e comportamento invasivo.
  - Não há indicação clara de armas, mas o padrão de ação é consistente com possível tentativa de assalto/coerção.","Alto, devido ao comportamento invasivo/intimidador e abordagem direta de pessoas sentadas, que são indicadores objetivos de risco (possível tentativa de roubo ou ameaça).","Alto, pois as imagens apresentam boa clareza, o ângulo permite boa visão da ação, e o comportamento observado é pouco ambíguo quanto ao risco.",camera_analyzer_prompt_internal_closed,detailed,,False,True,Alto
event_20250403_091718_718f1e23,16,motion_detected/event_20250403_091718_718f1e23/0001_55407_20250302_230353_frame_20250403_091718_000024.jpg,55407,2025-03-02 23:03:53,"As imagens mostram uma área externa privada (possivelmente um quintal ou varanda frontal), cercada e com portão alto, vista para uma calçada de cidade movimentada, incluindo esquina e rua. A iluminação é boa, com luzes urbanas e iluminação da propriedade. As imagens são da ""Câmera 02"" e o horário apresentado é noturno (por volta das 23h).","- Pessoas: Diversas pessoas transitam pela calçada em diferentes momentos da sequência, aparentemente caminhando normalmente pela rua, sem acessar ou tentar acessar o interior da propriedade.
  - Indicadores Objetivos de Risco:
    - Não há pessoas presentes na área interna da propriedade, apenas na via pública.
    - Não foi observado ninguém se aproximando/interagindo com portas, janelas, muros ou portões de maneira suspeita.
    - Não há tentativa de abrir/forçar o portão ou conexões com o exterior flagradas.
    - Não há movimentos inesperados por passagens/áreas de fundos ou sinais claros de intrusão (como pular muro/cerca).
    - O portão e o muro permanecem fechados e intactos durante toda a sequência.",Baixo.,"Alto.  
  - **Justificativa**: As imagens estão claras, com boa iluminação, e envolvem um ângulo amplo, permitindo observar tanto a área externa da propriedade quanto a calçada e parte da rua. As ações observadas são pouco ambíguas e típicas do trânsito de pedestres em ambiente urbano, sem comportamento suspeito.",camera_analyzer_prompt_internal_to_outside,detailed,,False,False,Alto
event_20250402_135601_2503371e,12,motion_detected/event_20250402_135601_2503371e/0001_6895_20250219_153816_frame_20250402_135601_000059.jpg,6895,2025-02-19 15:38:16,"As imagens são de uma garagem ou área de estacionamento coberta, vista por uma câmera interna (Camera 13), com acesso visual para um portão externo (parte iluminada ao fundo). O local está bem iluminado pela luz do dia, sugerindo que é um período diurno.","- Pessoas: Um homem adulto aparece nas primeiras imagens (0001 a 0006), vestindo roupa clara, caminhando junto a uma porta gradeada lateral. O indivíduo parece estar examinando ou tentando interagir com a estrutura da porta/grade.
  - Indicadores Objetivos de Risco:
    - Presença de pessoa em área típica de trânsito (garagem) durante o dia, o que pode ser comum, mas a ação do indivíduo se concentra próximo a uma porta fechada/gradeada.
    - O homem se aproxima e parece observar/dedicar atenção à porta gradeada, com possível tentativa de interação, embora não fique claro se tenta abrir.
    - Após alguns segundos, o indivíduo sai do campo de visão, não sendo detectado novas pessoas ou ações suspeitas nas imagens subsequentes (0007 em diante).","**Baixo**. Apesar da aproximação e observação do portão/porta, não há sinais claros de tentativa de arrombamento ou intrusão, e a presença de pessoa em área de circulação durante o dia pode ser justificada (ex: morador, funcionário, visitante).","**Alto**. As imagens são claras, o ângulo permite boa visualização das ações, e o comportamento do indivíduo, apesar da atenção a porta/grade, não evidencia, de forma objetiva, tentativa de invasão ou outro indicador de risco alto.",camera_analyzer_prompt_internal_to_outside,detailed,,False,False,Alto
event_20250410_145301_bd360024,26,motion_detected/event_20250410_145301_bd360024/0000_car-break-in_20250410_145301_frame.jpg,car-break-in,2025-04-10 14:53:01,"Estacionamento coberto, ambiente interno fechado, iluminação artificial suficiente para visualização clara. Horário noturno/madrugada (04:04), conforme data/hora da câmera. Ambiente típico de garagem residencial ou comercial. Label das imagens: ""Channel6"".",,"Alto, pois há observação clara de manipulação suspeita da porta do veículo, seguida da retirada de um objeto do seu interior, ambos indicadores clássicos de arrombamento e furto.","Alto, pois as imagens são claras, o ângulo oferece boa visualização das ações do indivíduo e não há ambiguidade significativa no comportamento observado (ação típica de furto/arrombamento veicular).",camera_analyzer_prompt_internal_closed,detailed,,True,True,Alto
event_20250402_142408_54015820,11,motion_detected/event_20250402_142408_54015820/0001_6884_20250219_153816_frame_20250402_142408_000019.jpg,6884,2025-02-19 15:38:16,"Vista externa de uma rua residencial durante o dia, com iluminação solar intensa. Detalhes como árvores, calçadas e veículos estacionados (incluindo um carro branco) são visíveis. As imagens são da ""Câmera 02"".","- Pessoas: Dois indivíduos (aparentando ser homens jovens) caminham juntos na calçada, passando em frente à residência e depois seguem seu trajeto normalmente, sem permanecer parados ou apresentar comportamento evasivo. Nenhum deles utiliza capuz, máscara ou boné de modo suspeito. Um terceiro indivíduo aparece brevemente caminhando na direção oposta, aparentemente sem interação suspeita com os demais.
  - Veículos: Carro branco estacionado à frente da residência; permanece imóvel durante toda a sequência, sem ocupantes visíveis ou comportamento suspeito associado.
  - Indicadores Objetivos de Risco: 
    - Não há indicação de forçar/manipular entradas, vadiagem, passagens suspeitas de veículos/motocicletas, uso incomum de acessórios, nem ações coordenadas ou violentas.","Baixo, pois todos os comportamentos observados nas imagens são compatíveis com o trânsito normal de pedestres em área residencial, sem qualquer ação indicativa de risco objetivo.","Alto, devido à boa clareza das imagens, ângulo adequado que cobre toda a movimentação dos indivíduos e ausência de ambiguidade nas ações observadas.",camera_analyzer_prompt_external_street,detailed,,False,False,Alto
event_20250408_154826_3040ec46,7,motion_detected/event_20250408_154826_3040ec46/0000_kick_20250408_154826_frame.jpg,kick,2025-04-08 15:48:26,"Área externa residencial (possivelmente varanda frontal ou entrada da casa), sob luz do dia com boa iluminação. Gramado, calçada e parte da rua visíveis. As imagens são de uma câmera fixa (label não visível, mas provavelmente ""Câmera 01"").",,"Alto, devido à clara tentativa de forçar a entrada pela porta e à presença coordenada de duas pessoas demonstrando comportamento suspeito (abordagem e possível vigia).","Alto, pois as imagens apresentam boa clareza, o ângulo proporciona visão direta das ações, e as atitudes observadas são bastante objetivas (tentativa de entrada à força, permanência suspeita na propriedade).",camera_analyzer_prompt_internal_to_outside,detailed,,True,True,Alto
event_20250408_154829_ce92d2ad,4,motion_detected/event_20250408_154829_ce92d2ad/0000_sneak_20250408_154829_frame.jpg,sneak,2025-04-08 15:48:29,"Vista externa de um posto de gasolina à noite, com iluminação artificial forte e uniforme. O local parece ser comercial, diante de uma loja de conveniência. As imagens são provenientes da ""CAM 11"".",,"Alto, devido à presença de danos evidentes em veículo, pessoa caída no chão em posição incomum (possível agressão/violência), e ações suspeitas/manipulação evidente dentro de veículo com portas abertas.","Alto, pois as imagens estão claras, os ângulos são amplos e permitem análise objetiva das ações, com evidências visuais pouco ambíguas de situação de risco.",camera_analyzer_prompt_external_street,detailed,,False,True,Alto
event_20250410_145303_905c170e,10,motion_detected/event_20250410_145303_905c170e/0000_robbery_20250410_145303_frame.jpg,robbery,2025-04-10 14:53:03,"Ambiente interno fechado, provavelmente um mercado de bairro ou loja de conveniência. Iluminação artificial clara e uniforme. Imagens capturadas de uma câmera posicionada acima do caixa principal, mostrando o setor de pagamento e parte das gôndolas e corredores. As imagens possuem Label ""12:56"" e data 15/04/2019, apesar do horário da câmera mostrar ""18:27"".","- Pessoas: Diversos indivíduos presentes, incluindo funcionários (um de camiseta vermelha no caixa), clientes (em pé e sentados próximos ao caixa), e duas pessoas de moletom com capuz cobrindo parcialmente o rosto (um verde, outro azul escuro), que se aproximam do caixa com gestos que aparentam ameaça (um deles simulando estar armado e apontando para funcionários/clientes).
  - Indicadores Objetivos de Risco (observado):
     - Pessoas de capuz aparentemente tentando esconder o rosto e mostrando comportamento agressivo.
     - Ação agressiva e de ameaça com movimento de braços elevados (simulação de posse de arma), forçando pessoas a levantar as mãos e deitar no chão.
     - Funcionário do caixa abrindo gaveta aparentemente sob coerção.
     - Possível ocultação/remover itens do caixa.
     - Clientes/colegas se afastando ou abaixando, possivelmente por medo/ordem dos suspeitos. Clima geral de tensão e rendição.
     - Não há sinais de vandalismo explícito, mas a coerção física e psicológica é evidente.","Alto, identificada ação coordenada por pessoas de capuz simulando ou portando arma, com ameaça direta a funcionários e clientes, com movimentação suspeita e potencial retirada de dinheiro/itens do caixa.","Alto, imagens claras e com amplo campo de visão, pouca ambiguidade nas ações (comportamento ameaça evidente, rendição de pessoas no local), ângulo da câmera adequado para análise detalhada dos fatos.",camera_analyzer_prompt_internal_closed,detailed,,True,True,Alto
event_20250403_115742_98c6dcb5,23,motion_detected/event_20250403_115742_98c6dcb5/0001_7639_20250307_134155_frame_20250403_115726_000099.jpg,7639,2025-03-07 13:41:55,"Vista externa de rua residencial. Imagens captadas durante o dia, com forte iluminação natural (sol abundante), favorecendo boa visibilidade. Localidade parece tranquila, sem grande fluxo de pessoas, com placas ""frente direita"" e nome da câmera no canto inferior esquerdo.","- Pessoas: Não há presença de pessoas circulando a pé na calçada ou próximo à propriedade.
   - Veículos: 
      - Circulação apenas de carros de passeio e um pequeno fluxo de carros coloridos, aparentemente de empresa ou publicidade (movimentação típica para o horário). 
      - Uma motocicleta com dois ocupantes aparece rapidamente (imagem 0021), transitando normalmente pela via, sem parada, desaceleração relevante ou sinais objetivos de observação da propriedade.
   - Indicadores Objetivos de Risco:
      - Não há ação de forçar/manipular entradas.
      - Nenhuma permanência suspeita, pessoas observando, ou veículos parados com ocupantes em atitude suspeita.
      - A motocicleta com dois ocupantes apenas passa pela rua, sem desacelerar junto à propriedade ou realizar movimentos suspeitos.
      - Não há capuzes/máscaras/bonés destacados, coordenação entre indivíduos, nem agressão/violência/armas.","Baixo, pois não foi identificado nenhum dos indicadores objetivos de risco presentes nas imagens analisadas.","Alto, pois as imagens estão claras, o ângulo da câmera é adequado para monitorar a movimentação em frente à propriedade e as ações observadas não apresentam ambiguidade ou suspeição relevante.",camera_analyzer_prompt_external_street,detailed,,False,False,Alto
event_20250403_111740_d2e012b2,7,motion_detected/event_20250403_111740_d2e012b2/0001_6990_20250307_101724_frame_20250403_111736_000127.jpg,6990,2025-03-07 10:17:24,"Ambiente interno fechado, tipicamente de escritório ou recepção, bem iluminado por luz artificial. Imagens capturadas pela ""Câmera 01"", conforme marcação. O espaço possui balcão, poltronas, plantas em vasos e equipamentos eletrônicos – ambiente aparenta ser de escritório ou recepção moderna.","- Pessoas: Há pelo menos duas pessoas presentes, sendo uma de pé em frente a um balcão e outra sentada do outro lado, ambas interagindo ou dialogando normalmente ao longo da sequência.
  - Indicadores Objetivos de Risco:  
    - Não há indícios de forçar ou manipular portas, gavetas ou armários.
    - Não há manuseio suspeito de objetos/equipamentos; as ações observadas parecem compatíveis com atendimento ou conversa.
    - Não há movimentos rápidos ou erráticos pelo ambiente.
    - Não há ocultação ou remoção rápida de itens.
    - Não há vandalismo, agressão, hostilidade, armas sendo usadas, nem tentativas de esconder o rosto.
    - Portas e janelas aparentam estar íntegras.","Baixo, pois não foi observado nenhum dos indicadores objetivos de risco.","Alto, pois as imagens têm boa clareza, o ângulo é amplo e favorece a observação das ações das pessoas no ambiente, e não há ambiguidade relevante nas atividades registradas.",camera_analyzer_prompt_internal_closed,detailed,,False,False,Alto
event_20250408_154829_a5034a90,3,motion_detected/event_20250408_154829_a5034a90/0000_run_20250408_154829_frame.jpg,run,2025-04-08 15:48:29,"Vista externa de uma rua residencial, registrada durante o dia com iluminação natural forte e sombras visíveis. O local parece tranquilo, com casas e muros baixos ao fundo. Imagem identificada como ""Câmera 01"".","- Pessoas: Três pessoas inicialmente aparecem na rua, próximas uma da outra. Dois dos indivíduos parecem correr ou movimentar-se rapidamente, um deles se afastando dos demais.
   - Veículos: Um carro branco está estacionado próximo ao meio-fio, com uma pessoa visível no interior. O carro permanece parado durante a sequência.
   - Indicadores Objetivos de Risco:
     - Ações coordenadas: Dois indivíduos parecem correr em direção a um terceiro, que está se distanciando rapidamente, sugerindo possível tentativa de abordagem coordenada.
     - Forçar/manipular entradas: Não observado.
     - Vadiagem/permanência suspeita: Não claramente identificado, mas o comportamento dos pedestres é atípico.
     - Passagens lentas/repetidas de veículos: Não observado.
     - Veículos estacionados observando a propriedade: O carro branco permanece parado e pode estar em observação.
     - Motocicletas: Não observado.
     - Uso incomum de capuzes/máscaras/bonés: Não observado de forma clara.
     - Agressões, violência, armas: Não observados diretamente, mas a movimentação sugere situação de risco.","Alto, devido a possível ação coordenada entre indivíduos, com tentativa de abordagem/ataque sendo sugerida pelo contexto das imagens e fuga de uma das pessoas.","Médio, pois as imagens são relativamente nítidas e o ângulo permite visualização das ações, mas a baixa resolução e a ausência de detalhes claros (ex: identificação de objetos nas mãos) adicionam um certo grau de ambiguidade à interpretação exata dos eventos.",camera_analyzer_prompt_external_street,detailed,,False,True,Médio
event_20250402_173700_99de4379,6,motion_detected/event_20250402_173700_99de4379/0001_53862_20250301_082830_frame_20250402_173659_000073.jpg,53862,2025-03-01 08:28:30,"As imagens são de uma passagem lateral ou corredor de acesso, com vista para uma área externa privada (possivelmente fundos ou lateral do imóvel), delimitada por muros. A câmera está posicionada em um ponto elevado, captando o corredor com uma planta em primeiro plano e um portão no fundo. O horário é início da manhã (05:31), com iluminação artificial (provavelmente infravermelho, pois as imagens estão em preto e branco). Label da câmera: ""Camera 04"".","- Pessoas: Não há presença de pessoas na área externa monitorada em nenhum dos quadros analisados.
  - Indicadores Objetivos de Risco:
    - Não há pessoas presentes em locais ou horários incomuns.
    - Não há aproximação/interação com portas, janelas, muros ou portões.
    - Nenhum indício de tentativa de abertura ou intrusão nas conexões com o exterior.
    - Não há ninguém observando ativamente a propriedade nessa sequência.
    - Não há movimento inesperado ou sinais de intrusão visíveis.","Baixo, pois não foi identificado nenhum indicador objetivo de risco ou comportamento suspeito nas imagens analisadas.","Alto, pois as imagens apresentam boa clareza e luminosidade para a identificação de movimentos ou presença de pessoas, o ângulo da câmera cobre adequadamente a área de interesse, e as ações observáveis são claras e não ambíguas.",camera_analyzer_prompt_internal_to_outside,detailed,,False,False,Alto
event_20250402_140508_b3297f10,7,motion_detected/event_20250402_140508_b3297f10/0001_6896_20250219_153816_frame_20250402_140502_000093.jpg,6896,2025-02-19 15:38:16,"As imagens mostram a vista de uma câmera interna/semiaberta, aparentemente posicionada em uma garagem ou área coberta com piso de concreto e paredes parcialmente pintadas de amarelo e preto. A câmera está voltada para um portão metálico gradeado, com vista parcial para a rua/exterior, sob forte iluminação natural de dia claro. O local é provavelmente a entrada ou saída de veículos, identificado como ""Camera 14"" pelo label no canto da tela.","- Pessoas: Não há presença de pessoas em nenhuma sequência de imagens.
   - Indicadores Objetivos de Risco: 
      - Não há pessoas em áreas ou horários incomuns.
      - Ninguém se aproxima, interage ou tenta abrir o portão ou qualquer conexão com o exterior.
      - Não há sinais de observação suspeita, movimentos inesperados ou tentativa de intrusão (ex.: pular o portão).","Baixo, pois nenhum indicador de risco objetivo foi observado durante toda a sequência das imagens.","Alto, pois as imagens estão claras, o ângulo permite boa visão da área monitorada e não há ambiguidade nas ações observadas (ausência total de pessoas e eventos suspeitos).",camera_analyzer_prompt_internal_to_outside,detailed,,False,False,Alto
event_20250403_102756_6e6690ad,6,motion_detected/event_20250403_102756_6e6690ad/0001_17204_20250307_002852_frame_20250403_102756_000065.jpg,17204,2025-03-07 00:28:52,"Imagens capturadas de uma câmera externa voltada para uma rua, identificada como ""FRENTE L.D"". As imagens são noturnas, com iluminação artificial suficiente para visibilidade do pátio, cerca e calçada lateral. O local aparenta ser de acesso restrito, provavelmente residencial ou de um pequeno estabelecimento, cercado por muro baixo e posteamentos.","- Pessoas: Nenhuma pessoa visível nas imagens analisadas.
  - Veículos: Nenhum veículo visível nas imagens analisadas.
  - Indicadores Objetivos de Risco:
    - Não há sinais de forçamento/manipulação de entradas.
    - Não há presença de pessoas vadiando ou em permanência suspeita.
    - Não há passagens lentas nem repetidas de veículos ou motocicletas.
    - Nenhum veículo estacionado ou motocicleta parada/observando.
    - Não há sinais de uso incomum de capuzes, máscaras ou bonés.
    - Não há ações coordenadas entre indivíduos.
    - Não foi observada agressão, violência ou armas.","**Baixo**  
  Justificativa: Não foram observados indicadores de risco objetivo nas imagens apresentadas.","**Alto**  
  Justificativa: As imagens estão claras, com bom ângulo para identificar ações típicas de risco, e não há ambiguidade nas observações — o local está completamente vazio durante o período analisado.",camera_analyzer_prompt_external_street,detailed,,False,False,Alto
event_20250408_154827_5840dcfb,4,motion_detected/event_20250408_154827_5840dcfb/0000_sit_20250408_154827_frame.jpg,sit,2025-04-08 15:48:27,"Ambiente interno fechado, com paredes claras e lixeira visível ao fundo, iluminação artificia moderada. Ambiente aparenta ser uma sala pequena (possivelmente sala de segurança, escritório ou caixa eletrônico/ATM). Identificação da câmera não visível.","- Pessoas: Três pessoas presentes na cena. Um homem sentado, outro homem de pé (camiseta amarela), e outro em pé, interagindo com os demais.
  - Indicadores Objetivos de Risco:
    - Ações de possível coação/intimidação: homem de camiseta amarela passa de pé para sentado no chão, visivelmente em posição de autodefesa/capar, cobrindo o rosto.
    - Atitude corporal dos demais indicam aproximação e possível ameaça (posição intimidatória ou agressiva).
    - No terceiro e quarto quadros, o homem de amarelo parece estar sendo ameaçado ou intimidado pelos outros dois.
    - Ausência de agressão física explícita ou armas visíveis, mas movimentação e postura dos envolvidos sugerem risco objetivo.","Alto, devido a indicadores claros de coação, intimidação, possível ameaça e risco à integridade de uma das pessoas.","Alto, pois as imagens estão claras, os ângulos permitem boa visualização das interações e comportamentos, e as ações não deixam ambiguidade relevante quanto à percepção de risco.",camera_analyzer_prompt_internal_closed,detailed,,False,True,Alto
event_20250410_145302_bc2a40d7,10,motion_detected/event_20250410_145302_bc2a40d7/0000_robbery_20250410_145302_frame.jpg,robbery,2025-04-10 14:53:02,"As imagens mostram a vista de uma câmera de segurança interna/semiaberta, capturando uma área externa da propriedade (provavelmente uma garagem ou entrada de veículo com portão gradeado, acesso direto à rua). Iluminação natural de dia, boa visibilidade. Localização parece ser frente/fachada residencial (“Câmera 01”).","- Pessoas: Uma pessoa está presente junto ao portão externo, na calçada. Essa pessoa interage diretamente com o portão, aparentando tentar abrir ou forçar, e o tempo todo permanece próxima ao veículo estacionado dentro ou imediatamente atrás do portão. Em determinado momento, observa-se outro indivíduo na rua, aparentando correr ou fugir. A movimentação é rápida e tensa.
  - Indicadores Objetivos de Risco (observado):
    - Pessoa presente em horário e local incomum (muito próxima ao portão e veículo, no lado externo).
    - Ação de tentar abrir/forçar o portão (visível manipulação do portão/grelha).
    - Movimento de fuga de terceiros na rua, compatível com tentativa de evasão.
    - Sinais de nervosismo/pressa e tentativa de acessar/abrir o portão ou entrada.
    - Forte evidência de tentativa de intrusão ou fuga relacionada a incidente de segurança.","**Alto**. Justificativa: Foram observados diversos indicadores objetivos de risco — tentativa de acesso forçado (ou manipulação suspeita) ao portão, presença e movimentação de pessoas em situação claramente anômala e, especialmente, atitude de fuga. Situação compatível com tentativa de arrombamento/intrusão ou incidente de segurança.","**Alto**. Justificativa: As imagens apresentam boa clareza, ângulo adequado (mostrando bem a área de acesso e interação com o portão/veículo), e as ações são pouco ambíguas, mostrando claramente tentativas de acesso e movimentação suspeita. Fatores como visibilidade, sequência temporal e contexto aumentam a confiança na análise.",camera_analyzer_prompt_internal_to_outside,detailed,,True,True,Alto
event_20250410_145302_678f96dc,0,,,,N/A,,N/A,N/A,camera_analyzer_prompt_external_street,detailed,N/A,False,False,Unknown
event_20250410_145304_5df71c7c,11,motion_detected/event_20250410_145304_5df71c7c/0000_break-in_20250410_145304_frame.jpg,break-in,2025-04-10 14:53:04,"Vista externa de uma rua com calçada, à noite, sob iluminação artificial (provavelmente de postes e letreiro de loja). O local parece ser uma área comercial (fachada de estabelecimento com letreiro e grade metálica visível). Imagens da ""Câmera 01"".","- Pessoas: Duas pessoas presentes próximas à entrada de um estabelecimento, ambas de camiseta clara. As imagens mostram que as duas permanecem por vários segundos junto à porta ou grade do comércio.
   - Veículos: Nenhum veículo visível.
   - Indicadores Objetivos de Risco (Relatar se observado):
      - Forçar/manipular entradas (portões, portas): As duas pessoas parecem estar mexendo ou forçando a grade/entrada do estabelecimento, repetidamente, em todas as imagens.
      - Vadiagem/permanência suspeita perto da propriedade: Permanece por vários segundos no mesmo local, demonstrando possível intenção suspeita.
      - Outros indicadores: Não observados (sem veículos, uso aparente de capuzes/máscaras/bonés, ações violentas ou armas à vista).","Alto, devido à presença de duas pessoas aparentemente manipulando ou tentando forçar a entrada de um comércio à noite, permanecendo no mesmo ponto de acesso em sequência de imagens.","Alto, pois as imagens possuem boa clareza, o ângulo da câmera permite visualizar claramente as ações dos indivíduos e não há ambiguidade nas ações observadas (atividade repetitiva e direta sobre a entrada do comércio em horário sem movimento).",camera_analyzer_prompt_external_street,detailed,,True,True,Alto
event_20250410_145302_ce327081,10,motion_detected/event_20250410_145302_ce327081/0000_robbery_20250410_145302_frame.jpg,robbery,2025-04-10 14:53:02,"As imagens são de uma área externa semiaberta de um estabelecimento (possivelmente um bar ou restaurante), com vista para o estacionamento e parte da rua. O local está bem iluminado (final de tarde/início da noite), captado pela ""Câmera 01"".","- Pessoas: Várias pessoas presentes na área: algumas sentadas em mesas, outras em movimento. Nas imagens, observa-se um grupo de pessoas em pânico, algumas correndo em direção à rua; algumas aparentam portar armas e avançam rapidamente para fora, enquanto outras reagem assustadas, algumas abaixando-se ou protegendo-se.
  - Indicadores Objetivos de Risco:
    - Pessoas em áreas/horários incomuns: Não necessariamente incomum, pois o local parece funcionar normalmente nesse horário.
    - Aproximação/interação com portas, janelas, muros, portões: Não há interação suspeita com portas ou janelas no momento, mas há movimentação rápida de pessoas do interior para o exterior.
    - Tentativa de abrir/abrir conexões com o exterior: Pessoas vão rapidamente em direção à rua, saltando corrimão e correndo, o que indica fuga ou perseguição.
    - Observar a propriedade atentamente: Não é claramente visível, pois a maioria está em movimento rápido.
    - Movimento inesperado por passagens/áreas dos fundos: Existe sim, várias pessoas saem correndo em direção à rua (e não parece um movimento cotidiano ou natural).
    - Sinais claros de intrusão: Não há invasão vinda de fora, mas sim dispersão das pessoas internas.","**Alto**. Justificativa: O comportamento é extremamente incomum e sugere forte indicador de situação de risco (pânico, possível ameaça armada, fuga em massa), podendo estar relacionado a tentativa de roubo, ameaça ou conflito armado.","**Alto**. Justificativa: As imagens são claras, com ângulo amplo e iluminação adequada, permitindo observar rapidamente o pânico generalizado, a presença de objetos similares a armas de fogo, e o comportamento de fuga desesperada, todos inquestionáveis como indicadores de alto risco. Não há ambiguidade significativa nas ações principais.",camera_analyzer_prompt_internal_to_outside,detailed,,True,True,Alto
event_20250403_091449_291c9e77,10,motion_detected/event_20250403_091449_291c9e77/0001_55408_20250302_230353_frame_20250403_091449_000034.jpg,55408,2025-03-02 23:03:53,"As imagens mostram uma área externa privada (provavelmente um quintal frontal), vista parcialmente coberta, com portão de grade metálica olhando para a rua. O registro é à noite (cerca de 23h08, conforme o timestamp). A iluminação é adequada para visualização, provavelmente reforçada por luz artificial, possibilitando boa visibilidade dos elementos principais da área. Imagens capturadas pela ""Camera 03"".","- Não foram observadas pessoas presentes na área externa do imóvel durante toda a sequência de imagens.
  - Um carro branco passa pela rua em frente ao portão, mas não há registro de parada prolongada, aproximação de pedestres, tentativa de interação com o portão ou áreas do imóvel, nem movimentação suspeita próxima ao portão ou muros.
  - Não há indicações visíveis de tentativa de acesso, observação atenta da propriedade, movimentação em áreas dos fundos ou sinais de intrusão.","Baixo, pois não foi identificado nenhum indicador objetivo de risco nas imagens analisadas. O carro visto transitando na rua não apresenta comportamento suspeito em relação à propriedade monitorada.","Alto, pois as imagens possuem boa clareza, ângulo adequado para o monitoramento da área de interesse e ausência de ambiguidade nas ações observadas. Todos os fatores contribuem para uma avaliação confiável do cenário apresentado.",camera_analyzer_prompt_internal_to_outside,detailed,,False,False,Alto
event_20250402_150013_48010d5c,11,motion_detected/event_20250402_150013_48010d5c/0001_8986_20250221_093219_frame_20250402_150013_000010.jpg,8986,2025-02-21 09:32:19,"Imagens de câmeras de segurança em dois ambientes: 
   1. Ambiente interno fechado (aparentemente um depósito ou área de estoque, iluminação baixa, noturno ou pouco iluminado, identificado como ""Câmera 06""). 
   2. Ambiente externo (pátio com portão metálico azul, identificação ""Câmera 01"", iluminação natural, aparentemente diurna).","- Pessoas: Nenhuma pessoa visível nas sequências apresentadas.
   - Indicadores Objetivos de Risco:
      - Não foram observadas portas/gavetas/armários sendo forçadas, nem manuseio suspeito de objetos.
      - Não há movimento rápido, remoção ou ocultação de itens, vandalismo, esconderijo do rosto, portas/janelas arrombadas, agressões, violência ou armas.
      - Algumas imagens do ambiente interno apresentam falhas técnicas (imagem preta, logomarca do fabricante ou tela de configuração), indicando potencial indisponibilidade temporária da câmera.","Baixo, nenhuma ação suspeita, indicadores objetivos de risco ou presença de pessoas observados nas imagens.","Médio, as imagens possuem razoável clareza e boa iluminação no ambiente externo, mas há falhas/incertezas pontuais na sequência do ambiente interno (algumas imagens indecifráveis ou com interrupção do sinal), reduzindo parcialmente a confiança na avaliação completa do local.",camera_analyzer_prompt_internal_closed,detailed,,False,False,Médio
event_20250402_140749_066ae6aa,17,motion_detected/event_20250402_140749_066ae6aa/0001_6883_20250219_153816_frame_20250402_140749_000048.jpg,6883,2025-02-19 15:38:16,"Vista externa de rua urbana, filmada durante o dia, com boa iluminação (sol forte e sombras evidentes). O local aparenta ser misto, com características residenciais e possível presença comercial, devido ao movimento e calçadas adequadas. As imagens estão identificadas como provenientes da ""Câmera 01"".",,"Baixo, pois nenhuma atitude ou indicador objetivo de risco foi identificado na sequência observada.","Alto, pois as imagens possuem boa clareza, o ângulo permite a visualização de toda a calçada e da movimentação no local, e as ações observadas são claras, sem ambiguidade ou situações suspeitas perceptíveis.",camera_analyzer_prompt_external_street,detailed,,False,False,Alto
event_20250402_173805_511a00be,6,motion_detected/event_20250402_173805_511a00be/0001_53862_20250301_082830_frame_20250402_173801_000133.jpg,53862,2025-03-01 08:28:30,"As imagens são de uma câmera interna/semiaberta (“Camera 04”) com vista para a área externa de uma propriedade, provavelmente uma passagem lateral que leva até um portão de acesso à rua. O horário registrado é aproximadamente 05:33 da manhã, portanto, início do dia, ainda com baixa luminosidade, mas há iluminação artificial suficiente para visualização clara.","- Pessoas: Não há presença de pessoas visível nas imagens.
   - Indicadores Objetivos de Risco:
      - Não há pessoas presentes em área/horário incomum.
      - Não há pessoas aproximando-se ou interagindo com portas, janelas, muros ou portões.
      - Não há tentativas de abrir conexões com o exterior.
      - Não há observação atenta da propriedade pela área externa.
      - Não há movimentos inesperados em passagens ou áreas dos fundos.
      - Não há sinais de intrusão (como pular muro ou cerca).","Baixo, pois nenhum indicador de risco foi observado durante o período analisado.","Alto, pois as imagens estão claras, o ângulo da câmera permite boa visualização de toda a passagem e do portão, e não há ambiguidade nas ações (não há presença de pessoas ou movimentos suspeitos).",camera_analyzer_prompt_internal_to_outside,detailed,,False,False,Alto
event_20250402_150548_d33720ea,9,motion_detected/event_20250402_150548_d33720ea/0001_40425_20250221_185342_frame_20250402_150548_000004.jpg,40425,2025-02-21 18:53:42,"Sequência de imagens de uma área externa privada, aparentemente um jardim ou entrada lateral, com escada, corrimãos e vegetação. Iluminação natural durante o dia, boa visibilidade. Imagens da “Câmera 04”.","- Pessoas: Nas duas primeiras imagens, há a presença de uma pessoa no canto inferior esquerdo, aparentemente se deslocando para fora do campo de visão da câmera. Não há registro visível de interação dessa pessoa com portas, janelas, muros ou portões, e ela rapidamente sai do quadro nas imagens seguintes.
  - Indicadores Objetivos de Risco:
    - Pessoa presente brevemente na área externa, não claramente realizando ação suspeita.
    - Não há sinais de tentativa de acesso a portas, janelas, ou barreiras físicas.
    - Não há observação insistente da propriedade, nem comportamento típico de intrusão.
    - Não há movimento inesperado em áreas internas, nem sinais de invasão como pular muros.","**Baixo**. Justificativa: Uma pessoa foi registrada rapidamente na área externa, mas sem exibir comportamento suspeito ou interação com áreas de acesso restrito.","**Alto**. Justificativa: As imagens possuem boa iluminação e nitidez. A sequência permite observar o breve trajeto da pessoa, e não há ambiguidade significativa quanto às ações observadas. O ângulo da câmera é adequado para monitoramento do acesso.",camera_analyzer_prompt_internal_to_outside,detailed,,False,False,Alto
event_20250410_145304_ec9c81a1,11,motion_detected/event_20250410_145304_ec9c81a1/0000_climbing-wall_20250410_145304_frame.jpg,climbing-wall,2025-04-10 14:53:04,"Vista externa voltada para a rua de um condomínio residencial. O local está bem iluminado por luz artificial (luzes do prédio, portão e iluminação pública). Imagens à noite (horário marca entre 21:35:48 e 21:35:58). Label não visível, mas a interface típica sugere ""Câmera 01"".",,"Baixo, pois não foi observado nenhum indicador objetivo de risco nestas imagens.","Alto, pois as imagens estão nítidas, bem iluminadas e com ângulo adequado para a vigilância da área imediatamente próxima ao portão; as ações das pessoas ao fundo são típicas de transeuntes e não apresentam ambiguidade quanto à intenção.",camera_analyzer_prompt_external_street,detailed,,True,False,Alto
event_20250408_154828_93f6f29a,2,motion_detected/event_20250408_154828_93f6f29a/0000_gun_20250408_154828_frame.jpg,gun,2025-04-08 15:48:28,"Área interna de recepção com vista parcial para o exterior através de portas de vidro. Iluminação artificial, ambiente fechado, identificado como área de entrada/recepção (provavelmente de um edifício residencial ou comercial). Câmera posicionada em ângulo superior, abrangendo recepção, porta de entrada e área de espera. Imagens rotuladas conforme sequência temporal.","- Pessoas:
        - Três pessoas presentes: uma sentada na sala de espera (ao fundo), um funcionário/recepcionista atrás do balcão e outra pessoa (trajando escuro) próxima à entrada.
        - No segundo quadro, o indivíduo de preto está claramente apontando um objeto que parece ser uma arma de fogo em direção ao recepcionista, enquanto o homem próximo à porta levanta as mãos, indicando rendição.
    - Indicadores Objetivos de Risco (Observados):
        - Pessoa com comportamento ameaçador portando possível arma.
        - Ameaça explícita à integridade física dos presentes.
        - Ações condizentes com tentativa de assalto/roubo (abordagem direta a funcionários, mãos para cima).
        - Entrada forçada ou acesso não autorizado à área interna.","**Alto**, devido à presença clara de ameaça armada, atitude agressiva e potencial risco para a segurança física dos indivíduos presentes.","**Alto**, pois as imagens são suficientemente claras, ângulo favorece a identificação das ações e não há ambiguidade quanto ao risco evidenciado (ameaça armada explícita).",camera_analyzer_prompt_internal_to_outside,detailed,,True,True,Alto
event_20250403_091655_aab5dcac,13,motion_detected/event_20250403_091655_aab5dcac/0001_55407_20250302_230353_frame_20250403_091655_000002.jpg,55407,2025-03-02 23:03:53,"Vista externa de uma área frontal/portão de acesso de uma propriedade, com visão parcial da rua, calçada e parte do jardim/quintal. Iluminação noturna com boa luminosidade fornecida por iluminação pública e, possivelmente, do próprio imóvel. Câmera identificada como ""Câmera 02"".","- Pessoas: Há presença de pedestres caminhando na calçada em frente ao portão, aparentemente apenas de passagem (em sequência, uma pessoa sozinha e depois outra pessoa acompanhada, ambas continuam andando na calçada). 
  - Indicadores Objetivos de Risco:
    - Não há pessoas presentes em horários/locais incomuns (o horário é noturno, mas característico de circulação urbana).
    - Nenhuma pessoa se aproxima ou interage com o portão, portas, janelas ou muros da propriedade.
    - Não há tentativa de abrir conexões com o interior (portão, por exemplo).
    - Não há sinais de observação atenta à propriedade pelos pedestres.
    - Não há movimento inesperado por fundos/passagens internas.
    - Nenhum sinal visível de intrusão, escalada ou tentativa de entrada não autorizada.","Baixo, pois não há nenhum indicador objetivo de risco identificado nas imagens analisadas. O comportamento observado é compatível com circulação normal de pedestres em via pública.","Alto, as imagens estão claras, o ângulo permite boa visualização tanto da área interna quanto do portão/calçada, e não há ambiguidade nas ações observadas (os pedestres apenas transitam pela calçada, sem demonstrar interesse pela propriedade).",camera_analyzer_prompt_internal_to_outside,detailed,,False,False,Alto
event_20250410_145303_53f4d622,5,motion_detected/event_20250410_145303_53f4d622/0000_robbery_20250410_145303_frame.jpg,robbery,2025-04-10 14:53:03,"Ambiente interno fechado, possivelmente escritório administrativo pequeno ou sala técnica, com iluminação artificial (imagem em preto e branco indica provável uso de câmera infravermelha ou baixa luminosidade). Localização sugerida: ""Câmera 01"", com visão para uma bancada com equipamentos eletrônicos e porta.","- Pessoas: Duas pessoas presentes. Ambas estão agachadas e vestidas com roupas que aparentam volume e cobrem o corpo, sendo difícil a identificação facial. Uma delas aparentemente está verificando gavetas/armários, enquanto a outra parece auxiliar/manipular objetos próximos à bancada.
  - Indicadores Objetivos de Risco:
    - Manipulação de armários/gavetas de modo suspeito.
    - Postura corporal típica de ocultação (ambas com o corpo abaixado e parte do rosto coberta).
    - Provável tentativa de ocultar a identidade e ações rápidas junto a equipamentos/objetos.
    - Nenhuma evidência visível de violência física/agressões/armas no momento, mas há clara atuação suspeita.","Alto, em razão dos fortes indícios de tentativa de ocultação, manipulação suspeita de armários/gavetas e possível furto ou invasão, além do comportamento furtivo das pessoas presentes.","Alto, pois as imagens são claras, nítidas e com bom ângulo da cena, permitindo identificar ações objetivamente suspeitas (manipulação não usual de móveis e tentativas de esconder o rosto das câmeras).

Se desejar análise complementar quadro a quadro ou mais detalhes, por favor, especifique!",camera_analyzer_prompt_internal_closed,detailed,,True,True,Alto
event_20250402_170453_c09018c0,12,motion_detected/event_20250402_170453_c09018c0/0001_4992_20250228_161321_frame_20250402_170453_000026.jpg,4992,2025-02-28 16:13:21,"Câmera externa (“Câmera 06”) voltada para o que parece ser uma área residencial, com folhas grandes de plantas (provavelmente bananeiras) obstruindo parcialmente a visão da rua/entrada. Imagens em horário diurno, com boa iluminação solar.","- Pessoas: Não há pessoas visíveis nas imagens.
    - Veículos: Não há veículos visíveis nas imagens.
    - Indicadores Objetivos de Risco: 
        - Não há manipulação ou tentativa de forçar entradas.
        - Não há vadiagem/permanência suspeita observada.
        - Não há passagens de veículos, motos ou pessoas suspeitas visíveis.
        - Não há indícios de coordenação entre indivíduos.
        - Não há sinais de agressões, violência ou armas.
        - O campo de visão está bastante obstruído pelas folhas, limitando visibilidade para eventuais atividades na rua/entrada.",Baixo. Não foram observados indicadores objetivos de risco de segurança nas imagens apresentadas.,"Médio.  
    - Justificativa: As imagens estão claras quanto à iluminação, mas o ângulo e a obstrução pelas plantas limitam uma visão completa da área monitorada, o que pode ocultar movimentações relevantes. Isso reduz a confiança na avaliação, pois nem toda a área de risco está visível.",camera_analyzer_prompt_external_street,detailed,,False,False,Médio
event_20250405_210823_c277677b,28,motion_detected/event_20250405_210823_c277677b/0001_videoplayback_frame_20250405_210822_000002.jpg,videoplayback,,"Vista externa da rua em área residencial. O tempo está claro e ensolarado, tornando a iluminação muito boa. Câmera posicionada em altura média em frente a uma casa, cobrindo uma rua com casas térreas e vários carros estacionados. Label das imagens: ""Câmera 01"".",,"Alto, devido ao flagrante de ação coordenada envolvendo descida rápida de pessoas de um veículo, permanência mínima em frente à propriedade e retorno imediato—todos fortes indicadores objetivos de conduta suspeita ou criminosa.","Alto, pois as imagens são claras, bem iluminadas, com ângulo adequado para observação dos veículos e pessoas. As ações são pouco ambíguas e seguem o padrão de abordagem rápida tipicamente associada a tentativas ou práticas criminosas em contexto urbano residencial.",camera_analyzer_prompt_external_street,detailed,,True,True,Alto
event_20250408_154827_fa7d2be8,2,motion_detected/event_20250408_154827_fa7d2be8/0000_throw_20250408_154827_frame.jpg,throw,2025-04-08 15:48:27,"Vista para um quintal gramado privado com cercas altas de madeira, localizado nos fundos de uma residência. Iluminação diurna, horário registrado às 15:36. Câmera fixa em posição elevada, ângulo aberto mostrando todo o quintal, parte da construção e das cercas. Rótulo da câmera: ""Cam 03"".","- Na primeira imagem, não há pessoas presentes na área externa visível.
  - Na segunda imagem, uma pessoa é vista no topo da cerca do lado direito, aparentando estar em movimento para dentro ou fora da propriedade.
  - Indicadores Objetivos de Risco:
    - Pessoa presente em local incomum (em cima da cerca).
    - Sinal claro de possível intrusão: ação de transpor o muro/fence.","Alto, pois foi observado indicador objetivo de risco (pessoa sobre a cerca, sugerindo tentativa de intrusão ou deslocamento não autorizado).","Alto, pois as imagens possuem boa clareza, o ângulo permite observar os principais pontos vulneráveis do perímetro, e a ação da pessoa está pouco ambígua (ato de transpor a cerca é claro).",camera_analyzer_prompt_internal_to_outside,detailed,,True,True,Alto
event_20250408_154826_2a63d2a6,3,motion_detected/event_20250408_154826_2a63d2a6/0000_lying_down_20250408_154826_frame.jpg,lying,,"Vista externa, provavelmente garagem ou vaga de estacionamento próxima à rua. Iluminação diurna, boa visibilidade. Local de característica residencial ou comercial leve. Imagens rotuladas como ""Câmera 01"".","- Pessoas: Um indivíduo deitado no chão ao lado de um carro azul, aparentemente realizando manutenção ou inspeção sob o veículo, utilizando macacão e acessório de rodinhas. Não há sinais claros de comportamento suspeito, agressivo ou invasivo.
   - Veículos: Um carro azul parado com porta aberta. Não há presença de motocicletas ou movimento de veículos observado nesse corte temporal.
   - Indicadores Objetivos de Risco: Não foram observados forçamento de entradas, vadiagem, passagens lentas/repetidas, veículos ocupados observando, uso incomum de capuzes/máscaras, ações coordenadas, violência ou armas.",Baixo. Não há nenhum indicador objetivo de risco observado nas imagens; atividade parece legítima (manutenção de veículo).,"Alto. Imagens são claras, ângulo permite observar as ações do indivíduo, e não há ambiguidade relevante nos comportamentos registrados.",camera_analyzer_prompt_external_street,detailed,,False,False,Alto
event_20250403_091957_b1140755,6,motion_detected/event_20250403_091957_b1140755/0001_55406_20250302_230353_frame_20250403_091957_000024.jpg,55406,2025-03-02 23:03:53,"Imagens externas de uma rua, provavelmente em região residencial (há prédios e jardins bem cuidados na frente). Iluminação noturna artificial adequada. As imagens são da “Câmera 01”.",,"Baixo, nenhuma atitude suspeita ou indicador objetivo de risco foi observado nas imagens; movimento de pessoas e veículos parece normal para o contexto urbano residencial.","Alto, as imagens apresentam boa claridade, campo de visão aberto e sem ambiguidade nas ações dos envolvidos, o que permite boa avaliação da situação.",camera_analyzer_prompt_external_street,detailed,,False,False,Alto
event_20250403_101142_7b6e80c2,8,motion_detected/event_20250403_101142_7b6e80c2/0001_17201_20250307_002851_frame_20250403_101142_000035.jpg,17201,2025-03-07 00:28:51,"Vista externa de rua à noite (21:15), com iluminação razoável proporcionada provavelmente por refletores da propriedade e luzes dos veículos. O local aparenta ser uma área residencial pela presença de calçada, cerca e lixo na calçada. Imagens da ""Câmera 01"" (label: ""Frente,L,E"").","- Pessoas: Não há pessoas visíveis nas imagens analisadas.
   - Veículos: Um carro claro passa normalmente pela rua (aproxima, transita e se afasta). Nenhuma motocicleta presente. O veículo não para nem reduz a velocidade de forma atípica.
   - Indicadores Objetivos de Risco:
      - Não há manipulação de portão/porta observada.
      - Não há vadiagem ou permanência suspeita.
      - O veículo faz apenas uma passagem, sem comportamento suspeito ou repetição.
      - Não há veículos parados observando a propriedade.
      - Não há motocicletas envolvidas.
      - Não há uso incomum de capuzes/máscaras/bonés.
      - Não há ações coordenadas entre indivíduos.
      - Não há indícios de violência/agressão/armas.","Baixo, não há quaisquer indicadores objetivos de risco presentes nas imagens.","Alto, a nitidez das imagens é adequada e o ângulo permite boa visualização das ações. O cenário está claro, sem ambiguidade nas movimentações observadas.",camera_analyzer_prompt_external_street,detailed,,False,False,Alto
event_20250403_091629_66f321a3,8,motion_detected/event_20250403_091629_66f321a3/0001_55408_20250302_230353_frame_20250403_091629_000132.jpg,55408,2025-03-02 23:03:53,"Imagens de uma câmera interna/semiaberta visualizando a área externa de uma propriedade, mais especificamente a visão de um quintal ou jardim na frente ou lateral, abrangendo portão e parte da rua externa. O horário registrado nas imagens é noturno, com iluminação artificial suficiente para visualização. As imagens têm o label ""Camera 03"".","- Pessoas: Não há presença de pessoas na área externa da propriedade em nenhum dos quadros.
  - Indicadores Objetivos de Risco:
    - Não foi observada presença de pessoas em locais ou horários incomuns.
    - Não há registro de tentativa ou aproximação de portas, janelas, muros ou portões por pessoas.
    - Não é observado ninguém tentando abrir ou interagir com conexões com o exterior.
    - Não há pessoas observando atentamente a propriedade a partir da área externa.
    - Não há movimento inesperado por passagens ou áreas dos fundos.
    - Não há sinais claros de intrusão, como pular cerca ou muro.
  - Observa-se movimentação normal de um veículo pela rua em frente à propriedade (primeiras imagens), sem interação alguma com a residência.","Baixo, pois nenhum indicador objetivo de risco foi identificado nas imagens analisadas. Toda movimentação está restrita à via pública e não há sinais ou ações suspeitas nas proximidades diretas do imóvel.","Alto, pois as imagens apresentam boa clareza, ângulo adequado para vigilância da área desejada e ausência de ambiguidade nas ações observadas. Todos os fatores permitem avaliação segura das condições mostradas.",camera_analyzer_prompt_internal_to_outside,detailed,,False,False,Alto
event_20250403_091507_668f82d1,30,motion_detected/event_20250403_091507_668f82d1/0001_55408_20250302_230353_frame_20250403_091505_000050.jpg,55408,2025-03-02 23:03:53,"Vista externa de uma rua durante o período noturno (por volta das 23h-00h), com iluminação de postes públicos visível. O local aparenta ser uma área urbana, provavelmente residencial ou mista. Imagens provenientes da ""Câmera 03"", captando portão, calçada e a via pública.","- Pessoas: Em algumas imagens, nota-se passagem de uma pessoa caminhando pela calçada, atravessando o campo de visão rapidamente.
  - Veículos: Há circulação de carros pela rua, em ambos os sentidos, em intervalos relativamente curtos. Não há motocicletas visíveis nas imagens fornecidas.
  - Indicadores Objetivos de Risco:
      - Não há sinais de pessoas tentando forçar ou manipular entradas (portões/portas).
      - Não se observa vadiagem ou permanência suspeita de pessoas próximas à propriedade.
      - Os veículos passam em velocidade compatível com trânsito normal e não aparentam reduzir ou observar a propriedade sistematicamente.
      - Não há veículos parados ou ocupados observando a propriedade.
      - Não há motocicletas observando, desacelerando ou paradas na área.
      - Não foi observado uso incomum de capuzes, máscaras ou bonés nas imagens analisadas.
      - Não há ações coordenadas entre pessoas.
      - Não há agressões, violência ou armas visíveis nas imagens.","Baixo, pois nenhum indicador objetivo de risco foi observado nas imagens analisadas.","Alto, pois as imagens apresentam boa nitidez, iluminação suficiente e mostram claramente as ações das pessoas e veículos presentes, sem ambiguidade relevante nas atividades observadas.",camera_analyzer_prompt_external_street,detailed,,False,False,Alto
event_20250403_101234_154d0025,12,motion_detected/event_20250403_101234_154d0025/0001_17201_20250307_002851_frame_20250403_101234_000086.jpg,17201,2025-03-07 00:28:51,"Vista externa da rua em ambiente aparentemente residencial, com cercas e portões visíveis. As imagens foram capturadas à noite (por volta de 21:16/21:17) com iluminação artificial predominante na área próxima à propriedade (possivelmente refletores ou iluminação pública). O local está identificado como ""Frente, L, E"", sugerindo ângulo da câmera voltado para frente e lateral esquerda do imóvel.","- Pessoas: Não há pessoas visíveis nas imagens.
  - Veículos: Sequência mostra a passagem de uma van de cor clara, que se aproxima com faróis acesos partir da lateral esquerda da imagem, segue pela rua, e avança até sair do enquadramento à direita. O veículo passa sem desacelerar, sem parar ou realizar manobra próxima ao portão. Não há registros visíveis de outros veículos ou motocicletas.
  - Indicadores Objetivos de Risco:
    - Não foi observado nenhum veículo estacionado, ocupante observando a propriedade, ou qualquer tipo de abordagem ao portão/fachada.
    - Não há ação suspeita ou coordenada entre indivíduos.
    - Não foi identificado uso de capuz/máscara/boné ou qualquer comportamento atípico de pessoas.
    - Não foram observadas agressões, violência ou presença de armas.","Baixo, pois não há registro de nenhum indicador objetivo de risco. A van apenas transita normalmente pela via, sem demonstrar interesse pela propriedade monitorada.","Alto, pois as imagens são claras, com iluminação suficiente, o ângulo permite observar bem o portão, calçada e parte da rua, e as ações dos veículos são nítidas e não ambíguas. Não há elementos encobertos ou situações de baixa visibilidade na sequência apresentada.",camera_analyzer_prompt_external_street,detailed,,False,False,Alto
event_20250408_154827_284d5dd6,6,motion_detected/event_20250408_154827_284d5dd6/0000_walk_20250408_154827_frame.jpg,walk,2025-04-08 15:48:27,"Vista externa de uma rua residencial, sob boa iluminação diurna (provavelmente final da tarde devido ao ângulo da luz). Câmera posicionada em uma parede lateral da residência, apontando para a calçada e parte do jardim frontal. Local aparentemente tranquilo, com gramado, calçada de acesso e pequena área de pedras. Label das imagens: sem identificação explícita, mas pode-se considerar ""Câmera 01"".","- Pessoas: Apenas uma pessoa observada cruzando a calçada ao fundo, do campo esquerdo para o direito, caminhando de maneira contínua, sem parar próximo à residência. Não apresenta comportamento suspeito óbvio (sem parada, sem olhares repetitivos, sem aproximação à propriedade).
  - Veículos: Nenhum veículo visível nas imagens, inclusive motocicletas.
  - Indicadores Objetivos de Risco:  
    - Não há sinais de manipulação de entradas, vadiagem ou permanência na área próxima à residência.
    - Não há passagem de motocicletas, veículos parados ou ações coordenadas.
    - A pessoa presente não faz uso incomum de máscara, capuz ou boné, nem exibe ações agressivas ou articuladas.","Baixo, pois nenhuma atitude suspeita ou indicador objetivo de risco foi observado durante toda a sequência de imagens.","Alto, pois as imagens estão claras, o ângulo da câmera permite boa visibilidade do cenário, e as ações da pessoa observada são nítidas e pouco ambíguas, facilitando a análise.",camera_analyzer_prompt_external_street,detailed,,False,False,Alto
event_20250403_110215_e1fda258,6,motion_detected/event_20250403_110215_e1fda258/0001_6984_20250307_101724_frame_20250403_110215_000004.jpg,6984,2025-03-07 10:17:24,"Vista externa de uma rua, aparentemente área urbana/possivelmente comercial ou mista (há calçadas largas, árvores e sinalização). É dia, iluminação natural clara. Câmera identificada como ""Camera 01"".","- Pessoas: Um indivíduo sentado sob um guarda-sol, nas imagens à esquerda, aparenta estar apenas usando o celular e permanece no local durante toda a sequência. Sem interação com outras pessoas ou atitude suspeita.
  - Veículos: Um carro branco atravessa a rua (visível nas imagens 3 e 4), em movimento contínuo, sem sinais de parada ou comportamento suspeito.
  - Indicadores Objetivos de Risco:
      - Forçar/manipular entradas: Não observado.
      - Vadiagem ou permanência suspeita: O indivíduo sentado parece ser um funcionário ou pessoa aguardando, sem atitude suspeita.
      - Passagens lentas/repetidas de veículos: Não observado.
      - Veículos estacionados observando: Não observado.
      - Motocicletas observando/parando: Não observado.
      - Uso de capuzes/máscaras/bonés: Não observado.
      - Ações coordenadas: Não observado.
      - Agressões/violência/armas: Não observado.","Baixo, pois nenhum indicador de risco objetivo foi observado. O movimento de veículos e a presença do indivíduo sentado aparentam ser normais para o contexto.","Alto, pois as imagens estão claras, o ângulo é adequado para observar o ambiente, e as ações registradas são objetivamente interpretáveis, sem ambiguidade.",camera_analyzer_prompt_external_street,detailed,,False,False,Alto
event_20250410_145302_6b645c08,20,motion_detected/event_20250410_145302_6b645c08/0000_altercation_20250410_145302_frame.jpg,altercation,2025-04-10 14:53:02,"Vista externa de uma rua residencial à noite, iluminação suficiente (provavelmente iluminação pública e luzes de casas). Local aparenta ser tranquilo, com veículos estacionados na via pública. As imagens têm label da câmera ""Intelbras"" e o horário marca por volta de 19h08-19h09.",,"Alto, pois há indicadores claros de risco: manipulação forçada de portão, tentativa de agressão com objeto contundente e conflito direto entre pessoas, sugerindo ameaça imediata à segurança dos moradores da residência.","Alto, pois a sequência de imagens é clara, bem iluminada, o ângulo permite visualizar claramente as ações do homem, e a agressão/manipulação é objetiva e inequívoca. A ambiguidade das ações é mínima.",camera_analyzer_prompt_external_street,detailed,,True,True,Alto
event_20250403_114825_0411cb11,16,motion_detected/event_20250403_114825_0411cb11/0001_7640_20250307_134155_frame_20250403_114825_000030.jpg,7640,2025-03-07 13:41:55,"Vista externa de uma rua ou corredor lateral, aparentemente em ambiente residencial/comercial. As imagens são diurnas, com forte iluminação solar, e capturadas pela câmera rotulada “RAMPA”.","- Pessoas: Não há pessoas visíveis nas imagens.
  - Veículos: Não há veículos visíveis, inclusive motos, nas imagens.
  - Indicadores Objetivos de Risco:  
    - Não foi observado forçamento ou manipulação de entradas.
    - Não há permanência suspeita próxima à propriedade.
    - Não houve passagens lentas ou repetidas de veículos.
    - Não há veículos estacionados observando o local.
    - Não foi identificada presença de motocicletas, pessoas com capuzes/máscaras/bonés, ações coordenadas, agressões, violência ou uso de armas.","Baixo, pois nenhum indicador objetivo de risco foi observado durante o período analisado.","Alto, pois a clareza das imagens é adequada, o ângulo cobre bem a área monitorada e não há ambiguidades nas ações (ou ausência delas).",camera_analyzer_prompt_external_street,detailed,,False,False,Alto
event_20250408_154828_a45f416a,4,motion_detected/event_20250408_154828_a45f416a/0000_run_20250408_154828_frame.jpg,run,2025-04-08 15:48:28,"Vista externa de uma rua ou pátio industrial/comercial durante a noite (iluminação artificial, ambiente escuro). O tipo do local parece comercial/industrial, com galpões ao redor. Câmera identificada como ""Front Door"".","- Pessoas: Um indivíduo desce de um veículo utilitário pequeno (parece uma van branca) e caminha em direção ao canto esquerdo da cena (próximo ao prédio).
  - Veículos: Um veículo utilitário branco para em frente ao prédio/comércio; o motorista sai e o veículo permanece parado.
  - Indicadores Objetivos de Risco:
    - Pessoa desembarca do veículo e caminha em direção ao portão/entrada, aparentemente observando ou se aproximando da propriedade fora do horário comercial.
    - Movimento noturno próximo à entrada de um local comercial/industrial (potencial vadiagem/permanência suspeita perto da propriedade).
    - Não há evidências claras de manipulação de portões, violência, ações coordenadas, máscaras/capuzes, invasão, ou abordagens armadas nesta sequência.","**Alto**. Justificativa: O principal fator para a classificação de risco elevado é a presença de uma pessoa desembarcando de um veículo e se aproximando da entrada de uma propriedade comercial/industrial à noite, cenário normalmente associado a riscos de invasão ou furto.","**Alto**. Justificativa: As imagens estão claras e bem iluminadas para análise, o ângulo da câmera é adequado, e as ações observadas são pouco ambíguas – há clara aproximação e permanência junto à propriedade em horário suspeito.",camera_analyzer_prompt_external_street,detailed,,False,True,Alto
event_20250408_154830_8534a9f2,4,motion_detected/event_20250408_154830_8534a9f2/0000_sneak_20250408_154830_frame.jpg,sneak,2025-04-08 15:48:30,"Ambiente interno fechado, aparentando ser uma sala de estar residencial. Iluminação noturna, possivelmente infravermelho (baixa luz), capturada por “Câmera 01”. Móveis de uso comum como sofás, mesa de centro e objetos decorativos estão presentes.","Duas pessoas adultas estão presentes. Ambas se movimentam de maneira agachada ou rastejando, evitando ficar em pé, e parecem deslocar-se de forma cautelosa pelo ambiente. Não é observada manipulação agressiva de portas, gavetas ou armários, tampouco há sinais visíveis de arrombamento, violência, ou manuseio de objetos/equipamentos de modo claro no momento capturado. A postura e movimentação sugerem tentativa de ocultar-se ou agir furtivamente.","Alto, há forte indicação de risco devido à movimentação furtiva/agachada pelo ambiente, comportamento compatível com tentativa de evitar ser visto (indicador: ocultar-se ativamente da vista da câmera/movimento suspeito).","Alto, pois as imagens estão nítidas, o ângulo oferece boa visão das ações dos indivíduos, e o comportamento capturado é objetivo e pouco ambíguo para fins de avaliação de segurança.",camera_analyzer_prompt_internal_closed,detailed,,False,True,Alto
event_20250408_154828_714f6d56,2,motion_detected/event_20250408_154828_714f6d56/0000_gun_20250408_154828_frame.jpg,gun,2025-04-08 15:48:28,"Ambiente interno fechado, possivelmente uma loja de conveniência ou supermercado. Iluminação artificial clara e uniforme. As imagens são da ""Câmera 01"", com data e hora visíveis (13/02/2012, por volta das 20:23h).","- Pessoas presentes: Três pessoas visíveis próximas ao balcão. 
    - Um indivíduo em destaque usa moletom com capuz (levemente levantado, dificultando visualização do rosto).
    - A pessoa com moletom parece interagir/aproximar-se rapidamente do atendente (lado oposto ao balcão).
    - Postura dos presentes indica possível tensão ou movimentação atípica.
  - Indicadores objetivos de risco observados:
    - Um dos indivíduos parece esconder parcialmente o rosto (capuz) e se posiciona de forma suspeita.
    - Um movimento rápido de aproximação na direção do balcão/atendente, condizente com situação de roubo ou ameaça.
    - Não é possível identificar claramente arma ou violência nas imagens analisadas, mas há sinais de movimentação fora do comportamento esperado.","Alto, devido à presença de indicação clara de comportamento suspeito (aproximação rápida, capuz cobrindo parcialmente o rosto, ambiente que sugere possível tentativa de assalto ou ameaça, especialmente por horários e contexto de loja).","Médio, pois apesar de a qualidade das imagens permitir identificar movimentação e contexto, não é possível afirmar com total clareza sobre a exibição de arma ou violência física direta. Há indícios objetivos de risco, mas falta clareza absoluta dos detalhes críticos.",camera_analyzer_prompt_internal_closed,detailed,,True,True,Médio
event_20250403_092010_6fe6424e,10,motion_detected/event_20250403_092010_6fe6424e/0001_55406_20250302_230353_frame_20250403_092005_000031.jpg,55406,2025-03-02 23:03:53,"As imagens mostram a vista de uma área externa privada (frente de uma residência ou prédio), visualizada por uma câmera voltada para a rua. O horário indicado nas imagens é noturno (aproximadamente entre 23:03:15 e 23:03:34), com boa iluminação pública e luzes prediais acesas. O ambiente consiste em portão fechado, calçada, alguns veículos estacionados na rua e plantas/garden na lateral. As imagens são rotuladas como ""Câmera 01"".",,"Baixo, pois não há nenhum dos indicadores objetivos de risco observados (todas as ações parecem compatíveis com circulação normal em via pública aberta).","Alto, pois as imagens são claras, com boa iluminação, sem ângulos mortos e as ações das pessoas observadas são inequívocas (trânsito normal na via, sem ambiguidade de movimentos).",camera_analyzer_prompt_internal_to_outside,detailed,,False,False,Alto
event_20250402_134706_4376a9ef,8,motion_detected/event_20250402_134706_4376a9ef/0001_6888_20250219_153816_frame_20250402_134706_000056.jpg,6888,2025-02-19 15:38:16,"Ambiente interno fechado, aparentemente o interior de um elevador (pelas paredes metálicas, botões e portas automáticas visíveis). Iluminação artificial adequada, local identificado como ""Câmera 06"". As imagens foram registradas durante o dia (horário aproximado 12:49).","Não há presença de pessoas nas imagens em toda a sequência fornecida. Não foram observados sinais de arrombamento nas portas, nem manipulações suspeitas dos comandos do elevador, nem presença de objetos fora do comum, nem dano aparente ao patrimônio.
  - Nenhum indicador objetivo de risco identificado: 
    - Não há manipulação de portas, armários ou equipamentos.
    - Nenhum movimento rápido ou errático visível.
    - Nenhuma tentativa de ocultar ou remover itens.
    - Nenhum ato de vandalismo, violência, ou indicação de arma.
    - Sem sinais de portas/janelas arrombadas.","Baixo, pois nenhum indicador de risco foi observado nas imagens analisadas.","Alto, pois as imagens apresentam boa clareza, ângulo adequado cobrindo todo o interior do elevador e não há ambiguidade em relação às ações ou ausência de pessoas no ambiente.",camera_analyzer_prompt_internal_closed,detailed,,False,False,Alto
event_20250410_145302_e3f6e863,13,motion_detected/event_20250410_145302_e3f6e863/0000_robbery_20250410_145302_frame.jpg,robbery,2025-04-10 14:53:02,"Ambiente interno fechado, aparentemente uma pequena recepção de escritório (provavelmente consultório ou empresa). Iluminação natural pela porta/grade e luz interna razoável. Imagens das 10:28h da manhã (hora do dia bem iluminada). Câmera com vista ampla da sala frontal de atendimento (“Ideal Tecnologia” na parede).","- Pessoas: Três pessoas inicialmente presentes (2 sentadas, 1 de pé); posteriormente, um dos sentados levanta e ambos caminham pela sala, demonstrando movimentação rápida e suspeita. Um dos indivíduos parece orientar/coagir outro a ir para o corredor/sala interna, havendo clara manipulação ao empurrar pessoas em direção à porta.","**Alto**. Justificativa: Pelo menos dois indicadores objetivos de risco observados – movimentação suspeita/forçada, possível coação/intimidação ativa, além do contexto e dinâmica claramente semelhantes a uma situação de assalto ou ameaça.","**Alto**. Justificativa: As imagens estão claras, o ângulo permite boa visão das ações e não há ambiguidade significativa nos comportamentos observados (postura dominante de um, submissão/coação de outros). Dinâmica muito compatível com ocorrência criminosa.",camera_analyzer_prompt_internal_closed,detailed,,True,True,Alto
event_20250410_145304_750feb15,21,motion_detected/event_20250410_145304_750feb15/0000_climbing-wall_20250410_145304_frame.jpg,climbing-wall,2025-04-10 14:53:04,"Vista externa de uma rua, aparentemente residencial, durante a madrugada (por volta de 1h24, conforme timestamp nas imagens). Iluminação noturna com baixa luz, imagens em preto e branco. Câmera 01.","- Pessoas: Dois indivíduos caminhando pela rua. Um deles carrega um grande saco plástico (parece ser reciclável), o outro está ao lado. Ambos caminham juntos e em determinado momento um deles se aproxima do portão da residência e tenta manipular/forçar a entrada.
  - Veículos: Nenhum veículo observado durante a sequência.
  - Indicadores Objetivos de Risco observados:
    - Manipulação/forçar entrada em portão/porta (visível em várias imagens).
    - Permanência suspeita próximo à propriedade.
    - Ações coordenadas entre os dois indivíduos.","Alto, pois há tentativa clara de manipulação ou forças de entrada no portão, além do comportamento coordenado e suspeito dos indivíduos em plena madrugada.","Alto, pois as imagens estão nítidas, o ângulo permite observar claramente as ações e não há ambiguidade de comportamento — a tentativa de abrir/forçar o portão é evidente.",camera_analyzer_prompt_external_street,detailed,,True,True,Alto
event_20250410_145303_9ad868ab,14,motion_detected/event_20250410_145303_9ad868ab/0000_robbery_20250410_145303_frame.jpg,robbery,2025-04-10 14:53:03,"Vista externa de uma rua residencial, com boa iluminação natural (luz do dia). Local tranquilo, com poucas pessoas e veículos visíveis. Imagens provenientes da ""Câmera 01"", conforme timestamp.","- Pessoas: Duas pessoas inicialmente próximas a um veículo prata. Uma delas parece sair do carro ou se aproximar. Em seguida, uma pessoa usando capuz e/ou máscara desce do veículo com atitude decidida e postura agressiva, apontando objeto (provavelmente arma) para outro indivíduo. Após isso, a vítima se afasta rapidamente enquanto o indivíduo mascarado volta para o carro.  
   - Veículos: Um automóvel prata é destaque, permanecendo com as portas abertas durante parte da sequência. Outro veículo não é observado.
   - Indicadores Objetivos de Risco:
     - Agressão/Violência/Arma sendo usada: Sim, há clara intimidação e possível uso de arma.
     - Uso incomum de capuz/máscara/boné: Sim, uma pessoa usa roupas que dificultam a identificação.
     - Ações coordenadas entre indivíduos: Sim, os ocupantes do carro parecem atuar em conjunto.
     - Vítima forçada a se afastar sob ameaça: Sim.
     - Veículo estacionado em atitude suspeita: O carro para em local pouco movimentado, com ação rápida dos ocupantes.","Alto, devido à presença de arma, ação coordenada de abordagem e intimidação à vítima, e uso de roupas visando ocultação de identidade.","Alto, pois as imagens são claras, o ângulo permite boa visualização dos fatos e as ações observadas não deixam dúvidas quanto à gravidade do risco.",camera_analyzer_prompt_external_street,detailed,,True,True,Alto
event_20250410_145304_2bed5305,12,motion_detected/event_20250410_145304_2bed5305/0000_climbing-wall_20250410_145304_frame.jpg,climbing-wall,2025-04-10 14:53:04,"Vista externa de uma rua residencial, durante o dia (boa iluminação natural), capturada pela ""Câmera 01"". O muro possui cerca elétrica e concertina, comuns em áreas residenciais para reforço de segurança.","- Pessoas: Um homem, com boné e camiseta escura, está tentando escalar o muro da propriedade. Ele interage diretamente com a concertina (barreira espiralada), tentando aparentemente atravessá-la ou removê-la, demonstrando esforço físico e persistência ao longo da sequência.
  - Veículos: Nenhum veículo visível ou em atividade relevante na área monitorada.
  - Indicadores Objetivos de Risco Observados:
    - Forçar/manipular entradas (tentativa clara de superar barreira de proteção física da propriedade).
    - Ação claramente suspeita e potencialmente ilícita (escalar muro com concertina).
    - Atitude furtiva: não há sinais de autorização ou contextos normais para esse tipo de ação.","Alto, pois há tentativa clara de violação da propriedade, manipulação de barreira física e comportamento altamente suspeito.","Alto, pois as imagens estão claras, o ângulo da câmera permite boa visão da ação, e não há ambiguidade no comportamento do indivíduo (tentativa evidente de transpor o muro com concertina, conduta que representa alto risco de segurança).",camera_analyzer_prompt_external_street,detailed,,True,True,Alto
event_20250403_091138_c85f8cb2,12,motion_detected/event_20250403_091138_c85f8cb2/0001_55410_20250302_230353_frame_20250403_091138_000004.jpg,55410,2025-03-02 23:03:53,"As imagens mostram uma área externa privada, possivelmente um jardim frontal ou lateral junto a um portão de garagem, com vista parcial para a rua. O local está iluminado por luz artificial (refletindo áreas claras e sombras), indicando que é período noturno. As imagens são da ""Câmera 05"", com bom alcance sobre a área verde interna, passagem e portão.","- Pessoas: Não há pessoas visíveis em nenhuma das imagens da sequência.
  - Indicadores Objetivos de Risco:
     - Não há presença de pessoas em áreas ou horários incomuns.
     - Ninguém se aproxima ou interage com portas, janelas, muros ou portões.
     - Não há tentativa de abrir conexões com o exterior.
     - Não há indícios de observação atenta da propriedade.
     - Nenhum movimento inesperado por áreas de fundos ou passagens.
     - Não há sinais de intrusão como pular cerca/muro.
  - Apenas transeuntes e veículos do lado de fora, na rua, podem ser vistos em alguns quadros, mas sem interação com a propriedade.","Baixo, pois nenhum dos indicadores objetivos de risco foi observado durante toda a sequência analisada.","Alto, pois as imagens estão nítidas, o ângulo da câmera cobre bem a área vulnerável (jardim e acesso ao portão), e não há ambiguidade nas ações (nenhuma ação suspeita foi detectada).",camera_analyzer_prompt_internal_to_outside,detailed,,False,False,Alto
event_20250408_154826_0a86d63c,4,motion_detected/event_20250408_154826_0a86d63c/0000_grab_20250408_154826_frame.jpg,grab,2025-04-08 15:48:26,"Ambiente interno fechado, aparenta ser uma loja de atendimento ao cliente (possível agência bancária ou loja de eletrônicos), bem iluminado durante o dia. As imagens são da “Câmera 01”, com visão sobre um balcão de atendimento e terminal de autoatendimento.","- Pessoas: Quatro pessoas são observadas no local – duas atrás do balcão (possíveis funcionários) e duas na parte do cliente. Uma dessas pessoas, com moletom marrom, está interagindo com o pessoal do balcão, estendendo seu braço na direção deles; outra pessoa (de boné azul e bege) não demonstra interação direta, aparentando usar um celular.
  - Indicadores Objetivos de Risco: 
    - Não há sinais claros de forçar/manipular portas, gavetas ou armários.
    - Não há manuseio de objetos suspeitos ou removidos rapidamente.
    - Não há movimentos rápidos ou erráticos pelo local – o comportamento dos envolvidos parece calmo.
    - Não há agressões, vandalismo, tentativas de esconder o rosto, ou violência observada.
    - As portas e janelas aparentam estar íntegras.","Baixo, pois nenhum dos indicadores objetivos de risco foi observado nas imagens apresentadas.","Alto, pois a clareza, iluminação e ângulo das imagens permitem observar claramente as ações, e não há ambiguidade relevante nas condutas registradas.",camera_analyzer_prompt_internal_closed,detailed,,False,False,Alto
event_20250403_113409_13e3515e,35,motion_detected/event_20250403_113409_13e3515e/0001_7647_20250307_134155_frame_20250403_113409_000117.jpg,7647,2025-03-07 13:41:55,"Vista externa de rua residencial, identificada como ""frente esquerda"", durante o dia, com iluminação solar forte e sombras de árvores. A câmera 01 está apontada para a via, mostrando carros estacionados de ambos os lados e alguma movimentação de veículos. Não há pedestres visíveis.","- Pessoas: Não foram observadas pessoas nas imagens analisadas.
   - Veículos: Circulação de vários carros, sendo notável a passagem frequente de um veículo branco e amarelo, aparentemente de uma empresa de segurança privada ou vigilância. Em dois momentos, passa uma motocicleta, sem indícios claros de desaceleração, paradas ou interesse específico em propriedades (moto aparece rapidamente em só uma imagem e segue o fluxo). Não há evidências de carros parados por tempo prolongado observando imóveis ou ocupantes aparentando suspeição.
   - Indicadores Objetivos de Risco: 
      - Não há tentativa de forçar/manipular entradas,
      - Não há permanência suspeita,
      - Não há passagem repetida lenta de veículos ou motos observando imóveis,
      - Não há coordenação entre indivíduos,
      - Não há uso incomum de acessórios nem sinais de violência/agressão.","Baixo, pois não foram observados indicadores objetivos de risco nas imagens apresentadas.","Alto, pois a sequência das imagens está clara, aberta e bem iluminada, permitindo boa avaliação do entorno. As ações dos veículos são compatíveis com o fluxo usual da via em horário diurno residencial e não há ambiguidade nas condutas observadas.",camera_analyzer_prompt_external_street,detailed,,False,False,Alto
event_20250403_091909_dcb3fc90,35,motion_detected/event_20250403_091909_dcb3fc90/0001_55407_20250302_230353_frame_20250403_091906_000129.jpg,55407,2025-03-02 23:03:53,"Área externa privada, possivelmente uma varanda/jardim frontal, cercada com grades e portão visível na imagem. As imagens mostram a vista para a rua, com boa iluminação noturna proporcionada por postes públicos e refletores do prédio ao fundo. O local aparenta ser residencial de médio/alto padrão com movimentação urbana normal. Câmeras identificadas como “Câmera 02” (principal) e “Câmera 01” (visão complementar da rua de frente ao portão).","- Pessoas: São observadas diversas pessoas caminhando pela calçada em frente ao portão, algumas em grupos, outras sozinhas. Algumas imagens mostram um ciclista passando pela rua. Há movimentação contínua de veículos e pedestres, típica de ambiente urbano.
  - Indicadores Objetivos de Risco:
    - Nenhuma pessoa é vista tentando acessar, pular, abrir ou interagir com o portão ou muros da residência.
    - Não há tentativas de abrir conexões com o interior da propriedade.
    - Não há observação suspeita ou insistente em direção à casa.
    - Movimentação dos pedestres e do ciclista é fluida, seguindo trajeto de passagem normalmente, sem sinais de desvios fora do padrão.
    - Não há sinais claros de intrusão ou comportamento suspeito na calçada ou na área interna.","**Baixo**  
  Justificativa: O comportamento dos pedestres e ciclistas consiste apenas em trânsito comum pela calçada e pela rua, sem interação suspeita com a propriedade ou presença em áreas/dias/horários incomuns para esse tipo de movimentação em região urbana.","**Alto**  
  Justificativa: As imagens apresentam boa clareza e iluminação, permitindo visualização adequada das ações dos pedestres e dos limites da propriedade. Os ângulos cobrem de forma eficiente a calçada e o portão, sem pontos cegos aparentes. O comportamento observado é típico e objetivo, sem ambiguidade.",camera_analyzer_prompt_internal_to_outside,detailed,,False,False,Alto
event_20250403_110621_6b0b2685,43,motion_detected/event_20250403_110621_6b0b2685/0001_6985_20250307_101724_frame_20250403_110621_000090.jpg,6985,2025-03-07 10:17:24,"Vista externa de rua urbana, aparentemente em área mista (residencial/comercial) pela presença de carros estacionados e calçada larga. A iluminação é diurna, boa visibilidade, sugerindo manhã ou fim de tarde. Imagens identificadas como ""Câmera 02"".",,"Baixo, pois não há nenhum indicador objetivo de risco observado que aponte atividade suspeita ou ameaça direta à segurança na sequência apresentada.","Alto, pois as imagens têm boa clareza e ângulo aberto, permitindo visão ampla do acesso, calçada e parte da rua. O comportamento dos pedestres e veículos é claro e pouco ambíguo, não sugerindo ações suspeitas em nenhum dos registros analisados.",camera_analyzer_prompt_external_street,detailed,,False,False,Alto
event_20250403_092056_211edf58,29,motion_detected/event_20250403_092056_211edf58/0001_55406_20250302_230353_frame_20250403_092056_000081.jpg,55406,2025-03-02 23:03:53,"Vista para área externa privada (provavelmente entrada de residência ou condomínio), dando para a rua. Imagens noturnas, bem iluminadas tanto pela iluminação pública quanto por fontes particulares do prédio em frente. A área monitorada é um portão gradeado, com passagem lateral e algum paisagismo (vegetação à direita). Câmera identificada como ""Câmera 01"".","- Pessoas: Foram observadas várias pessoas transitando pela calçada do lado externo do portão ao longo da sequência, incluindo adultos sozinhos, duplas e uma pessoa acompanhada de um cachorro.  
    - Ações: Todas as pessoas observadas parecem estar caminhando normalmente pela calçada, seguindo em linha reta, sem alteração brusca de comportamento. Algumas passam próximas ao portão, mas nenhuma ação sugere tentativa de interação direta com o portão/janela/muro ou qualquer comportamento suspeito (exemplo: observar atentamente a propriedade, tentar abrir o portão, parar e permanecer na frente).  
    - Indicadores Objetivos de Risco:  
        - Não há pessoas em áreas ou horários claramente incomuns para circulação em espaço público.  
        - Não há tentativa de abrir o portão, muro ou conexões com o interior da propriedade.  
        - Nenhuma aproximação atípica à estrutura da residência que sugira risco imediato.","Baixo, nenhuma ação observada se enquadra nos indicadores claros de risco. As pessoas transitam normalmente pela via pública, sem interação suspeita com a propriedade.","Alto, justificativa:  
    - Imagens com boa clareza e iluminação, permitindo identificar movimentos e posicionamento dos indivíduos.  
    - Ângulo da câmera abrangente e adequado para a área monitorada.
    - Ações observadas são pouco ambíguas (apenas trânsito normal de pedestres), sem sinais de comportamento suspeito.
    - Não há obstáculos visuais significativos.",camera_analyzer_prompt_internal_to_outside,detailed,,False,False,Alto
event_20250408_154827_aa517d3e,3,motion_detected/event_20250408_154827_aa517d3e/0000_hit_20250408_154827_frame.jpg,hit,2025-04-08 15:48:27,"Ambiente interno fechado, possivelmente uma sala de espera (cadeiras enfileiradas, decoração semelhante a hospital ou clínica), ambiente claro com iluminação artificial. Câmera localizada na parte superior, com visão ampla do local. Imagens rotuladas como “Câmera 01”.","- Pessoas: Até cinco pessoas visíveis; três na frente (próximas à câmera) parecem estar interagindo entre si, duas sentadas ao fundo aparentam estar mais afastadas da ação principal.
  - Indicadores Objetivos de Risco:
    - Uma pessoa (vestida de terno escuro) parece puxar ou arrastar outra pessoa pelo chão, enquanto uma terceira acompanha de perto. A postura sugere ação forçada.
    - Não há evidências visíveis de vandalismo, agressão física direta ou armas.  
    - Ninguém está claramente tentando esconder o rosto ou arrombar portas/janelas.
    - Movimento das pessoas é rápido, especialmente entre as três próximas à câmera (ação fora do padrão para uma área de espera).
    - As pessoas sentadas parecem observar, mas não reagem agressivamente.","**Alto**, pois há um claro indício de manipulação/acompanhamento forçado de uma pessoa, possível remoção forçada ou ação suspeita, o que atende ao critério de pelo menos um indicador objetivo de risco.","**Alto**, devido à boa clareza das imagens, ângulo adequado mostrando claramente as ações, e baixa ambiguidade na ação suspeita (arrasto/puxão evidente).",camera_analyzer_prompt_internal_closed,detailed,,True,True,Alto
event_20250410_145304_dc57fbbf,13,motion_detected/event_20250410_145304_dc57fbbf/0000_robbery_20250410_145304_frame.jpg,robbery,2025-04-10 14:53:04,"Vista externa de uma rua residencial durante a noite, com iluminação pública suficiente para boa visibilidade. A câmera está posicionada em um ponto fixo, mostrando imóveis com portões fechados e uma via estreita. Imagens rotuladas com um selo de TV (""Câmera 01"").","- Pessoas: Inicialmente, não há pedestres visíveis, mas nas imagens finais há a presença de um pedestre e, em determinado momento, interação entre a pessoa e ocupantes de uma motocicleta.
  - Veículos: Um carro estacionado do lado direito, logo no início. Posteriormente, uma motocicleta com dois ocupantes aparece, para e interage com o pedestre. Em seguida, o pedestre se afasta rapidamente, aparentando fuga, enquanto a moto parte logo depois.
  - Indicadores Objetivos de Risco (observado):
      - Motocicleta para na via ao lado do pedestre, ação típica de abordagem/assalto.
      - Interação direta entre motociclista(s) e pedestre, seguida de dispersão rápida (conduta geralmente associada a ações criminosas).
      - O pedestre foge correndo enquanto a motocicleta se afasta, o que pode indicar um fato criminoso (possível assalto/roubo).
      - Há indícios de ação coordenada entre indivíduos na motocicleta.","Alto, devido à presença clara de uma ação coordenada entre indivíduos em uma motocicleta e um pedestre, seguida de reação de fuga, caracterizando potencial tentativa de crime/assalto na via pública.","Alto, pois a sequência está clara, o ângulo é adequado e as ações observadas são pouco ambíguas quanto ao risco, evidenciando indicadores clássicos de abordagem criminosa envolvendo motocicleta e pedestre em área residencial durante a noite.",camera_analyzer_prompt_external_street,detailed,,True,True,Alto
event_20250408_154828_d52e4f52,4,motion_detected/event_20250408_154828_d52e4f52/0000_fall_20250408_154828_frame.jpg,fall,2025-04-08 15:48:28,"Vista externa de uma rua urbana à noite, iluminação artificial de postes de luz. Local parece ser uma área comercial ou de passagem, com bancos de praça e postes, próximo a uma calçada ampla. Imagens rotuladas conforme horário (""Câmera 01"").","- Pessoas: Diversos indivíduos presentes. Três delas estão envolvidas em uma ação física próxima ao banco. Uma pessoa é visivelmente derrubada ou agredida durante a sequência. Outras pessoas caminham ao fundo.
   - Veículos: Movimento de um carro na rua ao fundo, sem interação evidente com os pedestres.
   - Indicadores Objetivos de Risco:","**Alto**. Justificativa: Um episódio de violência física/agressão explícita, com possível ação orquestrada entre dois indivíduos contra outro, constitui risco elevado.","**Alto**. Justificativa: Imagens estão claras, o ângulo permite observar a maioria das ações sem ambiguidades, e a agressão é inequívoca.",camera_analyzer_prompt_external_street,detailed,,False,True,Alto
event_20250408_154827_126ad03b,8,motion_detected/event_20250408_154827_126ad03b/0000_hit_20250408_154827_frame.jpg,hit,2025-04-08 15:48:27,"Vista externa de uma rua urbana, aparentemente região comercial, à noite, com iluminação artificial. A câmera está posicionada acima da rua, enquadrando calçadas e parte da via, com vários estabelecimentos abertos e motos estacionadas. Label não identificado explicitamente, mas trata-se de uma câmera de segurança típica.","- Pessoas: Vários indivíduos (grupos de cerca de 5-8 pessoas em cena), visivelmente envolvidos em confronto físico/agressões mútuas. Há briga generalizada, com pessoas sendo empurradas e caindo ao chão. Outros tentam intervir ou recuar.
  - Veículos: Diversas motocicletas estacionadas próximas, sem evidência de movimentação ou interferência direta dos veículos na situação.
  - Indicadores Objetivos de Risco observados:",Alto. Confronto físico e ações violentas entre grupos configuram risco objetivo e imediato para a segurança física dos presentes e potencial escalonamento da situação.,"Alto. As imagens são claras, o ângulo da câmera permite boa visualização de grande parte da via e das ações, e as atividades observadas (agressões físicas) são inequívocas, não deixando dúvidas quanto ao risco relatado.",camera_analyzer_prompt_external_street,detailed,,True,True,Alto
event_20250408_154827_199ade09,3,motion_detected/event_20250408_154827_199ade09/0000_lying_down_20250408_154827_frame.jpg,lying,,"Ambiente interno fechado, com aparência de sala de tribunal (móveis, mesas, e disposição típica de tribunal). Iluminação artificial forte e uniforme. Imagens de ""Câmera 01"".","- Pessoas: Nove pessoas visíveis nas três imagens, incluindo pessoas de terno (possivelmente advogados ou servidores), duas ou mais pessoas de uniforme (aparentando serem policiais ou seguranças), e demais sentados ou em pé ao fundo (testemunhas, público ou envolvidos no processo).
  - Ações: Nas três imagens há dois indivíduos uniformizados envolvidos em luta corporal/no chão junto a outra pessoa, enquanto um homem de terno à direita parece tentar intervir ou auxiliar. As demais pessoas na sala aparentam observar ou se afastar.","Alto, devido à clara ocorrência de contenção física/agressão, movimentação errática e possibilidade de violência, conforme observado nas imagens.","Alto, pois as imagens são nítidas, bem iluminadas, o ângulo captura bem toda a cena principal e as ações observadas são claras quanto à sua natureza (situação de risco evidente sem ambiguidade).",camera_analyzer_prompt_internal_closed,detailed,,False,True,Alto
event_20250408_154827_d86737e3,6,motion_detected/event_20250408_154827_d86737e3/0000_walk_20250408_154827_frame.jpg,walk,2025-04-08 15:48:27,"Vista externa de uma rua, ambiente aparentemente residencial, com muro lateral e vegetação. Horário diurno, boa iluminação natural. Imagens de uma câmera fixa apontada para a rua (""Câmera 01"").","- Pessoas: Há duas pessoas caminhando pelo local, uma de cada lado da rua, sem interação clara entre elas. Nenhuma ação suspeita ou comportamento anormal identificado (não há manipulação de portões ou portas, nem ações coordenadas entre indivíduos).
  - Veículos: Um carro branco passa normalmente pela rua. Nenhum comportamento suspeito (paradas prolongadas, veículos observando a propriedade, etc.), sem motos envolvidas.
  - Indicadores Objetivos de Risco:  
    - Não há tentativa de forçar/manipular entradas,  
    - Não há permanência suspeita ou vadiagem próximo à propriedade,  
    - Não há passagens lentas ou repetidas de veículos,  
    - Não há veículos parados observando,  
    - Não há motocicletas,  
    - Não há uso incomum de capuzes/máscaras/bonés,  
    - Não há ações coordenadas,  
    - Não há agressões, violência ou armas.","Baixo, pois nenhum indicador objetivo de risco foi observado nas imagens.","Alto, considerando a boa clareza e luminosidade das imagens, ângulo adequado da câmera, e ausência de ambiguidades nas ações observadas.",camera_analyzer_prompt_external_street,detailed,,False,False,Alto
event_20250410_145302_b885e6c1,15,motion_detected/event_20250410_145302_b885e6c1/0000_robbery_20250410_145302_frame.jpg,robbery,2025-04-10 14:53:02,"Ambiente interno fechado, semelhante a uma cozinha ou sala de jantar residencial. Iluminação artificial, local aparentemente bem iluminado. Câmera posicionada no alto de um canto, visão ampla da sala, captando uma mesa com pessoas sentadas. Data e hora marcando início da ação às 04:14 da manhã.",,"**Alto**. Observados vários indicadores claros de risco: abordagem agressiva, possível uso de arma, ocultação do rosto, movimentação rápida, retirada de objetos das vítimas e ações intimidatórias.","**Alto**. Imagem clara, ângulo bom, sequência bem definida, ações objetivas e sem ambiguidade quanto à caracterização da ocorrência como roubo/assalto.",camera_analyzer_prompt_internal_closed,detailed,,True,True,Alto
event_20250410_145304_dcaae9e4,8,motion_detected/event_20250410_145304_dcaae9e4/0000_climbing-wall_20250410_145304_frame.jpg,climbing-wall,2025-04-10 14:53:04,"Imagem noturna em preto e branco de uma câmera de segurança externa (possivelmente residencial), direcionada para uma área de piscina, jardim com árvores e muro alto. A iluminação é baixa, típica de câmeras com visão noturna. Local provavelmente residencial. Label visível nas imagens: ""Intelbras"", data/hora: 17/11/2020, entre 04:13:24 e 04:13:47.","- Pessoas: Dois indivíduos são observados pulando o muro para dentro da propriedade. O primeiro já aparece em cima do muro nas primeiras imagens e depois salta para o interior. O segundo indivíduo, identificado depois, repete o movimento logo após o primeiro. Ambos demonstram clara intenção de acessar a área interna da residência/comércio, possivelmente de forma ilegal.
  - Veículos: Nenhum veículo visível nas imagens.
  - Indicadores Objetivos de Risco:
     - Forçar/manipular entradas: Sim, indivíduos pulando o muro para acessar ilegalmente a propriedade.
     - Vadiagem/permanência suspeita: Não há permanência, mas há transposição ativa do muro.
     - Passagens lentas/repetidas de veículos: Não aplicável.
     - Veículos estacionados observando: Não aplicável.
     - Motocicletas observando: Não aplicável.
     - Uso incomum de capuzes/máscaras/bonés: Um dos indivíduos parece usar capuz/boné.
     - Ações coordenadas entre indivíduos: Sim, ambos pulam no mesmo intervalo de tempo, indicativo de ação coordenada.
     - Agressões, violência, armas: Não observadas explicitamente nessas imagens.","Alto, pois há múltiplos indicadores claros de invasão de propriedade, além de ação coordenada entre pessoas que transgridem barreira física do local.","Alto, pois as imagens são claras, o ângulo é adequado, a ação é inequívoca (pessoas pulando o muro) e não há ambiguidade relevante na conduta observada.",camera_analyzer_prompt_external_street,detailed,,True,True,Alto
event_20250408_154828_5a4b81bc,5,motion_detected/event_20250408_154828_5a4b81bc/0000_run_20250408_154828_frame.jpg,run,2025-04-08 15:48:28,"Vista externa da rua com iluminação artificial noturna (possivelmente iluminação pública e luzes de estabelecimentos). O local parece ser comercial ou misto, com calçadas largas e presença de fachadas de lojas/edifícios. Imagens identificadas como ""CAM 1"".","- Pessoas: Um grupo grande de pessoas caminha pela rua, aproximando-se progressivamente da área lateral da imagem. O grupo parece disperso, mas em certo momento vários se concentram perto do veículo preto estacionado. Movimentação acelerada, alguns gesticulando de forma enérgica, indicando possível confusão ou início de confronto.
   - Veículos: Um carro preto está estacionado próximo à calçada, imóvel em todas as imagens, e alguns veículos em circulação ao fundo, nenhum deles aparenta comportamento suspeito individualmente.
   - Indicadores Objetivos de Risco:
      - Não há tentativa evidente de forçar/manipular entradas visível.
      - O grupo de pessoas permanece por tempo e quantidade maior do que habitual, com agitação e ocupando parte da rua ao lado da propriedade.
      - Não há passagem lenta ou repetida de veículos/motocicletas suspeitas.
      - Não há indicadores nítidos de observação dirigida à propriedade (ninguém parado observando especificamente).
      - Não há uso evidente de capuzes/máscaras/bonés incomuns.
      - Movimentação e aproximação coordenada do grupo de pessoas é observada, com possível início de confronto físico/agressão (mãos levantadas, aproximação brusca entre indivíduos).
      - Não é possível visualizar armas, mas há aceno de conflito físico.","Alto, devido à concentração abrupta de pessoas, possível início de confronto/altercação e movimentação suspeita nas proximidades imediateas da propriedade.","Alto, pois as imagens estão com boa iluminação, ângulo adequado (permitem ver bem a rua e calçada), e as ações observadas — aglomeração, gesticulação e possível confronto — são claras e objetivas.",camera_analyzer_prompt_external_street,detailed,,False,True,Alto
event_20250410_145302_7293e8c6,10,motion_detected/event_20250410_145302_7293e8c6/0000_altercation_20250410_145302_frame.jpg,altercation,2025-04-10 14:53:02,"Vista externa de rua residencial, durante o dia, com boa iluminação natural (céu claro). Localização aparentemente tranquila, típica de bairro residencial, com casas e garagens visíveis ao fundo. Imagens rotuladas como ""Câmera 01"".","- Pessoas: Duas pessoas aparecem em interação direta e física no meio da rua. Uma delas parece abordada por outra que desce de uma motocicleta parada logo atrás. A sequência mostra confronto físico (luta/agressão).
    - Veículos: Uma motocicleta parada próxima à interação, aparentemente utilizada por pelo menos um dos envolvidos.
    - Indicadores Objetivos de Risco Observados:
        - Agressão física e confronto direto.
        - Motocicleta parada com envolvimento dos suspeitos.
        - Ação coordenada entre indivíduos (abordagem seguida de confronto físico).
        - Uso de capacete (possível intenção de ocultação de identidade).","Alto, devido à clara agressão física, motocicleta parada utilizada como apoio, ação coordenada, e possível tentativa de roubo/assalto ou outro crime.","Alto, justificativa: As imagens têm boa clareza, o ângulo permite observar quase toda a ação, e as ações dos indivíduos são objetivamente suspeitas e pouco ambíguas (confronto físico explícito).",camera_analyzer_prompt_external_street,detailed,,True,True,Alto
event_20250403_091821_49781bba,46,motion_detected/event_20250403_091821_49781bba/0001_55407_20250302_230353_frame_20250403_091814_000079.jpg,55407,2025-03-02 23:03:53,"O ambiente monitorado é uma área externa privada, provavelmente um quintal ou jardim frontal, delimitado por grades e portão com vista parcial para a rua. A câmera, identificada como ""Câmera 02"", registra imagens noturnas (por volta das 23h05), com boa iluminação provida por postes e refletores urbanos, permitindo visão clara tanto da calçada quanto da via pública adjacente.",,"**Baixo**, pois nenhum dos indicadores objetivos de risco foi observado nas imagens. Todas as atividades ocorrem no espaço público, de maneira compatível com o uso normal da via.","**Alto**, pois:
  - As imagens apresentam boa nitidez e iluminação.
  - O ângulo da câmera é amplo, mostrando claramente a delimitação entre a área privada e pública, facilitando a identificação de potenciais riscos.
  - As ações das pessoas são inequívocas e não ambíguas.
  - Não há fatores que gerem dúvida sobre o comportamento observado.",camera_analyzer_prompt_internal_to_outside,detailed,,False,False,Alto
event_20250402_142436_bcc6c37c,33,motion_detected/event_20250402_142436_bcc6c37c/0001_6884_20250219_153816_frame_20250402_142436_000046.jpg,6884,2025-02-19 15:38:16,"Vista externa de uma rua residencial durante o dia, com iluminação solar forte e céu limpo. O local é calmo, típico de bairro residencial, com casas, árvores e veículos estacionados. Câmera rotulada como ""Câmera 02"".","- Pessoas: Duas pessoas são vistas se aproximando de um veículo branco (aparente proprietário e possível acompanhante), entram normalmente, não apresentam comportamento suspeito.
   - Veículos: Veículo branco estaciona na rua, pessoas entram, o carro permanece parado por alguns instantes com a porta aberta e depois parte. Outros veículos e uma bicicleta passam na rua em diferentes momentos, sem comportamento irregular ou suspeito.
   - Indicadores Objetivos de Risco (Relatar se observado): 
      - Forçar/manipular entradas (portões, portas): Não observado.
      - Vadiagem/permanência suspeita perto da propriedade: Não observado.
      - Passagens lentas e repetidas de veículos (especialmente motocicletas): Não observado.
      - Veículos estacionados ocupados observando a propriedade: Não observado, o veículo branco ficou estacionado apenas o tempo necessário para embarque dos ocupantes.
      - Motocicletas (especialmente com passageiro) paradas/observando/desacelerando perto da propriedade: Não observado.
      - Uso incomum de capuzes/máscaras/bonés: Não observado.
      - Ações coordenadas entre indivíduos: Não observado.
      - Agressões, violência, armas sendo usadas: Não observado.","Baixo, não há nenhum indicador objetivo de risco observado nas imagens analisadas. A movimentação das pessoas e do veículo é típica de atividades corriqueiras em área residencial.","Alto, as imagens estão claras, bem iluminadas e o ângulo permite boa visualização das ações e participantes, sem ambiguidade relevante nas ações observadas.",camera_analyzer_prompt_external_street,detailed,,False,False,Alto
event_20250410_145303_53a482af,9,motion_detected/event_20250410_145303_53a482af/0000_robbery_20250410_145303_frame.jpg,robbery,2025-04-10 14:53:03,"Vista externa de rua residencial à noite, conforme indicado pela iluminação artificial das lâmpadas de rua e o horário no canto superior esquerdo (por volta de 19h13min). A imagem é proveniente de uma câmera fixa (""Câmera 01""), que mostra a calçada, portões de garagens e parte da via.","- Pessoas: Uma pessoa aparece saindo do portão e, em seguida, se vê outra se aproximando rapidamente em direção ao portão. Essa pessoa (de camiseta listrada) corre na direção do portão e a ação ocorre de forma súbita. Em seguida, ambos correm para longe, um voltando para dentro do imóvel, outro em direção à rua.
  - Veículos: Um carro escuro está parado em frente à residência, com o motor possivelmente ligado, visto que não muda de local durante a sequência. O carro tem ocupantes e a porta do passageiro se abre durante a sequência, sugerindo ação rápida e coordenada.
  - Indicadores Objetivos de Risco:
    - Permanência suspeita perto da propriedade: Carro parado de forma estratégica em frente ao portão.
    - Ações coordenadas entre indivíduos: Uma pessoa sai do carro (ou estava próximo e usa o carro como apoio), aborda outra pessoa próxima ao portão, ambos rapidamente fogem logo após a abordagem suspeita.
    - Possível tentativa de abordagem ou assalto, considerando a postura das pessoas e a abertura súbita da porta do veículo.","Alto, devido à presença de pelo menos dois indicadores claros de risco – permanência suspeita do veículo em frente à residência e ação coordenada e súbita entre indivíduos envolvendo abordagem agressiva ou potencial tentativa de assalto.","Alto, pois a cena está bem iluminada, a qualidade das imagens permite ver claramente as ações e rotações dos indivíduos, e o ângulo da câmera cobre toda a ação com pouca ambiguidade.",camera_analyzer_prompt_external_street,detailed,,True,True,Alto
event_20250402_134858_0c08b61e,6,motion_detected/event_20250402_134858_0c08b61e/0001_6887_20250219_153904_frame_20250402_134858_000010.jpg,6887,2025-02-19 15:39:04,"As imagens são de uma câmera interna/semiaberta (Camera 05) com vista para a entrada de um edifício ou área de circulação interna próxima à entrada de veículos (provavelmente garagem ou portão de acesso). A iluminação é boa, ambiente bem iluminado por luz natural indireta e/ou luzes artificiais. Não há visão direta de um quintal, jardim ou área totalmente externa, mas sim de uma área de transição para o exterior (entrada de garagem e hall interno).","- Pessoas: Não há pessoas visíveis nas imagens fornecidas.
  - Indicadores Objetivos de Risco:
    - Não há presença de pessoas em horários/locais incomuns.
    - Não há aproximação/interação com portas, janelas, muros ou portões.
    - Não há tentativas de abrir portas ou conexões com o exterior.
    - Não há ninguém observando atentamente a propriedade.
    - Não há movimento inesperado por passagens/áreas dos fundos.
    - Não há sinais claros de intrusão (ninguém pulando cerca/muro).","Baixo, pois nenhum indicador de risco de segurança foi observado no período analisado.","Alto, pois as imagens estão claras, o ambiente está bem iluminado e o ângulo da câmera permite boa visualização da área monitorada, sem ambiguidade nas ações observadas (ou na ausência destas).",camera_analyzer_prompt_internal_to_outside,detailed,,False,False,Alto
event_20250410_145303_f653ab78,5,motion_detected/event_20250410_145303_f653ab78/0000_robbery_20250410_145303_frame.jpg,robbery,2025-04-10 14:53:03,"Vista externa de uma rua residencial, câmera posicionada na frente de uma casa, captando a entrada da garagem/de acesso ao imóvel. Iluminação diurna, tempo aberto e claro, boa visibilidade. Imagens rotuladas como ""Câmera 01"".","- Pessoas: Duas pessoas são vistas na sequência. Uma delas se afasta rapidamente pela calçada/jardim (trajetória acelerada, sugere evasão). A outra está logo atrás, acompanhando a primeira. Ambas parecem estar em movimento rápido na direção oposta ao imóvel.
  - Veículos: Há uma caminhonete preta estacionada na entrada da garagem, sem sinais de movimento. Nenhum outro veículo destacado nas imediações da propriedade.
  - Indicadores Objetivos de Risco:
    - Não há sinais claros de manipulação/forçamento de portão ou porta nestas imagens.
    - A movimentação acelerada e coordenada de dois indivíduos, um aparentemente perseguindo o outro, pode sugerir uma situação de fuga ou possível conflito.
    - Não foi observado uso incomum de capuzes, máscaras ou bonés.
    - As ações indicam possível interação de risco (perseguição, evasão), mas sem indícios de violência manifesta ou uso de armas nas imagens apresentadas.","Alto, observada movimentação suspeita e possivelmente coordenada entre indivíduos, com um deles aparentemente fugindo do outro, o que pode indicar risco para a propriedade ou integridade física de pessoas envolvidas.","Alto, imagens têm boa clareza e iluminação, ângulo adequado para avaliação do contexto e ações; as atitudes dos indivíduos são pouco ambíguas (movimento acelerado, evasivo e coordenado).",camera_analyzer_prompt_external_street,detailed,,True,True,Alto
event_20250403_103142_fb391f55,9,motion_detected/event_20250403_103142_fb391f55/0001_17205_20250307_002852_frame_20250403_103142_000133.jpg,17205,2025-03-07 00:28:52,"Vista externa noturna, aparentando um pátio ou área de fundos de uma propriedade, possivelmente indústria ou depósito, devido ao material e volume armazenado. Iluminação noturna artificial, visibilidade relativamente boa para o ambiente. Câmera identificada como ""L.D.Fundos"".","- Pessoas: Presença de indivíduos em diferentes pontos das imagens, tanto ao fundo quanto mais próximos da câmera, transitando pelo local e aparentando manipular ou examinar objetos.
   - Veículos: Não há veículos ou motocicletas visíveis nas imagens.
   - Indicadores Objetivos de Risco:
      - Não há evidência clara de forçar/manipular entradas.
      - Não foi observado comportamento explícito de vadiagem ou permanência suspeita imediatamente ao lado da propriedade.
      - Não há motocicletas ou veículos parados/observando/desacelerando próximos.
      - Não há uso evidente de capuzes/máscaras/bonés incomuns para o horário/local.
      - Não há sinais de ações coordenadas suspeitas (apenas movimentação e proximidade entre pessoas).
      - Não há sinais claros de agressão, violência ou presença de armas.
      - Pessoas parecem estar transitando e manuseando objetos, ação que pode ser compatível tanto com atividade normal quanto com risco dependendo do contexto (porém, nas imagens apresentadas, nenhuma ação nitidamente suspeita/criminosa é observada).","Baixo, pois não há indicadores objetivos/suspeitos claros como tentativas de arrombamento, furtos, vadiagem prolongada, uso de capuz/máscara/boné incomum, ações coordenadas suspeitas nem violência evidente.","Alto, pois as imagens têm boa clareza, a iluminação é suficiente para identificar movimentação e ações gerais dos indivíduos, e o ângulo da câmera permite uma boa cobertura da área monitorada, sem ambiguidade significativa nas ações observadas.",camera_analyzer_prompt_external_street,detailed,,False,False,Alto
event_20250408_154826_c294253d,2,motion_detected/event_20250408_154826_c294253d/0000_kick_20250408_154826_frame.jpg,kick,2025-04-08 15:48:26,"Vista de uma área externa privada (entrada/garagem) durante o dia (15:34, iluminação natural boa). A área monitorada inclui parte da garagem, entrada da casa e um veículo estacionado. Câmera rotulada como ""Front Door"".","- Pessoas: Um indivíduo com capuz e máscara (aparência disfarçada) está presente próximo à porta de entrada da casa. Nas imagens analisadas, a pessoa aparenta estar em ação dinâmica e direcionada à porta (possivelmente tentando arrombá-la).
  - Indicadores Objetivos de Risco:
    - Pessoa presente em horário potencialmente incomum, usando máscara/capuz, conduta suspeita.
    - Aproximação e possível tentativa de acessar forçadamente uma entrada principal.
    - Postura corporal sugere movimento agressivo/rápido, compatível com tentativa de invasão.
    - Não há outros indivíduos visíveis na área externa além deste.","Alto, devido à presença de pessoa mascarada tentando interagir/fazer força contra o acesso da residência (porta de entrada), comportamento típico de tentativa de invasão/intrusão.","Alto, as imagens são claras, com boa iluminação e ângulo favorável para observar as ações suspeitas de forma objetiva e sem ambiguidade.",camera_analyzer_prompt_internal_to_outside,detailed,,True,True,Alto
event_20250403_101111_73ee91ec,6,motion_detected/event_20250403_101111_73ee91ec/0001_17201_20250307_002851_frame_20250403_101111_000004.jpg,17201,2025-03-07 00:28:51,"Imagens externas captadas à noite (21:14), com iluminação artificial próxima à calçada e portão. A câmera está voltada para a frente de uma propriedade cercada por grades/arame, provavelmente área residencial ou mista. Label das imagens: ""Frente, L, E"".","- Pessoas: Não há pessoas visíveis nas imagens.
  - Veículos: Não há veículos visíveis.
  - Indicadores Objetivos de Risco: 
    - Não há sinais de manipulação de portas/portões.
    - Não há pessoas paradas ou próximas à propriedade.
    - Não há passagem ou permanência de veículos, incluindo motocicletas.
    - Não há uso visível de capuzes/máscaras/bonés.
    - Não há interações entre indivíduos.
    - Não há indícios de agressões ou violência.
    - Um volume escuro próximo ao portão (aparenta ser lixo ou objeto inanimado) permanece imóvel nas imagens.","Baixo, não foi observado nenhum dos indicadores objetivos de risco nas imagens.","Alto, as imagens estão relativamente claras, o ângulo permite boa visualização da área de interesse, e não há ambiguidade nas ações (ou ausência delas).",camera_analyzer_prompt_external_street,detailed,,False,False,Alto
event_20250403_110251_48dc17db,10,motion_detected/event_20250403_110251_48dc17db/0001_6984_20250307_101724_frame_20250403_110250_000039.jpg,6984,2025-03-07 10:17:24,"Vista externa de uma rua urbana, aparentemente região de acesso a edifício, com pavimentação para estacionamento e cruzamento visível ao fundo. Iluminação diurna (manhã), boa visibilidade. O local parece ser misto residencial/comercial devido à presença de vaga e porteiro/vigia, identificado pela presença de pessoa sentada sob guarda-sol. Imagens rotuladas como ""Câmera 01"".",,"Baixo, não foi observado nenhum indicador objetivo de risco no trecho analisado.","Alto, as imagens estão claras, com boa iluminação, campo de visão satisfatório e ações observadas são descritíveis e sem ambiguidade.",camera_analyzer_prompt_external_street,detailed,,False,False,Alto
event_20250403_114910_ef2d8eb6,7,motion_detected/event_20250403_114910_ef2d8eb6/0001_7640_20250307_134155_frame_20250403_114910_000075.jpg,7640,2025-03-07 13:41:55,"Vista externa de uma rua lateral/ruela, com iluminação diurna intensa (sol forte, muitos brilhos e sombras). O local parece residencial, com algumas construções próximas, vegetação e material de construção visível (tubos/plásticos vermelhos). Câmera identificada como ""RAMPA"".","- Pessoas: Não há pessoas visíveis em nenhuma das imagens fornecidas.
  - Veículos: Não há veículos (carros ou motocicletas) visíveis nas imagens.
  - Indicadores Objetivos de Risco:  
      - Não há manipulação de entradas, vadiagem, passagens lentas/repetidas de veículos, motocicletas ou ocupantes parados, uso incomum de vestimentas ou ações coordenadas entre indivíduos, agressão ou sinal de violência.","Baixo, nenhuma ação ou presença suspeita observada nas imagens desta sequência.","Alto, as imagens possuem boa clareza, iluminação adequada e abrangem o campo visual relevante, permitindo uma avaliação precisa da ausência de riscos visíveis.",camera_analyzer_prompt_external_street,detailed,,False,False,Alto
event_20250403_103035_5012da09,9,motion_detected/event_20250403_103035_5012da09/0001_17205_20250307_002852_frame_20250403_103034_000066.jpg,17205,2025-03-07 00:28:52,"Área externa noturna, aparentemente de um pátio ou terreno de armazenagem (possível área industrial ou comercial), iluminada por holofotes. Imagens capturadas às 21h16min em sequência temporal, câmera rotulada como ""L.D.Fundos"".","- Pessoas: Há uma pessoa visível transitando pelo local em diversos frames (principalmente à direita, próximo ao limite da imagem). O indivíduo parece deslocar-se, mas não há ações claramente suspeitas ou de manipulação de entradas observadas nestas imagens.
   - Veículos: Não há veículos visíveis nas imagens.
   - Indicadores Objetivos de Risco:
      - Não se observa forçamento/manipulação de entradas.
      - Não há vadiagem ou permanência suspeita evidente.  
      - Não há passagens lentas ou repetidas de veículos nem motos.
      - Não há veículos estacionados observando a propriedade.
      - Não há indícios de uso incomum de capuzes/máscaras/bonés (condição difícil de detalhar pela baixa qualidade).
      - Não há ações coordenadas entre indivíduos.
      - Não há agressões, violência ou uso de armas.","Baixo, nenhuma conduta claramente suspeita ou indicadores objetivos de risco foram observados nas sequências apresentadas.","Médio, a visibilidade geral e iluminação são razoáveis, porém a qualidade da imagem e o posicionamento podem dificultar a identificação de detalhes mais sutis de comportamento suspeito, especialmente em áreas mais afastadas do foco de luz.",camera_analyzer_prompt_external_street,detailed,,False,False,Médio
event_20250403_115717_1c794723,8,motion_detected/event_20250403_115717_1c794723/0001_7639_20250307_134155_frame_20250403_115717_000090.jpg,7639,2025-03-07 13:41:55,"Vista externa de uma rua residencial, identificada como ""frente direita"" (provavelmente de uma residência ou pequeno comércio). As imagens mostram boa iluminação diurna, com sol forte, permitindo observar claramente os elementos da rua. Local tranquilo, sem grande fluxo de veículos ou pedestres.","- Pessoas: Não foram identificadas pessoas caminhando pela calçada ou aglomeradas nas imediações.
   - Veículos: Dois carros brancos aparecem em toda a sequência: um estacionado na calçada à direita (fixo) e outro circulando pela rua. Em alguns frames, um veículo com plotagens coloridas (aparentando ser um carro de serviço ou viatura) passa lentamente pela via, mas não para nem demonstra comportamento suspeito, apenas tráfego normal.
   - Indicadores Objetivos de Risco:
      - Não há tentativa de forçar/manipular entradas.
      - Não foram observadas pessoas paradas/vadiando próximo à propriedade.
      - Não há passagens lentas e repetidas do mesmo veículo; o veículo circula normalmente pela via.
      - Não há veículos parados com ocupantes observando a propriedade.
      - Não foram identificadas motocicletas.
      - Não foi identificado uso incomum de capuzes/máscaras/bonés.
      - Não há ações coordenadas entre indivíduos.
      - Nenhum sinal de agressão, violência ou uso de armas.","Baixo. Justificativa: Não foi observado nenhum dos indicadores objetivos de risco em toda a sequência. O movimento foi exclusivamente veicular, compatível com trânsito usual, sem atitudes ou situações dúbias ou suspeitas.","Alto. Justificativa: Imagens estão claras, bem iluminadas, com todos os ângulos relevantes da rua e da calçada visíveis. Não há ambiguidade nas ações observadas; o cenário se mantém controlado durante toda a sequência.",camera_analyzer_prompt_external_street,detailed,,False,False,Alto
event_20250403_111707_745eb95c,6,motion_detected/event_20250403_111707_745eb95c/0001_6990_20250307_101724_frame_20250403_111707_000098.jpg,6990,2025-03-07 10:17:24,"Ambiente interno fechado, provavelmente um escritório/sala de atendimento com móveis e plantas. Iluminação artificial clara, imagens captadas por ""Câmera 87"". Horário indicado: manhã (por volta de 07:29).","- Pessoas: Uma pessoa está presente e está parada/próxima ao balcão à direita das imagens. Aparentemente utilizando materiais/equipamentos do local (possivelmente computador ou outros itens da recepção).  
   - Não foram observados:  
      - Tentativas de forçar/manipular portas/gavetas/armários.
      - Manuseio suspeito de objetos ou equipamentos.
      - Movimentos rápidos ou erráticos.
      - Tentativas de ocultação ou remoção rápida de itens, vandalismo ou agressão.
      - Nenhum comportamento de esconder o rosto da câmera.
      - Nenhum sinal aparente de arrombamento ou violência.","Baixo, pois não há quaisquer indicadores objetivos de risco observados no período analisado; o comportamento da pessoa é compatível com rotinas normais de trabalho.","Alto, pois as imagens apresentam boa clareza, iluminação adequada, ângulo suficiente para observar as principais áreas do ambiente e as ações são pouco ambíguas.",camera_analyzer_prompt_internal_closed,detailed,,False,False,Alto
event_20250403_115036_e936a192,10,motion_detected/event_20250403_115036_e936a192/0001_16312_20250307_134155_frame_20250403_115036_000004.jpg,16312,2025-03-07 13:41:55,"Ambiente interno fechado. Escritório bem iluminado (provavelmente luz natural e artificial), com várias mesas, computadores, plantas e armários ao fundo. As imagens são provenientes da ""Câmera 01"", visível no canto inferior esquerdo como ""Escritorio"".","- Presença de uma pessoa circulando pelo escritório de maneira calma e aparentemente realizando tarefas rotineiras, como caminhar entre estações de trabalho e manusear objetos em cima das mesas.
  - Não há qualquer ação que sugira manipulação forçada de portas, gavetas ou armários.
  - Não foi observado manuseio suspeito de objetos, nem retirada ou ocultação de itens.
  - Não há sinais de vandalismo, agressão, violência ou intenção de esconder o rosto da câmera.
  - Portas e janelas aparentam estar em condições normais, sem sinais de arrombamento.
  - A movimentação da pessoa é compatível com alguém que trabalha ou realiza rotinas de escritório.","Baixo, pois não há nenhum indicador objetivo de risco de segurança observado nas imagens.","Alto, pois as imagens são claras, o ângulo de visão é adequado e as ações apresentadas não são ambíguas, permitindo análise visual eficiente de toda a área monitorada.",camera_analyzer_prompt_internal_closed,detailed,,False,False,Alto
